[0.000000] (-) TimerEvent: {}
[0.000384] (shape_interface) JobQueued: {'identifier': 'shape_interface', 'dependencies': OrderedDict()}
[0.000770] (task_1b) JobQueued: {'identifier': 'task_1b', 'dependencies': OrderedDict()}
[0.001112] (task_1a) JobQueued: {'identifier': 'task_1a', 'dependencies': OrderedDict([('shape_interface', '/home/p1kachu/eYRC_26-27_Hola-The-Explorer/Software/workspace/install/shape_interface')])}
[0.001725] (task_1c) JobQueued: {'identifier': 'task_1c', 'dependencies': OrderedDict([('shape_interface', '/home/p1kachu/eYRC_26-27_Hola-The-Explorer/Software/workspace/install/shape_interface')])}
[0.001772] (hb_description) JobQueued: {'identifier': 'hb_description', 'dependencies': OrderedDict([('shape_interface', '/home/p1kachu/eYRC_26-27_Hola-The-Explorer/Software/workspace/install/shape_interface'), ('task_1a', '/home/p1kachu/eYRC_26-27_Hola-The-Explorer/Software/workspace/install/task_1a')])}
[0.001801] (shape_interface) JobStarted: {'identifier': 'shape_interface'}
[0.008641] (task_1b) JobStarted: {'identifier': 'task_1b'}
[0.012615] (shape_interface) JobProgress: {'identifier': 'shape_interface', 'progress': 'cmake'}
[0.013077] (shape_interface) Command: {'cmd': ['/usr/bin/cmake', '/home/p1kachu/eYRC_26-27_Hola-The-Explorer/Software/workspace/src/shape_interface', '-DCMAKE_INSTALL_PREFIX=/home/p1kachu/eYRC_26-27_Hola-The-Explorer/Software/workspace/install/shape_interface'], 'cwd': '/home/p1kachu/eYRC_26-27_Hola-The-Explorer/Software/workspace/build/shape_interface', 'env': OrderedDict([('LESSOPEN', '| /usr/bin/lesspipe %s'), ('LANGUAGE', 'en_IN:en'), ('USER', 'p1kachu'), ('XDG_SESSION_TYPE', 'x11'), ('SHLVL', '1'), ('LD_LIBRARY_PATH', '/opt/ros/humble/opt/rviz_ogre_vendor/lib:/opt/ros/humble/lib/x86_64-linux-gnu:/opt/ros/humble/lib'), ('HOME', '/home/p1kachu'), ('OLDPWD', '/home/p1kachu/eYRC_26-27_Hola-The-Explorer'), ('DESKTOP_SESSION', 'ubuntu'), ('ROS_PYTHON_VERSION', '3'), ('GNOME_SHELL_SESSION_MODE', 'ubuntu'), ('GTK_MODULES', 'gail:atk-bridge'), ('MANAGERPID', '2018'), ('SYSTEMD_EXEC_PID', '2558'), ('DBUS_SESSION_BUS_ADDRESS', 'unix:path=/run/user/1000/bus'), ('COLORTERM', 'truecolor'), ('TERMINATOR_DBUS_NAME', 'net.tenshu.Terminator23558193cd9818af7fe4d2c2f5bd9d00f'), ('GIO_LAUNCHED_DESKTOP_FILE_PID', '10583'), ('IM_CONFIG_PHASE', '1'), ('ROS_DISTRO', 'humble'), ('GTK_IM_MODULE', 'ibus'), ('LOGNAME', 'p1kachu'), ('JOURNAL_STREAM', '8:26786'), ('_', '/usr/bin/colcon'), ('ROS_VERSION', '2'), ('XDG_SESSION_CLASS', 'user'), ('USERNAME', 'p1kachu'), ('TERM', 'xterm-256color'), ('GNOME_DESKTOP_SESSION_ID', 'this-is-deprecated'), ('ROS_LOCALHOST_ONLY', '0'), ('WINDOWPATH', '2'), ('PATH', '/opt/ros/humble/bin:/home/p1kachu/.local/bin:/usr/local/sbin:/usr/local/bin:/usr/sbin:/usr/bin:/sbin:/bin:/usr/games:/usr/local/games:/snap/bin:/snap/bin'), ('SESSION_MANAGER', 'local/virus:@/tmp/.ICE-unix/2345,unix/virus:/tmp/.ICE-unix/2345'), ('INVOCATION_ID', '0568aa4d7ded4c51939fbdc4c2995f42'), ('XDG_MENU_PREFIX', 'gnome-'), ('XDG_RUNTIME_DIR', '/run/user/1000'), ('DISPLAY', ':1'), ('TERMINATOR_DBUS_PATH', '/net/tenshu/Terminator2'), ('LANG', 'en_US.UTF-8'), ('XDG_CURRENT_DESKTOP', 'ubuntu:GNOME'), ('IBUS_DISABLE_SNOOPER', '1'), ('XMODIFIERS', '@im=ibus'), ('XDG_SESSION_DESKTOP', 'ubuntu'), ('XAUTHORITY', '/run/user/1000/gdm/Xauthority'), ('LS_COLORS', 'rs=0:di=01;34:ln=01;36:mh=00:pi=40;33:so=01;35:do=01;35:bd=40;33;01:cd=40;33;01:or=40;31;01:mi=00:su=37;41:sg=30;43:ca=30;41:tw=30;42:ow=34;42:st=37;44:ex=01;32:*.tar=01;31:*.tgz=01;31:*.arc=01;31:*.arj=01;31:*.taz=01;31:*.lha=01;31:*.lz4=01;31:*.lzh=01;31:*.lzma=01;31:*.tlz=01;31:*.txz=01;31:*.tzo=01;31:*.t7z=01;31:*.zip=01;31:*.z=01;31:*.dz=01;31:*.gz=01;31:*.lrz=01;31:*.lz=01;31:*.lzo=01;31:*.xz=01;31:*.zst=01;31:*.tzst=01;31:*.bz2=01;31:*.bz=01;31:*.tbz=01;31:*.tbz2=01;31:*.tz=01;31:*.deb=01;31:*.rpm=01;31:*.jar=01;31:*.war=01;31:*.ear=01;31:*.sar=01;31:*.rar=01;31:*.alz=01;31:*.ace=01;31:*.zoo=01;31:*.cpio=01;31:*.7z=01;31:*.rz=01;31:*.cab=01;31:*.wim=01;31:*.swm=01;31:*.dwm=01;31:*.esd=01;31:*.jpg=01;35:*.jpeg=01;35:*.mjpg=01;35:*.mjpeg=01;35:*.gif=01;35:*.bmp=01;35:*.pbm=01;35:*.pgm=01;35:*.ppm=01;35:*.tga=01;35:*.xbm=01;35:*.xpm=01;35:*.tif=01;35:*.tiff=01;35:*.png=01;35:*.svg=01;35:*.svgz=01;35:*.mng=01;35:*.pcx=01;35:*.mov=01;35:*.mpg=01;35:*.mpeg=01;35:*.m2v=01;35:*.mkv=01;35:*.webm=01;35:*.webp=01;35:*.ogm=01;35:*.mp4=01;35:*.m4v=01;35:*.mp4v=01;35:*.vob=01;35:*.qt=01;35:*.nuv=01;35:*.wmv=01;35:*.asf=01;35:*.rm=01;35:*.rmvb=01;35:*.flc=01;35:*.avi=01;35:*.fli=01;35:*.flv=01;35:*.gl=01;35:*.dl=01;35:*.xcf=01;35:*.xwd=01;35:*.yuv=01;35:*.cgm=01;35:*.emf=01;35:*.ogv=01;35:*.ogx=01;35:*.aac=00;36:*.au=00;36:*.flac=00;36:*.m4a=00;36:*.mid=00;36:*.midi=00;36:*.mka=00;36:*.mp3=00;36:*.mpc=00;36:*.ogg=00;36:*.ra=00;36:*.wav=00;36:*.oga=00;36:*.opus=00;36:*.spx=00;36:*.xspf=00;36:'), ('SSH_AGENT_LAUNCHER', 'gnome-keyring'), ('SSH_AUTH_SOCK', '/run/user/1000/keyring/ssh'), ('AMENT_PREFIX_PATH', '/opt/ros/humble'), ('SHELL', '/bin/bash'), ('TERMINATOR_UUID', 'urn:uuid:87b0609a-2b25-4357-adea-c227373e5774'), ('QT_ACCESSIBILITY', '1'), ('GDMSESSION', 'ubuntu'), ('LESSCLOSE', '/usr/bin/lesspipe %s %s'), ('GPG_AGENT_INFO', '/run/user/1000/gnupg/S.gpg-agent:0:1'), ('QT_IM_MODULE', 'ibus'), ('PWD', '/home/p1kachu/eYRC_26-27_Hola-The-Explorer/Software/workspace/build/shape_interface'), ('LC_ALL', 'en_US.UTF-8'), ('XDG_CONFIG_DIRS', '/etc/xdg/xdg-ubuntu:/etc/xdg'), ('XDG_DATA_DIRS', '/usr/share/ubuntu:/usr/share/gnome:/usr/local/share/:/usr/share/:/var/lib/snapd/desktop'), ('PYTHONPATH', '/opt/ros/humble/lib/python3.10/site-packages:/opt/ros/humble/local/lib/python3.10/dist-packages'), ('COLCON', '1'), ('VTE_VERSION', '6800'), ('CMAKE_PREFIX_PATH', '/opt/ros/humble')]), 'shell': False}
[0.017440] (task_1b) JobProgress: {'identifier': 'task_1b', 'progress': 'cmake'}
[0.019580] (task_1b) Command: {'cmd': ['/usr/bin/cmake', '/home/p1kachu/eYRC_26-27_Hola-The-Explorer/Software/workspace/src/task_1b', '-DCMAKE_INSTALL_PREFIX=/home/p1kachu/eYRC_26-27_Hola-The-Explorer/Software/workspace/install/task_1b'], 'cwd': '/home/p1kachu/eYRC_26-27_Hola-The-Explorer/Software/workspace/build/task_1b', 'env': OrderedDict([('LESSOPEN', '| /usr/bin/lesspipe %s'), ('LANGUAGE', 'en_IN:en'), ('USER', 'p1kachu'), ('XDG_SESSION_TYPE', 'x11'), ('SHLVL', '1'), ('LD_LIBRARY_PATH', '/opt/ros/humble/opt/rviz_ogre_vendor/lib:/opt/ros/humble/lib/x86_64-linux-gnu:/opt/ros/humble/lib'), ('HOME', '/home/p1kachu'), ('OLDPWD', '/home/p1kachu/eYRC_26-27_Hola-The-Explorer'), ('DESKTOP_SESSION', 'ubuntu'), ('ROS_PYTHON_VERSION', '3'), ('GNOME_SHELL_SESSION_MODE', 'ubuntu'), ('GTK_MODULES', 'gail:atk-bridge'), ('MANAGERPID', '2018'), ('SYSTEMD_EXEC_PID', '2558'), ('DBUS_SESSION_BUS_ADDRESS', 'unix:path=/run/user/1000/bus'), ('COLORTERM', 'truecolor'), ('TERMINATOR_DBUS_NAME', 'net.tenshu.Terminator23558193cd9818af7fe4d2c2f5bd9d00f'), ('GIO_LAUNCHED_DESKTOP_FILE_PID', '10583'), ('IM_CONFIG_PHASE', '1'), ('ROS_DISTRO', 'humble'), ('GTK_IM_MODULE', 'ibus'), ('LOGNAME', 'p1kachu'), ('JOURNAL_STREAM', '8:26786'), ('_', '/usr/bin/colcon'), ('ROS_VERSION', '2'), ('XDG_SESSION_CLASS', 'user'), ('USERNAME', 'p1kachu'), ('TERM', 'xterm-256color'), ('GNOME_DESKTOP_SESSION_ID', 'this-is-deprecated'), ('ROS_LOCALHOST_ONLY', '0'), ('WINDOWPATH', '2'), ('PATH', '/opt/ros/humble/bin:/home/p1kachu/.local/bin:/usr/local/sbin:/usr/local/bin:/usr/sbin:/usr/bin:/sbin:/bin:/usr/games:/usr/local/games:/snap/bin:/snap/bin'), ('SESSION_MANAGER', 'local/virus:@/tmp/.ICE-unix/2345,unix/virus:/tmp/.ICE-unix/2345'), ('INVOCATION_ID', '0568aa4d7ded4c51939fbdc4c2995f42'), ('XDG_MENU_PREFIX', 'gnome-'), ('XDG_RUNTIME_DIR', '/run/user/1000'), ('DISPLAY', ':1'), ('TERMINATOR_DBUS_PATH', '/net/tenshu/Terminator2'), ('LANG', 'en_US.UTF-8'), ('XDG_CURRENT_DESKTOP', 'ubuntu:GNOME'), ('IBUS_DISABLE_SNOOPER', '1'), ('XMODIFIERS', '@im=ibus'), ('XDG_SESSION_DESKTOP', 'ubuntu'), ('XAUTHORITY', '/run/user/1000/gdm/Xauthority'), ('LS_COLORS', 'rs=0:di=01;34:ln=01;36:mh=00:pi=40;33:so=01;35:do=01;35:bd=40;33;01:cd=40;33;01:or=40;31;01:mi=00:su=37;41:sg=30;43:ca=30;41:tw=30;42:ow=34;42:st=37;44:ex=01;32:*.tar=01;31:*.tgz=01;31:*.arc=01;31:*.arj=01;31:*.taz=01;31:*.lha=01;31:*.lz4=01;31:*.lzh=01;31:*.lzma=01;31:*.tlz=01;31:*.txz=01;31:*.tzo=01;31:*.t7z=01;31:*.zip=01;31:*.z=01;31:*.dz=01;31:*.gz=01;31:*.lrz=01;31:*.lz=01;31:*.lzo=01;31:*.xz=01;31:*.zst=01;31:*.tzst=01;31:*.bz2=01;31:*.bz=01;31:*.tbz=01;31:*.tbz2=01;31:*.tz=01;31:*.deb=01;31:*.rpm=01;31:*.jar=01;31:*.war=01;31:*.ear=01;31:*.sar=01;31:*.rar=01;31:*.alz=01;31:*.ace=01;31:*.zoo=01;31:*.cpio=01;31:*.7z=01;31:*.rz=01;31:*.cab=01;31:*.wim=01;31:*.swm=01;31:*.dwm=01;31:*.esd=01;31:*.jpg=01;35:*.jpeg=01;35:*.mjpg=01;35:*.mjpeg=01;35:*.gif=01;35:*.bmp=01;35:*.pbm=01;35:*.pgm=01;35:*.ppm=01;35:*.tga=01;35:*.xbm=01;35:*.xpm=01;35:*.tif=01;35:*.tiff=01;35:*.png=01;35:*.svg=01;35:*.svgz=01;35:*.mng=01;35:*.pcx=01;35:*.mov=01;35:*.mpg=01;35:*.mpeg=01;35:*.m2v=01;35:*.mkv=01;35:*.webm=01;35:*.webp=01;35:*.ogm=01;35:*.mp4=01;35:*.m4v=01;35:*.mp4v=01;35:*.vob=01;35:*.qt=01;35:*.nuv=01;35:*.wmv=01;35:*.asf=01;35:*.rm=01;35:*.rmvb=01;35:*.flc=01;35:*.avi=01;35:*.fli=01;35:*.flv=01;35:*.gl=01;35:*.dl=01;35:*.xcf=01;35:*.xwd=01;35:*.yuv=01;35:*.cgm=01;35:*.emf=01;35:*.ogv=01;35:*.ogx=01;35:*.aac=00;36:*.au=00;36:*.flac=00;36:*.m4a=00;36:*.mid=00;36:*.midi=00;36:*.mka=00;36:*.mp3=00;36:*.mpc=00;36:*.ogg=00;36:*.ra=00;36:*.wav=00;36:*.oga=00;36:*.opus=00;36:*.spx=00;36:*.xspf=00;36:'), ('SSH_AGENT_LAUNCHER', 'gnome-keyring'), ('SSH_AUTH_SOCK', '/run/user/1000/keyring/ssh'), ('AMENT_PREFIX_PATH', '/opt/ros/humble'), ('SHELL', '/bin/bash'), ('TERMINATOR_UUID', 'urn:uuid:87b0609a-2b25-4357-adea-c227373e5774'), ('QT_ACCESSIBILITY', '1'), ('GDMSESSION', 'ubuntu'), ('LESSCLOSE', '/usr/bin/lesspipe %s %s'), ('GPG_AGENT_INFO', '/run/user/1000/gnupg/S.gpg-agent:0:1'), ('QT_IM_MODULE', 'ibus'), ('PWD', '/home/p1kachu/eYRC_26-27_Hola-The-Explorer/Software/workspace/build/task_1b'), ('LC_ALL', 'en_US.UTF-8'), ('XDG_CONFIG_DIRS', '/etc/xdg/xdg-ubuntu:/etc/xdg'), ('XDG_DATA_DIRS', '/usr/share/ubuntu:/usr/share/gnome:/usr/local/share/:/usr/share/:/var/lib/snapd/desktop'), ('PYTHONPATH', '/opt/ros/humble/lib/python3.10/site-packages:/opt/ros/humble/local/lib/python3.10/dist-packages'), ('COLCON', '1'), ('VTE_VERSION', '6800'), ('CMAKE_PREFIX_PATH', '/opt/ros/humble')]), 'shell': False}
[0.099701] (-) TimerEvent: {}
[0.154087] (task_1b) StdoutLine: {'line': b'-- The C compiler identification is GNU 11.4.0\n'}
[0.154577] (shape_interface) StdoutLine: {'line': b'-- The C compiler identification is GNU 11.4.0\n'}
[0.199832] (-) TimerEvent: {}
[0.262501] (task_1b) StdoutLine: {'line': b'-- The CXX compiler identification is GNU 11.4.0\n'}
[0.265609] (shape_interface) StdoutLine: {'line': b'-- The CXX compiler identification is GNU 11.4.0\n'}
[0.274318] (task_1b) StdoutLine: {'line': b'-- Detecting C compiler ABI info\n'}
[0.274526] (shape_interface) StdoutLine: {'line': b'-- Detecting C compiler ABI info\n'}
[0.299968] (-) TimerEvent: {}
[0.361871] (shape_interface) StdoutLine: {'line': b'-- Detecting C compiler ABI info - done\n'}
[0.363477] (task_1b) StdoutLine: {'line': b'-- Detecting C compiler ABI info - done\n'}
[0.371271] (shape_interface) StdoutLine: {'line': b'-- Check for working C compiler: /usr/bin/cc - skipped\n'}
[0.372027] (shape_interface) StdoutLine: {'line': b'-- Detecting C compile features\n'}
[0.372703] (shape_interface) StdoutLine: {'line': b'-- Detecting C compile features - done\n'}
[0.373545] (task_1b) StdoutLine: {'line': b'-- Check for working C compiler: /usr/bin/cc - skipped\n'}
[0.373923] (task_1b) StdoutLine: {'line': b'-- Detecting C compile features\n'}
[0.374528] (task_1b) StdoutLine: {'line': b'-- Detecting C compile features - done\n'}
[0.376971] (shape_interface) StdoutLine: {'line': b'-- Detecting CXX compiler ABI info\n'}
[0.378456] (task_1b) StdoutLine: {'line': b'-- Detecting CXX compiler ABI info\n'}
[0.400131] (-) TimerEvent: {}
[0.479149] (task_1b) StdoutLine: {'line': b'-- Detecting CXX compiler ABI info - done\n'}
[0.479501] (shape_interface) StdoutLine: {'line': b'-- Detecting CXX compiler ABI info - done\n'}
[0.488246] (task_1b) StdoutLine: {'line': b'-- Check for working CXX compiler: /usr/bin/c++ - skipped\n'}
[0.488400] (shape_interface) StdoutLine: {'line': b'-- Check for working CXX compiler: /usr/bin/c++ - skipped\n'}
[0.488661] (task_1b) StdoutLine: {'line': b'-- Detecting CXX compile features\n'}
[0.488784] (shape_interface) StdoutLine: {'line': b'-- Detecting CXX compile features\n'}
[0.489301] (task_1b) StdoutLine: {'line': b'-- Detecting CXX compile features - done\n'}
[0.489418] (shape_interface) StdoutLine: {'line': b'-- Detecting CXX compile features - done\n'}
[0.492776] (task_1b) StdoutLine: {'line': b'-- Found ament_cmake: 1.3.14 (/opt/ros/humble/share/ament_cmake/cmake)\n'}
[0.492886] (shape_interface) StdoutLine: {'line': b'-- Found ament_cmake: 1.3.14 (/opt/ros/humble/share/ament_cmake/cmake)\n'}
[0.500176] (-) TimerEvent: {}
[0.600565] (-) TimerEvent: {}
[0.685112] (task_1b) StdoutLine: {'line': b'-- Found Python3: /usr/bin/python3 (found version "3.10.12") found components: Interpreter \n'}
[0.688958] (shape_interface) StdoutLine: {'line': b'-- Found Python3: /usr/bin/python3 (found version "3.10.12") found components: Interpreter \n'}
[0.700643] (-) TimerEvent: {}
[0.801091] (-) TimerEvent: {}
[0.805909] (shape_interface) StdoutLine: {'line': b'-- Found rosidl_default_generators: 1.2.1 (/opt/ros/humble/share/rosidl_default_generators/cmake)\n'}
[0.809129] (shape_interface) StdoutLine: {'line': b'-- Using all available rosidl_typesupport_c: rosidl_typesupport_fastrtps_c;rosidl_typesupport_introspection_c\n'}
[0.817137] (shape_interface) StdoutLine: {'line': b'-- Found rosidl_adapter: 3.1.9 (/opt/ros/humble/share/rosidl_adapter/cmake)\n'}
[0.866355] (shape_interface) StdoutLine: {'line': b'-- Using all available rosidl_typesupport_cpp: rosidl_typesupport_fastrtps_cpp;rosidl_typesupport_introspection_cpp\n'}
[0.901222] (-) TimerEvent: {}
[0.989212] (task_1b) StdoutLine: {'line': b'-- Configuring done\n'}
[0.992231] (task_1b) StdoutLine: {'line': b'-- Generating done\n'}
[0.994207] (task_1b) StdoutLine: {'line': b'-- Build files have been written to: /home/p1kachu/eYRC_26-27_Hola-The-Explorer/Software/workspace/build/task_1b\n'}
[0.999827] (task_1b) CommandEnded: {'returncode': 0}
[1.001001] (task_1b) JobProgress: {'identifier': 'task_1b', 'progress': 'build'}
[1.002558] (task_1b) Command: {'cmd': ['/usr/bin/cmake', '--build', '/home/p1kachu/eYRC_26-27_Hola-The-Explorer/Software/workspace/build/task_1b', '--', '-j18', '-l18'], 'cwd': '/home/p1kachu/eYRC_26-27_Hola-The-Explorer/Software/workspace/build/task_1b', 'env': OrderedDict([('LESSOPEN', '| /usr/bin/lesspipe %s'), ('LANGUAGE', 'en_IN:en'), ('USER', 'p1kachu'), ('XDG_SESSION_TYPE', 'x11'), ('SHLVL', '1'), ('LD_LIBRARY_PATH', '/opt/ros/humble/opt/rviz_ogre_vendor/lib:/opt/ros/humble/lib/x86_64-linux-gnu:/opt/ros/humble/lib'), ('HOME', '/home/p1kachu'), ('OLDPWD', '/home/p1kachu/eYRC_26-27_Hola-The-Explorer'), ('DESKTOP_SESSION', 'ubuntu'), ('ROS_PYTHON_VERSION', '3'), ('GNOME_SHELL_SESSION_MODE', 'ubuntu'), ('GTK_MODULES', 'gail:atk-bridge'), ('MANAGERPID', '2018'), ('SYSTEMD_EXEC_PID', '2558'), ('DBUS_SESSION_BUS_ADDRESS', 'unix:path=/run/user/1000/bus'), ('COLORTERM', 'truecolor'), ('TERMINATOR_DBUS_NAME', 'net.tenshu.Terminator23558193cd9818af7fe4d2c2f5bd9d00f'), ('GIO_LAUNCHED_DESKTOP_FILE_PID', '10583'), ('IM_CONFIG_PHASE', '1'), ('ROS_DISTRO', 'humble'), ('GTK_IM_MODULE', 'ibus'), ('LOGNAME', 'p1kachu'), ('JOURNAL_STREAM', '8:26786'), ('_', '/usr/bin/colcon'), ('ROS_VERSION', '2'), ('XDG_SESSION_CLASS', 'user'), ('USERNAME', 'p1kachu'), ('TERM', 'xterm-256color'), ('GNOME_DESKTOP_SESSION_ID', 'this-is-deprecated'), ('ROS_LOCALHOST_ONLY', '0'), ('WINDOWPATH', '2'), ('PATH', '/opt/ros/humble/bin:/home/p1kachu/.local/bin:/usr/local/sbin:/usr/local/bin:/usr/sbin:/usr/bin:/sbin:/bin:/usr/games:/usr/local/games:/snap/bin:/snap/bin'), ('SESSION_MANAGER', 'local/virus:@/tmp/.ICE-unix/2345,unix/virus:/tmp/.ICE-unix/2345'), ('INVOCATION_ID', '0568aa4d7ded4c51939fbdc4c2995f42'), ('XDG_MENU_PREFIX', 'gnome-'), ('XDG_RUNTIME_DIR', '/run/user/1000'), ('DISPLAY', ':1'), ('TERMINATOR_DBUS_PATH', '/net/tenshu/Terminator2'), ('LANG', 'en_US.UTF-8'), ('XDG_CURRENT_DESKTOP', 'ubuntu:GNOME'), ('IBUS_DISABLE_SNOOPER', '1'), ('XMODIFIERS', '@im=ibus'), ('XDG_SESSION_DESKTOP', 'ubuntu'), ('XAUTHORITY', '/run/user/1000/gdm/Xauthority'), ('LS_COLORS', 'rs=0:di=01;34:ln=01;36:mh=00:pi=40;33:so=01;35:do=01;35:bd=40;33;01:cd=40;33;01:or=40;31;01:mi=00:su=37;41:sg=30;43:ca=30;41:tw=30;42:ow=34;42:st=37;44:ex=01;32:*.tar=01;31:*.tgz=01;31:*.arc=01;31:*.arj=01;31:*.taz=01;31:*.lha=01;31:*.lz4=01;31:*.lzh=01;31:*.lzma=01;31:*.tlz=01;31:*.txz=01;31:*.tzo=01;31:*.t7z=01;31:*.zip=01;31:*.z=01;31:*.dz=01;31:*.gz=01;31:*.lrz=01;31:*.lz=01;31:*.lzo=01;31:*.xz=01;31:*.zst=01;31:*.tzst=01;31:*.bz2=01;31:*.bz=01;31:*.tbz=01;31:*.tbz2=01;31:*.tz=01;31:*.deb=01;31:*.rpm=01;31:*.jar=01;31:*.war=01;31:*.ear=01;31:*.sar=01;31:*.rar=01;31:*.alz=01;31:*.ace=01;31:*.zoo=01;31:*.cpio=01;31:*.7z=01;31:*.rz=01;31:*.cab=01;31:*.wim=01;31:*.swm=01;31:*.dwm=01;31:*.esd=01;31:*.jpg=01;35:*.jpeg=01;35:*.mjpg=01;35:*.mjpeg=01;35:*.gif=01;35:*.bmp=01;35:*.pbm=01;35:*.pgm=01;35:*.ppm=01;35:*.tga=01;35:*.xbm=01;35:*.xpm=01;35:*.tif=01;35:*.tiff=01;35:*.png=01;35:*.svg=01;35:*.svgz=01;35:*.mng=01;35:*.pcx=01;35:*.mov=01;35:*.mpg=01;35:*.mpeg=01;35:*.m2v=01;35:*.mkv=01;35:*.webm=01;35:*.webp=01;35:*.ogm=01;35:*.mp4=01;35:*.m4v=01;35:*.mp4v=01;35:*.vob=01;35:*.qt=01;35:*.nuv=01;35:*.wmv=01;35:*.asf=01;35:*.rm=01;35:*.rmvb=01;35:*.flc=01;35:*.avi=01;35:*.fli=01;35:*.flv=01;35:*.gl=01;35:*.dl=01;35:*.xcf=01;35:*.xwd=01;35:*.yuv=01;35:*.cgm=01;35:*.emf=01;35:*.ogv=01;35:*.ogx=01;35:*.aac=00;36:*.au=00;36:*.flac=00;36:*.m4a=00;36:*.mid=00;36:*.midi=00;36:*.mka=00;36:*.mp3=00;36:*.mpc=00;36:*.ogg=00;36:*.ra=00;36:*.wav=00;36:*.oga=00;36:*.opus=00;36:*.spx=00;36:*.xspf=00;36:'), ('SSH_AGENT_LAUNCHER', 'gnome-keyring'), ('SSH_AUTH_SOCK', '/run/user/1000/keyring/ssh'), ('AMENT_PREFIX_PATH', '/opt/ros/humble'), ('SHELL', '/bin/bash'), ('TERMINATOR_UUID', 'urn:uuid:87b0609a-2b25-4357-adea-c227373e5774'), ('QT_ACCESSIBILITY', '1'), ('GDMSESSION', 'ubuntu'), ('LESSCLOSE', '/usr/bin/lesspipe %s %s'), ('GPG_AGENT_INFO', '/run/user/1000/gnupg/S.gpg-agent:0:1'), ('QT_IM_MODULE', 'ibus'), ('PWD', '/home/p1kachu/eYRC_26-27_Hola-The-Explorer/Software/workspace/build/task_1b'), ('LC_ALL', 'en_US.UTF-8'), ('XDG_CONFIG_DIRS', '/etc/xdg/xdg-ubuntu:/etc/xdg'), ('XDG_DATA_DIRS', '/usr/share/ubuntu:/usr/share/gnome:/usr/local/share/:/usr/share/:/var/lib/snapd/desktop'), ('PYTHONPATH', '/opt/ros/humble/lib/python3.10/site-packages:/opt/ros/humble/local/lib/python3.10/dist-packages'), ('COLCON', '1'), ('VTE_VERSION', '6800'), ('CMAKE_PREFIX_PATH', '/opt/ros/humble')]), 'shell': False}
[1.003096] (-) TimerEvent: {}
[1.072698] (task_1b) StdoutLine: {'line': b'Built target ament_cmake_python_copy_task_1b\n'}
[1.103245] (-) TimerEvent: {}
[1.203666] (-) TimerEvent: {}
[1.208206] (shape_interface) StdoutLine: {'line': b'-- Found ament_cmake_ros: 0.10.1 (/opt/ros/humble/share/ament_cmake_ros/cmake)\n'}
[1.303855] (-) TimerEvent: {}
[1.326720] (task_1b) StdoutLine: {'line': b'running egg_info\n'}
[1.327217] (task_1b) StdoutLine: {'line': b'creating task_1b.egg-info\n'}
[1.327403] (task_1b) StdoutLine: {'line': b'writing task_1b.egg-info/PKG-INFO\n'}
[1.327589] (task_1b) StdoutLine: {'line': b'writing dependency_links to task_1b.egg-info/dependency_links.txt\n'}
[1.327747] (task_1b) StdoutLine: {'line': b'writing top-level names to task_1b.egg-info/top_level.txt\n'}
[1.327904] (task_1b) StdoutLine: {'line': b"writing manifest file 'task_1b.egg-info/SOURCES.txt'\n"}
[1.329590] (task_1b) StdoutLine: {'line': b"reading manifest file 'task_1b.egg-info/SOURCES.txt'\n"}
[1.330044] (task_1b) StdoutLine: {'line': b"writing manifest file 'task_1b.egg-info/SOURCES.txt'\n"}
[1.366465] (task_1b) StdoutLine: {'line': b'Built target ament_cmake_python_build_task_1b_egg\n'}
[1.383305] (task_1b) CommandEnded: {'returncode': 0}
[1.384220] (task_1b) JobProgress: {'identifier': 'task_1b', 'progress': 'install'}
[1.394129] (task_1b) Command: {'cmd': ['/usr/bin/cmake', '--install', '/home/p1kachu/eYRC_26-27_Hola-The-Explorer/Software/workspace/build/task_1b'], 'cwd': '/home/p1kachu/eYRC_26-27_Hola-The-Explorer/Software/workspace/build/task_1b', 'env': OrderedDict([('LESSOPEN', '| /usr/bin/lesspipe %s'), ('LANGUAGE', 'en_IN:en'), ('USER', 'p1kachu'), ('XDG_SESSION_TYPE', 'x11'), ('SHLVL', '1'), ('LD_LIBRARY_PATH', '/opt/ros/humble/opt/rviz_ogre_vendor/lib:/opt/ros/humble/lib/x86_64-linux-gnu:/opt/ros/humble/lib'), ('HOME', '/home/p1kachu'), ('OLDPWD', '/home/p1kachu/eYRC_26-27_Hola-The-Explorer'), ('DESKTOP_SESSION', 'ubuntu'), ('ROS_PYTHON_VERSION', '3'), ('GNOME_SHELL_SESSION_MODE', 'ubuntu'), ('GTK_MODULES', 'gail:atk-bridge'), ('MANAGERPID', '2018'), ('SYSTEMD_EXEC_PID', '2558'), ('DBUS_SESSION_BUS_ADDRESS', 'unix:path=/run/user/1000/bus'), ('COLORTERM', 'truecolor'), ('TERMINATOR_DBUS_NAME', 'net.tenshu.Terminator23558193cd9818af7fe4d2c2f5bd9d00f'), ('GIO_LAUNCHED_DESKTOP_FILE_PID', '10583'), ('IM_CONFIG_PHASE', '1'), ('ROS_DISTRO', 'humble'), ('GTK_IM_MODULE', 'ibus'), ('LOGNAME', 'p1kachu'), ('JOURNAL_STREAM', '8:26786'), ('_', '/usr/bin/colcon'), ('ROS_VERSION', '2'), ('XDG_SESSION_CLASS', 'user'), ('USERNAME', 'p1kachu'), ('TERM', 'xterm-256color'), ('GNOME_DESKTOP_SESSION_ID', 'this-is-deprecated'), ('ROS_LOCALHOST_ONLY', '0'), ('WINDOWPATH', '2'), ('PATH', '/opt/ros/humble/bin:/home/p1kachu/.local/bin:/usr/local/sbin:/usr/local/bin:/usr/sbin:/usr/bin:/sbin:/bin:/usr/games:/usr/local/games:/snap/bin:/snap/bin'), ('SESSION_MANAGER', 'local/virus:@/tmp/.ICE-unix/2345,unix/virus:/tmp/.ICE-unix/2345'), ('INVOCATION_ID', '0568aa4d7ded4c51939fbdc4c2995f42'), ('XDG_MENU_PREFIX', 'gnome-'), ('XDG_RUNTIME_DIR', '/run/user/1000'), ('DISPLAY', ':1'), ('TERMINATOR_DBUS_PATH', '/net/tenshu/Terminator2'), ('LANG', 'en_US.UTF-8'), ('XDG_CURRENT_DESKTOP', 'ubuntu:GNOME'), ('IBUS_DISABLE_SNOOPER', '1'), ('XMODIFIERS', '@im=ibus'), ('XDG_SESSION_DESKTOP', 'ubuntu'), ('XAUTHORITY', '/run/user/1000/gdm/Xauthority'), ('LS_COLORS', 'rs=0:di=01;34:ln=01;36:mh=00:pi=40;33:so=01;35:do=01;35:bd=40;33;01:cd=40;33;01:or=40;31;01:mi=00:su=37;41:sg=30;43:ca=30;41:tw=30;42:ow=34;42:st=37;44:ex=01;32:*.tar=01;31:*.tgz=01;31:*.arc=01;31:*.arj=01;31:*.taz=01;31:*.lha=01;31:*.lz4=01;31:*.lzh=01;31:*.lzma=01;31:*.tlz=01;31:*.txz=01;31:*.tzo=01;31:*.t7z=01;31:*.zip=01;31:*.z=01;31:*.dz=01;31:*.gz=01;31:*.lrz=01;31:*.lz=01;31:*.lzo=01;31:*.xz=01;31:*.zst=01;31:*.tzst=01;31:*.bz2=01;31:*.bz=01;31:*.tbz=01;31:*.tbz2=01;31:*.tz=01;31:*.deb=01;31:*.rpm=01;31:*.jar=01;31:*.war=01;31:*.ear=01;31:*.sar=01;31:*.rar=01;31:*.alz=01;31:*.ace=01;31:*.zoo=01;31:*.cpio=01;31:*.7z=01;31:*.rz=01;31:*.cab=01;31:*.wim=01;31:*.swm=01;31:*.dwm=01;31:*.esd=01;31:*.jpg=01;35:*.jpeg=01;35:*.mjpg=01;35:*.mjpeg=01;35:*.gif=01;35:*.bmp=01;35:*.pbm=01;35:*.pgm=01;35:*.ppm=01;35:*.tga=01;35:*.xbm=01;35:*.xpm=01;35:*.tif=01;35:*.tiff=01;35:*.png=01;35:*.svg=01;35:*.svgz=01;35:*.mng=01;35:*.pcx=01;35:*.mov=01;35:*.mpg=01;35:*.mpeg=01;35:*.m2v=01;35:*.mkv=01;35:*.webm=01;35:*.webp=01;35:*.ogm=01;35:*.mp4=01;35:*.m4v=01;35:*.mp4v=01;35:*.vob=01;35:*.qt=01;35:*.nuv=01;35:*.wmv=01;35:*.asf=01;35:*.rm=01;35:*.rmvb=01;35:*.flc=01;35:*.avi=01;35:*.fli=01;35:*.flv=01;35:*.gl=01;35:*.dl=01;35:*.xcf=01;35:*.xwd=01;35:*.yuv=01;35:*.cgm=01;35:*.emf=01;35:*.ogv=01;35:*.ogx=01;35:*.aac=00;36:*.au=00;36:*.flac=00;36:*.m4a=00;36:*.mid=00;36:*.midi=00;36:*.mka=00;36:*.mp3=00;36:*.mpc=00;36:*.ogg=00;36:*.ra=00;36:*.wav=00;36:*.oga=00;36:*.opus=00;36:*.spx=00;36:*.xspf=00;36:'), ('SSH_AGENT_LAUNCHER', 'gnome-keyring'), ('SSH_AUTH_SOCK', '/run/user/1000/keyring/ssh'), ('AMENT_PREFIX_PATH', '/opt/ros/humble'), ('SHELL', '/bin/bash'), ('TERMINATOR_UUID', 'urn:uuid:87b0609a-2b25-4357-adea-c227373e5774'), ('QT_ACCESSIBILITY', '1'), ('GDMSESSION', 'ubuntu'), ('LESSCLOSE', '/usr/bin/lesspipe %s %s'), ('GPG_AGENT_INFO', '/run/user/1000/gnupg/S.gpg-agent:0:1'), ('QT_IM_MODULE', 'ibus'), ('PWD', '/home/p1kachu/eYRC_26-27_Hola-The-Explorer/Software/workspace/build/task_1b'), ('LC_ALL', 'en_US.UTF-8'), ('XDG_CONFIG_DIRS', '/etc/xdg/xdg-ubuntu:/etc/xdg'), ('XDG_DATA_DIRS', '/usr/share/ubuntu:/usr/share/gnome:/usr/local/share/:/usr/share/:/var/lib/snapd/desktop'), ('PYTHONPATH', '/opt/ros/humble/lib/python3.10/site-packages:/opt/ros/humble/local/lib/python3.10/dist-packages'), ('COLCON', '1'), ('VTE_VERSION', '6800'), ('CMAKE_PREFIX_PATH', '/opt/ros/humble')]), 'shell': False}
[1.401599] (task_1b) StdoutLine: {'line': b'-- Install configuration: ""\n'}
[1.401785] (task_1b) StdoutLine: {'line': b'-- Installing: /home/p1kachu/eYRC_26-27_Hola-The-Explorer/Software/workspace/install/task_1b/share/task_1b/environment/pythonpath.sh\n'}
[1.401900] (task_1b) StdoutLine: {'line': b'-- Installing: /home/p1kachu/eYRC_26-27_Hola-The-Explorer/Software/workspace/install/task_1b/share/task_1b/environment/pythonpath.dsv\n'}
[1.402014] (task_1b) StdoutLine: {'line': b'-- Installing: /home/p1kachu/eYRC_26-27_Hola-The-Explorer/Software/workspace/install/task_1b/local/lib/python3.10/dist-packages/task_1b-0.0.1-py3.10.egg-info\n'}
[1.402134] (task_1b) StdoutLine: {'line': b'-- Installing: /home/p1kachu/eYRC_26-27_Hola-The-Explorer/Software/workspace/install/task_1b/local/lib/python3.10/dist-packages/task_1b-0.0.1-py3.10.egg-info/SOURCES.txt\n'}
[1.402253] (task_1b) StdoutLine: {'line': b'-- Installing: /home/p1kachu/eYRC_26-27_Hola-The-Explorer/Software/workspace/install/task_1b/local/lib/python3.10/dist-packages/task_1b-0.0.1-py3.10.egg-info/top_level.txt\n'}
[1.402336] (task_1b) StdoutLine: {'line': b'-- Installing: /home/p1kachu/eYRC_26-27_Hola-The-Explorer/Software/workspace/install/task_1b/local/lib/python3.10/dist-packages/task_1b-0.0.1-py3.10.egg-info/PKG-INFO\n'}
[1.402437] (task_1b) StdoutLine: {'line': b'-- Installing: /home/p1kachu/eYRC_26-27_Hola-The-Explorer/Software/workspace/install/task_1b/local/lib/python3.10/dist-packages/task_1b-0.0.1-py3.10.egg-info/dependency_links.txt\n'}
[1.402542] (task_1b) StdoutLine: {'line': b'-- Installing: /home/p1kachu/eYRC_26-27_Hola-The-Explorer/Software/workspace/install/task_1b/local/lib/python3.10/dist-packages/task_1b\n'}
[1.402624] (task_1b) StdoutLine: {'line': b'-- Installing: /home/p1kachu/eYRC_26-27_Hola-The-Explorer/Software/workspace/install/task_1b/local/lib/python3.10/dist-packages/task_1b/inverse_kinematics.py\n'}
[1.402725] (task_1b) StdoutLine: {'line': b'-- Installing: /home/p1kachu/eYRC_26-27_Hola-The-Explorer/Software/workspace/install/task_1b/local/lib/python3.10/dist-packages/task_1b/__init__.py\n'}
[1.403922] (-) TimerEvent: {}
[1.422478] (shape_interface) StdoutLine: {'line': b'-- Using all available rosidl_typesupport_c: rosidl_typesupport_fastrtps_c;rosidl_typesupport_introspection_c\n'}
[1.440110] (task_1b) StdoutLine: {'line': b"Listing '/home/p1kachu/eYRC_26-27_Hola-The-Explorer/Software/workspace/install/task_1b/local/lib/python3.10/dist-packages/task_1b'...\n"}
[1.440415] (task_1b) StdoutLine: {'line': b"Compiling '/home/p1kachu/eYRC_26-27_Hola-The-Explorer/Software/workspace/install/task_1b/local/lib/python3.10/dist-packages/task_1b/__init__.py'...\n"}
[1.440508] (task_1b) StdoutLine: {'line': b"Compiling '/home/p1kachu/eYRC_26-27_Hola-The-Explorer/Software/workspace/install/task_1b/local/lib/python3.10/dist-packages/task_1b/inverse_kinematics.py'...\n"}
[1.444977] (task_1b) StdoutLine: {'line': b'-- Installing: /home/p1kachu/eYRC_26-27_Hola-The-Explorer/Software/workspace/install/task_1b/lib/task_1b/inverse_kinematics\n'}
[1.445197] (task_1b) StdoutLine: {'line': b'-- Installing: /home/p1kachu/eYRC_26-27_Hola-The-Explorer/Software/workspace/install/task_1b/lib/task_1b/cmd_vel_publisher\n'}
[1.445678] (task_1b) StdoutLine: {'line': b'-- Installing: /home/p1kachu/eYRC_26-27_Hola-The-Explorer/Software/workspace/install/task_1b/share/ament_index/resource_index/package_run_dependencies/task_1b\n'}
[1.445804] (task_1b) StdoutLine: {'line': b'-- Installing: /home/p1kachu/eYRC_26-27_Hola-The-Explorer/Software/workspace/install/task_1b/share/ament_index/resource_index/parent_prefix_path/task_1b\n'}
[1.445895] (task_1b) StdoutLine: {'line': b'-- Installing: /home/p1kachu/eYRC_26-27_Hola-The-Explorer/Software/workspace/install/task_1b/share/task_1b/environment/ament_prefix_path.sh\n'}
[1.445984] (task_1b) StdoutLine: {'line': b'-- Installing: /home/p1kachu/eYRC_26-27_Hola-The-Explorer/Software/workspace/install/task_1b/share/task_1b/environment/ament_prefix_path.dsv\n'}
[1.446081] (task_1b) StdoutLine: {'line': b'-- Installing: /home/p1kachu/eYRC_26-27_Hola-The-Explorer/Software/workspace/install/task_1b/share/task_1b/environment/path.sh\n'}
[1.446131] (task_1b) StdoutLine: {'line': b'-- Installing: /home/p1kachu/eYRC_26-27_Hola-The-Explorer/Software/workspace/install/task_1b/share/task_1b/environment/path.dsv\n'}
[1.446219] (task_1b) StdoutLine: {'line': b'-- Installing: /home/p1kachu/eYRC_26-27_Hola-The-Explorer/Software/workspace/install/task_1b/share/task_1b/local_setup.bash\n'}
[1.446308] (task_1b) StdoutLine: {'line': b'-- Installing: /home/p1kachu/eYRC_26-27_Hola-The-Explorer/Software/workspace/install/task_1b/share/task_1b/local_setup.sh\n'}
[1.446354] (task_1b) StdoutLine: {'line': b'-- Installing: /home/p1kachu/eYRC_26-27_Hola-The-Explorer/Software/workspace/install/task_1b/share/task_1b/local_setup.zsh\n'}
[1.446445] (task_1b) StdoutLine: {'line': b'-- Installing: /home/p1kachu/eYRC_26-27_Hola-The-Explorer/Software/workspace/install/task_1b/share/task_1b/local_setup.dsv\n'}
[1.446518] (task_1b) StdoutLine: {'line': b'-- Installing: /home/p1kachu/eYRC_26-27_Hola-The-Explorer/Software/workspace/install/task_1b/share/task_1b/package.dsv\n'}
[1.446618] (task_1b) StdoutLine: {'line': b'-- Installing: /home/p1kachu/eYRC_26-27_Hola-The-Explorer/Software/workspace/install/task_1b/share/ament_index/resource_index/packages/task_1b\n'}
[1.446750] (task_1b) StdoutLine: {'line': b'-- Installing: /home/p1kachu/eYRC_26-27_Hola-The-Explorer/Software/workspace/install/task_1b/share/task_1b/cmake/task_1bConfig.cmake\n'}
[1.446830] (task_1b) StdoutLine: {'line': b'-- Installing: /home/p1kachu/eYRC_26-27_Hola-The-Explorer/Software/workspace/install/task_1b/share/task_1b/cmake/task_1bConfig-version.cmake\n'}
[1.446936] (task_1b) StdoutLine: {'line': b'-- Installing: /home/p1kachu/eYRC_26-27_Hola-The-Explorer/Software/workspace/install/task_1b/share/task_1b/package.xml\n'}
[1.449985] (task_1b) CommandEnded: {'returncode': 0}
[1.469933] (task_1b) JobEnded: {'identifier': 'task_1b', 'rc': 0}
[1.504065] (-) TimerEvent: {}
[1.604487] (-) TimerEvent: {}
[1.704932] (-) TimerEvent: {}
[1.747144] (shape_interface) StdoutLine: {'line': b'-- Using all available rosidl_typesupport_cpp: rosidl_typesupport_fastrtps_cpp;rosidl_typesupport_introspection_cpp\n'}
[1.782350] (shape_interface) StdoutLine: {'line': b'-- Found PythonInterp: /usr/bin/python3 (found suitable version "3.10.12", minimum required is "3.6") \n'}
[1.784298] (shape_interface) StdoutLine: {'line': b'-- Found python_cmake_module: 0.10.0 (/opt/ros/humble/share/python_cmake_module/cmake)\n'}
[1.805087] (-) TimerEvent: {}
[1.818353] (shape_interface) StdoutLine: {'line': b'-- Found PythonLibs: /usr/lib/x86_64-linux-gnu/libpython3.10.so (found suitable version "3.10.12", minimum required is "3.5") \n'}
[1.818520] (shape_interface) StdoutLine: {'line': b'-- Using PYTHON_EXECUTABLE: /usr/bin/python3\n'}
[1.818591] (shape_interface) StdoutLine: {'line': b'-- Using PYTHON_INCLUDE_DIRS: /usr/include/python3.10\n'}
[1.818650] (shape_interface) StdoutLine: {'line': b'-- Using PYTHON_LIBRARIES: /usr/lib/x86_64-linux-gnu/libpython3.10.so\n'}
[1.849096] (shape_interface) StdoutLine: {'line': b'-- Found PythonExtra: .so  \n'}
[1.905251] (-) TimerEvent: {}
[1.974562] (shape_interface) StdoutLine: {'line': b'-- Found ament_lint_auto: 0.12.15 (/opt/ros/humble/share/ament_lint_auto/cmake)\n'}
[1.998739] (shape_interface) StdoutLine: {'line': b"-- Added test 'lint_cmake' to check CMake code style\n"}
[2.000045] (shape_interface) StdoutLine: {'line': b"-- Added test 'xmllint' to check XML markup files\n"}
[2.002910] (shape_interface) StdoutLine: {'line': b'-- Configuring done\n'}
[2.005353] (-) TimerEvent: {}
[2.040941] (shape_interface) StdoutLine: {'line': b'-- Generating done\n'}
[2.052091] (shape_interface) StdoutLine: {'line': b'-- Build files have been written to: /home/p1kachu/eYRC_26-27_Hola-The-Explorer/Software/workspace/build/shape_interface\n'}
[2.062700] (shape_interface) CommandEnded: {'returncode': 0}
[2.065988] (shape_interface) JobProgress: {'identifier': 'shape_interface', 'progress': 'build'}
[2.066044] (shape_interface) Command: {'cmd': ['/usr/bin/cmake', '--build', '/home/p1kachu/eYRC_26-27_Hola-The-Explorer/Software/workspace/build/shape_interface', '--', '-j18', '-l18'], 'cwd': '/home/p1kachu/eYRC_26-27_Hola-The-Explorer/Software/workspace/build/shape_interface', 'env': OrderedDict([('LESSOPEN', '| /usr/bin/lesspipe %s'), ('LANGUAGE', 'en_IN:en'), ('USER', 'p1kachu'), ('XDG_SESSION_TYPE', 'x11'), ('SHLVL', '1'), ('LD_LIBRARY_PATH', '/opt/ros/humble/opt/rviz_ogre_vendor/lib:/opt/ros/humble/lib/x86_64-linux-gnu:/opt/ros/humble/lib'), ('HOME', '/home/p1kachu'), ('OLDPWD', '/home/p1kachu/eYRC_26-27_Hola-The-Explorer'), ('DESKTOP_SESSION', 'ubuntu'), ('ROS_PYTHON_VERSION', '3'), ('GNOME_SHELL_SESSION_MODE', 'ubuntu'), ('GTK_MODULES', 'gail:atk-bridge'), ('MANAGERPID', '2018'), ('SYSTEMD_EXEC_PID', '2558'), ('DBUS_SESSION_BUS_ADDRESS', 'unix:path=/run/user/1000/bus'), ('COLORTERM', 'truecolor'), ('TERMINATOR_DBUS_NAME', 'net.tenshu.Terminator23558193cd9818af7fe4d2c2f5bd9d00f'), ('GIO_LAUNCHED_DESKTOP_FILE_PID', '10583'), ('IM_CONFIG_PHASE', '1'), ('ROS_DISTRO', 'humble'), ('GTK_IM_MODULE', 'ibus'), ('LOGNAME', 'p1kachu'), ('JOURNAL_STREAM', '8:26786'), ('_', '/usr/bin/colcon'), ('ROS_VERSION', '2'), ('XDG_SESSION_CLASS', 'user'), ('USERNAME', 'p1kachu'), ('TERM', 'xterm-256color'), ('GNOME_DESKTOP_SESSION_ID', 'this-is-deprecated'), ('ROS_LOCALHOST_ONLY', '0'), ('WINDOWPATH', '2'), ('PATH', '/opt/ros/humble/bin:/home/p1kachu/.local/bin:/usr/local/sbin:/usr/local/bin:/usr/sbin:/usr/bin:/sbin:/bin:/usr/games:/usr/local/games:/snap/bin:/snap/bin'), ('SESSION_MANAGER', 'local/virus:@/tmp/.ICE-unix/2345,unix/virus:/tmp/.ICE-unix/2345'), ('INVOCATION_ID', '0568aa4d7ded4c51939fbdc4c2995f42'), ('XDG_MENU_PREFIX', 'gnome-'), ('XDG_RUNTIME_DIR', '/run/user/1000'), ('DISPLAY', ':1'), ('TERMINATOR_DBUS_PATH', '/net/tenshu/Terminator2'), ('LANG', 'en_US.UTF-8'), ('XDG_CURRENT_DESKTOP', 'ubuntu:GNOME'), ('IBUS_DISABLE_SNOOPER', '1'), ('XMODIFIERS', '@im=ibus'), ('XDG_SESSION_DESKTOP', 'ubuntu'), ('XAUTHORITY', '/run/user/1000/gdm/Xauthority'), ('LS_COLORS', 'rs=0:di=01;34:ln=01;36:mh=00:pi=40;33:so=01;35:do=01;35:bd=40;33;01:cd=40;33;01:or=40;31;01:mi=00:su=37;41:sg=30;43:ca=30;41:tw=30;42:ow=34;42:st=37;44:ex=01;32:*.tar=01;31:*.tgz=01;31:*.arc=01;31:*.arj=01;31:*.taz=01;31:*.lha=01;31:*.lz4=01;31:*.lzh=01;31:*.lzma=01;31:*.tlz=01;31:*.txz=01;31:*.tzo=01;31:*.t7z=01;31:*.zip=01;31:*.z=01;31:*.dz=01;31:*.gz=01;31:*.lrz=01;31:*.lz=01;31:*.lzo=01;31:*.xz=01;31:*.zst=01;31:*.tzst=01;31:*.bz2=01;31:*.bz=01;31:*.tbz=01;31:*.tbz2=01;31:*.tz=01;31:*.deb=01;31:*.rpm=01;31:*.jar=01;31:*.war=01;31:*.ear=01;31:*.sar=01;31:*.rar=01;31:*.alz=01;31:*.ace=01;31:*.zoo=01;31:*.cpio=01;31:*.7z=01;31:*.rz=01;31:*.cab=01;31:*.wim=01;31:*.swm=01;31:*.dwm=01;31:*.esd=01;31:*.jpg=01;35:*.jpeg=01;35:*.mjpg=01;35:*.mjpeg=01;35:*.gif=01;35:*.bmp=01;35:*.pbm=01;35:*.pgm=01;35:*.ppm=01;35:*.tga=01;35:*.xbm=01;35:*.xpm=01;35:*.tif=01;35:*.tiff=01;35:*.png=01;35:*.svg=01;35:*.svgz=01;35:*.mng=01;35:*.pcx=01;35:*.mov=01;35:*.mpg=01;35:*.mpeg=01;35:*.m2v=01;35:*.mkv=01;35:*.webm=01;35:*.webp=01;35:*.ogm=01;35:*.mp4=01;35:*.m4v=01;35:*.mp4v=01;35:*.vob=01;35:*.qt=01;35:*.nuv=01;35:*.wmv=01;35:*.asf=01;35:*.rm=01;35:*.rmvb=01;35:*.flc=01;35:*.avi=01;35:*.fli=01;35:*.flv=01;35:*.gl=01;35:*.dl=01;35:*.xcf=01;35:*.xwd=01;35:*.yuv=01;35:*.cgm=01;35:*.emf=01;35:*.ogv=01;35:*.ogx=01;35:*.aac=00;36:*.au=00;36:*.flac=00;36:*.m4a=00;36:*.mid=00;36:*.midi=00;36:*.mka=00;36:*.mp3=00;36:*.mpc=00;36:*.ogg=00;36:*.ra=00;36:*.wav=00;36:*.oga=00;36:*.opus=00;36:*.spx=00;36:*.xspf=00;36:'), ('SSH_AGENT_LAUNCHER', 'gnome-keyring'), ('SSH_AUTH_SOCK', '/run/user/1000/keyring/ssh'), ('AMENT_PREFIX_PATH', '/opt/ros/humble'), ('SHELL', '/bin/bash'), ('TERMINATOR_UUID', 'urn:uuid:87b0609a-2b25-4357-adea-c227373e5774'), ('QT_ACCESSIBILITY', '1'), ('GDMSESSION', 'ubuntu'), ('LESSCLOSE', '/usr/bin/lesspipe %s %s'), ('GPG_AGENT_INFO', '/run/user/1000/gnupg/S.gpg-agent:0:1'), ('QT_IM_MODULE', 'ibus'), ('PWD', '/home/p1kachu/eYRC_26-27_Hola-The-Explorer/Software/workspace/build/shape_interface'), ('LC_ALL', 'en_US.UTF-8'), ('XDG_CONFIG_DIRS', '/etc/xdg/xdg-ubuntu:/etc/xdg'), ('XDG_DATA_DIRS', '/usr/share/ubuntu:/usr/share/gnome:/usr/local/share/:/usr/share/:/var/lib/snapd/desktop'), ('PYTHONPATH', '/opt/ros/humble/lib/python3.10/site-packages:/opt/ros/humble/local/lib/python3.10/dist-packages'), ('COLCON', '1'), ('VTE_VERSION', '6800'), ('CMAKE_PREFIX_PATH', '/opt/ros/humble')]), 'shell': False}
[2.105483] (-) TimerEvent: {}
[2.115293] (shape_interface) StdoutLine: {'line': b'[  2%] \x1b[34m\x1b[1mGenerating C code for ROS interfaces\x1b[0m\n'}
[2.127796] (shape_interface) StdoutLine: {'line': b'[  4%] \x1b[34m\x1b[1mGenerating Rust code for ROS interfaces\x1b[0m\n'}
[2.128635] (shape_interface) StdoutLine: {'line': b'[  6%] \x1b[34m\x1b[1mGenerating C++ code for ROS interfaces\x1b[0m\n'}
[2.141353] (shape_interface) StdoutLine: {'line': b'[  6%] Built target ament_cmake_python_copy_shape_interface\n'}
[2.205657] (-) TimerEvent: {}
[2.306166] (-) TimerEvent: {}
[2.393356] (shape_interface) StdoutLine: {'line': b'running egg_info\n'}
[2.393710] (shape_interface) StdoutLine: {'line': b'creating shape_interface.egg-info\n'}
[2.393834] (shape_interface) StdoutLine: {'line': b'writing shape_interface.egg-info/PKG-INFO\n'}
[2.394067] (shape_interface) StdoutLine: {'line': b'writing dependency_links to shape_interface.egg-info/dependency_links.txt\n'}
[2.394396] (shape_interface) StdoutLine: {'line': b'writing top-level names to shape_interface.egg-info/top_level.txt\n'}
[2.394534] (shape_interface) StdoutLine: {'line': b"writing manifest file 'shape_interface.egg-info/SOURCES.txt'\n"}
[2.396254] (shape_interface) StdoutLine: {'line': b"reading manifest file 'shape_interface.egg-info/SOURCES.txt'\n"}
[2.396710] (shape_interface) StdoutLine: {'line': b"writing manifest file 'shape_interface.egg-info/SOURCES.txt'\n"}
[2.406305] (-) TimerEvent: {}
[2.430405] (shape_interface) StdoutLine: {'line': b'[  6%] Built target ament_cmake_python_build_shape_interface_egg\n'}
[2.486418] (shape_interface) StdoutLine: {'line': b'[  6%] Built target shape_interface__rs\n'}
[2.506397] (-) TimerEvent: {}
[2.596373] (shape_interface) StdoutLine: {'line': b'[  8%] \x1b[32mBuilding C object CMakeFiles/shape_interface__rosidl_generator_c.dir/rosidl_generator_c/shape_interface/msg/detail/shape__functions.c.o\x1b[0m\n'}
[2.598042] (shape_interface) StdoutLine: {'line': b'[ 10%] \x1b[32mBuilding C object CMakeFiles/shape_interface__rosidl_generator_c.dir/rosidl_generator_c/shape_interface/srv/detail/pixel_to_world__functions.c.o\x1b[0m\n'}
[2.598387] (shape_interface) StdoutLine: {'line': b'[ 12%] \x1b[32mBuilding C object CMakeFiles/shape_interface__rosidl_generator_c.dir/rosidl_generator_c/shape_interface/srv/detail/get_shape__functions.c.o\x1b[0m\n'}
[2.600791] (shape_interface) StdoutLine: {'line': b'[ 12%] Built target shape_interface__cpp\n'}
[2.606529] (-) TimerEvent: {}
[2.612224] (shape_interface) StdoutLine: {'line': b'[ 14%] \x1b[34m\x1b[1mGenerating C++ introspection for ROS interfaces\x1b[0m\n'}
[2.612630] (shape_interface) StdoutLine: {'line': b'[ 16%] \x1b[34m\x1b[1mGenerating C++ type support for eProsima Fast-RTPS\x1b[0m\n'}
[2.613056] (shape_interface) StdoutLine: {'line': b'[ 18%] \x1b[34m\x1b[1mGenerating C++ type support dispatch for ROS interfaces\x1b[0m\n'}
[2.692539] (shape_interface) StdoutLine: {'line': b'[ 20%] \x1b[32m\x1b[1mLinking C shared library libshape_interface__rosidl_generator_c.so\x1b[0m\n'}
[2.706664] (-) TimerEvent: {}
[2.747719] (shape_interface) StdoutLine: {'line': b'[ 20%] Built target shape_interface__rosidl_generator_c\n'}
[2.761137] (shape_interface) StdoutLine: {'line': b'[ 22%] \x1b[34m\x1b[1mGenerating C type support for eProsima Fast-RTPS\x1b[0m\n'}
[2.761514] (shape_interface) StdoutLine: {'line': b'[ 27%] \x1b[34m\x1b[1mGenerating C type support dispatch for ROS interfaces\x1b[0m\n'}
[2.761617] (shape_interface) StdoutLine: {'line': b'[ 27%] \x1b[34m\x1b[1mGenerating C introspection for ROS interfaces\x1b[0m\n'}
[2.806847] (-) TimerEvent: {}
[2.907385] (-) TimerEvent: {}
[2.972961] (shape_interface) StdoutLine: {'line': b'[ 33%] \x1b[32mBuilding CXX object CMakeFiles/shape_interface__rosidl_typesupport_cpp.dir/rosidl_typesupport_cpp/shape_interface/srv/pixel_to_world__type_support.cpp.o\x1b[0m\n'}
[2.973363] (shape_interface) StdoutLine: {'line': b'[ 33%] \x1b[32mBuilding CXX object CMakeFiles/shape_interface__rosidl_typesupport_cpp.dir/rosidl_typesupport_cpp/shape_interface/srv/get_shape__type_support.cpp.o\x1b[0m\n'}
[2.973473] (shape_interface) StdoutLine: {'line': b'[ 33%] \x1b[32mBuilding CXX object CMakeFiles/shape_interface__rosidl_typesupport_cpp.dir/rosidl_typesupport_cpp/shape_interface/msg/shape__type_support.cpp.o\x1b[0m\n'}
[3.007555] (-) TimerEvent: {}
[3.015062] (shape_interface) StdoutLine: {'line': b'[ 35%] \x1b[32mBuilding CXX object CMakeFiles/shape_interface__rosidl_typesupport_introspection_cpp.dir/rosidl_typesupport_introspection_cpp/shape_interface/srv/detail/pixel_to_world__type_support.cpp.o\x1b[0m\n'}
[3.015674] (shape_interface) StdoutLine: {'line': b'[ 37%] \x1b[32mBuilding CXX object CMakeFiles/shape_interface__rosidl_typesupport_introspection_cpp.dir/rosidl_typesupport_introspection_cpp/shape_interface/msg/detail/shape__type_support.cpp.o\x1b[0m\n'}
[3.016731] (shape_interface) StdoutLine: {'line': b'[ 39%] \x1b[32mBuilding CXX object CMakeFiles/shape_interface__rosidl_typesupport_introspection_cpp.dir/rosidl_typesupport_introspection_cpp/shape_interface/srv/detail/get_shape__type_support.cpp.o\x1b[0m\n'}
[3.037723] (shape_interface) StdoutLine: {'line': b'[ 41%] \x1b[32mBuilding CXX object CMakeFiles/shape_interface__rosidl_typesupport_fastrtps_cpp.dir/rosidl_typesupport_fastrtps_cpp/shape_interface/srv/detail/dds_fastrtps/pixel_to_world__type_support.cpp.o\x1b[0m\n'}
[3.038652] (shape_interface) StdoutLine: {'line': b'[ 43%] \x1b[32mBuilding CXX object CMakeFiles/shape_interface__rosidl_typesupport_fastrtps_cpp.dir/rosidl_typesupport_fastrtps_cpp/shape_interface/srv/detail/dds_fastrtps/get_shape__type_support.cpp.o\x1b[0m\n'}
[3.039051] (shape_interface) StdoutLine: {'line': b'[ 45%] \x1b[32mBuilding CXX object CMakeFiles/shape_interface__rosidl_typesupport_fastrtps_cpp.dir/rosidl_typesupport_fastrtps_cpp/shape_interface/msg/detail/dds_fastrtps/shape__type_support.cpp.o\x1b[0m\n'}
[3.107690] (-) TimerEvent: {}
[3.208157] (-) TimerEvent: {}
[3.295139] (shape_interface) StdoutLine: {'line': b'[ 47%] \x1b[32mBuilding CXX object CMakeFiles/shape_interface__rosidl_typesupport_c.dir/rosidl_typesupport_c/shape_interface/srv/get_shape__type_support.cpp.o\x1b[0m\n'}
[3.298813] (shape_interface) StdoutLine: {'line': b'[ 50%] \x1b[32mBuilding CXX object CMakeFiles/shape_interface__rosidl_typesupport_c.dir/rosidl_typesupport_c/shape_interface/msg/shape__type_support.cpp.o\x1b[0m\n'}
[3.305876] (shape_interface) StdoutLine: {'line': b'[ 52%] \x1b[32mBuilding CXX object CMakeFiles/shape_interface__rosidl_typesupport_c.dir/rosidl_typesupport_c/shape_interface/srv/pixel_to_world__type_support.cpp.o\x1b[0m\n'}
[3.308277] (-) TimerEvent: {}
[3.315249] (shape_interface) StdoutLine: {'line': b'[ 54%] \x1b[32mBuilding CXX object CMakeFiles/shape_interface__rosidl_typesupport_fastrtps_c.dir/rosidl_typesupport_fastrtps_c/shape_interface/srv/detail/get_shape__type_support_c.cpp.o\x1b[0m\n'}
[3.315688] (shape_interface) StdoutLine: {'line': b'[ 56%] \x1b[32mBuilding CXX object CMakeFiles/shape_interface__rosidl_typesupport_fastrtps_c.dir/rosidl_typesupport_fastrtps_c/shape_interface/msg/detail/shape__type_support_c.cpp.o\x1b[0m\n'}
[3.316296] (shape_interface) StdoutLine: {'line': b'[ 58%] \x1b[32mBuilding CXX object CMakeFiles/shape_interface__rosidl_typesupport_fastrtps_c.dir/rosidl_typesupport_fastrtps_c/shape_interface/srv/detail/pixel_to_world__type_support_c.cpp.o\x1b[0m\n'}
[3.354468] (shape_interface) StdoutLine: {'line': b'[ 60%] \x1b[32m\x1b[1mLinking CXX shared library libshape_interface__rosidl_typesupport_c.so\x1b[0m\n'}
[3.406442] (shape_interface) StdoutLine: {'line': b'[ 62%] \x1b[32mBuilding C object CMakeFiles/shape_interface__rosidl_typesupport_introspection_c.dir/rosidl_typesupport_introspection_c/shape_interface/msg/detail/shape__type_support.c.o\x1b[0m\n'}
[3.406770] (shape_interface) StdoutLine: {'line': b'[ 64%] \x1b[32mBuilding C object CMakeFiles/shape_interface__rosidl_typesupport_introspection_c.dir/rosidl_typesupport_introspection_c/shape_interface/srv/detail/get_shape__type_support.c.o\x1b[0m\n'}
[3.407454] (shape_interface) StdoutLine: {'line': b'[ 66%] \x1b[32mBuilding C object CMakeFiles/shape_interface__rosidl_typesupport_introspection_c.dir/rosidl_typesupport_introspection_c/shape_interface/srv/detail/pixel_to_world__type_support.c.o\x1b[0m\n'}
[3.408215] (shape_interface) StdoutLine: {'line': b'[ 66%] Built target shape_interface__rosidl_typesupport_c\n'}
[3.408377] (-) TimerEvent: {}
[3.455352] (shape_interface) StdoutLine: {'line': b'[ 68%] \x1b[32m\x1b[1mLinking CXX shared library libshape_interface__rosidl_typesupport_cpp.so\x1b[0m\n'}
[3.482289] (shape_interface) StdoutLine: {'line': b'[ 70%] \x1b[32m\x1b[1mLinking C shared library libshape_interface__rosidl_typesupport_introspection_c.so\x1b[0m\n'}
[3.508586] (-) TimerEvent: {}
[3.512479] (shape_interface) StdoutLine: {'line': b'[ 70%] Built target shape_interface__rosidl_typesupport_cpp\n'}
[3.519899] (shape_interface) StdoutLine: {'line': b'[ 70%] Built target shape_interface__rosidl_typesupport_introspection_c\n'}
[3.608768] (-) TimerEvent: {}
[3.661923] (shape_interface) StdoutLine: {'line': b'[ 72%] \x1b[32m\x1b[1mLinking CXX shared library libshape_interface__rosidl_typesupport_fastrtps_cpp.so\x1b[0m\n'}
[3.708938] (-) TimerEvent: {}
[3.722398] (shape_interface) StdoutLine: {'line': b'[ 75%] \x1b[32m\x1b[1mLinking CXX shared library libshape_interface__rosidl_typesupport_introspection_cpp.so\x1b[0m\n'}
[3.752920] (shape_interface) StdoutLine: {'line': b'[ 75%] Built target shape_interface__rosidl_typesupport_fastrtps_cpp\n'}
[3.809119] (-) TimerEvent: {}
[3.812412] (shape_interface) StdoutLine: {'line': b'[ 75%] Built target shape_interface__rosidl_typesupport_introspection_cpp\n'}
[3.829793] (shape_interface) StdoutLine: {'line': b'[ 77%] \x1b[32m\x1b[1mLinking CXX shared library libshape_interface__rosidl_typesupport_fastrtps_c.so\x1b[0m\n'}
[3.909276] (-) TimerEvent: {}
[3.913197] (shape_interface) StdoutLine: {'line': b'[ 77%] Built target shape_interface__rosidl_typesupport_fastrtps_c\n'}
[3.940920] (shape_interface) StdoutLine: {'line': b'[ 77%] Built target shape_interface\n'}
[3.966023] (shape_interface) StdoutLine: {'line': b'[ 79%] \x1b[34m\x1b[1mGenerating Python code for ROS interfaces\x1b[0m\n'}
[4.009374] (-) TimerEvent: {}
[4.109760] (-) TimerEvent: {}
[4.210409] (-) TimerEvent: {}
[4.310893] (-) TimerEvent: {}
[4.411455] (-) TimerEvent: {}
[4.511835] (-) TimerEvent: {}
[4.612265] (-) TimerEvent: {}
[4.658533] (shape_interface) StdoutLine: {'line': b'[ 79%] Built target shape_interface__py\n'}
[4.681681] (shape_interface) StdoutLine: {'line': b'[ 85%] \x1b[32mBuilding C object CMakeFiles/shape_interface__rosidl_generator_py.dir/rosidl_generator_py/shape_interface/msg/_shape_s.c.o\x1b[0m\n'}
[4.682003] (shape_interface) StdoutLine: {'line': b'[ 85%] \x1b[32mBuilding C object CMakeFiles/shape_interface__rosidl_generator_py.dir/rosidl_generator_py/shape_interface/srv/_pixel_to_world_s.c.o\x1b[0m\n'}
[4.682124] (shape_interface) StdoutLine: {'line': b'[ 85%] \x1b[32mBuilding C object CMakeFiles/shape_interface__rosidl_generator_py.dir/rosidl_generator_py/shape_interface/srv/_get_shape_s.c.o\x1b[0m\n'}
[4.712431] (-) TimerEvent: {}
[4.812966] (-) TimerEvent: {}
[4.829249] (shape_interface) StdoutLine: {'line': b'[ 87%] \x1b[32m\x1b[1mLinking C shared library rosidl_generator_py/shape_interface/libshape_interface__rosidl_generator_py.so\x1b[0m\n'}
[4.883793] (shape_interface) StdoutLine: {'line': b'[ 87%] Built target shape_interface__rosidl_generator_py\n'}
[4.909082] (shape_interface) StdoutLine: {'line': b'[ 89%] \x1b[32mBuilding C object CMakeFiles/shape_interface__rosidl_typesupport_c__pyext.dir/rosidl_generator_py/shape_interface/_shape_interface_s.ep.rosidl_typesupport_c.c.o\x1b[0m\n'}
[4.909672] (shape_interface) StdoutLine: {'line': b'[ 93%] \x1b[32mBuilding C object CMakeFiles/shape_interface__rosidl_typesupport_fastrtps_c__pyext.dir/rosidl_generator_py/shape_interface/_shape_interface_s.ep.rosidl_typesupport_fastrtps_c.c.o\x1b[0m\n'}
[4.909931] (shape_interface) StdoutLine: {'line': b'[ 93%] \x1b[32mBuilding C object CMakeFiles/shape_interface__rosidl_typesupport_introspection_c__pyext.dir/rosidl_generator_py/shape_interface/_shape_interface_s.ep.rosidl_typesupport_introspection_c.c.o\x1b[0m\n'}
[4.913069] (-) TimerEvent: {}
[5.013541] (-) TimerEvent: {}
[5.028896] (shape_interface) StdoutLine: {'line': b'[ 97%] \x1b[32m\x1b[1mLinking C shared library rosidl_generator_py/shape_interface/shape_interface_s__rosidl_typesupport_introspection_c.cpython-310-x86_64-linux-gnu.so\x1b[0m\n'}
[5.029252] (shape_interface) StdoutLine: {'line': b'[ 97%] \x1b[32m\x1b[1mLinking C shared library rosidl_generator_py/shape_interface/shape_interface_s__rosidl_typesupport_fastrtps_c.cpython-310-x86_64-linux-gnu.so\x1b[0m\n'}
[5.032510] (shape_interface) StdoutLine: {'line': b'[100%] \x1b[32m\x1b[1mLinking C shared library rosidl_generator_py/shape_interface/shape_interface_s__rosidl_typesupport_c.cpython-310-x86_64-linux-gnu.so\x1b[0m\n'}
[5.067741] (shape_interface) StdoutLine: {'line': b'[100%] Built target shape_interface__rosidl_typesupport_introspection_c__pyext\n'}
[5.071628] (shape_interface) StdoutLine: {'line': b'[100%] Built target shape_interface__rosidl_typesupport_c__pyext\n'}
[5.072134] (shape_interface) StdoutLine: {'line': b'[100%] Built target shape_interface__rosidl_typesupport_fastrtps_c__pyext\n'}
[5.084586] (shape_interface) CommandEnded: {'returncode': 0}
[5.085796] (shape_interface) JobProgress: {'identifier': 'shape_interface', 'progress': 'install'}
[5.086124] (shape_interface) Command: {'cmd': ['/usr/bin/cmake', '--install', '/home/p1kachu/eYRC_26-27_Hola-The-Explorer/Software/workspace/build/shape_interface'], 'cwd': '/home/p1kachu/eYRC_26-27_Hola-The-Explorer/Software/workspace/build/shape_interface', 'env': OrderedDict([('LESSOPEN', '| /usr/bin/lesspipe %s'), ('LANGUAGE', 'en_IN:en'), ('USER', 'p1kachu'), ('XDG_SESSION_TYPE', 'x11'), ('SHLVL', '1'), ('LD_LIBRARY_PATH', '/opt/ros/humble/opt/rviz_ogre_vendor/lib:/opt/ros/humble/lib/x86_64-linux-gnu:/opt/ros/humble/lib'), ('HOME', '/home/p1kachu'), ('OLDPWD', '/home/p1kachu/eYRC_26-27_Hola-The-Explorer'), ('DESKTOP_SESSION', 'ubuntu'), ('ROS_PYTHON_VERSION', '3'), ('GNOME_SHELL_SESSION_MODE', 'ubuntu'), ('GTK_MODULES', 'gail:atk-bridge'), ('MANAGERPID', '2018'), ('SYSTEMD_EXEC_PID', '2558'), ('DBUS_SESSION_BUS_ADDRESS', 'unix:path=/run/user/1000/bus'), ('COLORTERM', 'truecolor'), ('TERMINATOR_DBUS_NAME', 'net.tenshu.Terminator23558193cd9818af7fe4d2c2f5bd9d00f'), ('GIO_LAUNCHED_DESKTOP_FILE_PID', '10583'), ('IM_CONFIG_PHASE', '1'), ('ROS_DISTRO', 'humble'), ('GTK_IM_MODULE', 'ibus'), ('LOGNAME', 'p1kachu'), ('JOURNAL_STREAM', '8:26786'), ('_', '/usr/bin/colcon'), ('ROS_VERSION', '2'), ('XDG_SESSION_CLASS', 'user'), ('USERNAME', 'p1kachu'), ('TERM', 'xterm-256color'), ('GNOME_DESKTOP_SESSION_ID', 'this-is-deprecated'), ('ROS_LOCALHOST_ONLY', '0'), ('WINDOWPATH', '2'), ('PATH', '/opt/ros/humble/bin:/home/p1kachu/.local/bin:/usr/local/sbin:/usr/local/bin:/usr/sbin:/usr/bin:/sbin:/bin:/usr/games:/usr/local/games:/snap/bin:/snap/bin'), ('SESSION_MANAGER', 'local/virus:@/tmp/.ICE-unix/2345,unix/virus:/tmp/.ICE-unix/2345'), ('INVOCATION_ID', '0568aa4d7ded4c51939fbdc4c2995f42'), ('XDG_MENU_PREFIX', 'gnome-'), ('XDG_RUNTIME_DIR', '/run/user/1000'), ('DISPLAY', ':1'), ('TERMINATOR_DBUS_PATH', '/net/tenshu/Terminator2'), ('LANG', 'en_US.UTF-8'), ('XDG_CURRENT_DESKTOP', 'ubuntu:GNOME'), ('IBUS_DISABLE_SNOOPER', '1'), ('XMODIFIERS', '@im=ibus'), ('XDG_SESSION_DESKTOP', 'ubuntu'), ('XAUTHORITY', '/run/user/1000/gdm/Xauthority'), ('LS_COLORS', 'rs=0:di=01;34:ln=01;36:mh=00:pi=40;33:so=01;35:do=01;35:bd=40;33;01:cd=40;33;01:or=40;31;01:mi=00:su=37;41:sg=30;43:ca=30;41:tw=30;42:ow=34;42:st=37;44:ex=01;32:*.tar=01;31:*.tgz=01;31:*.arc=01;31:*.arj=01;31:*.taz=01;31:*.lha=01;31:*.lz4=01;31:*.lzh=01;31:*.lzma=01;31:*.tlz=01;31:*.txz=01;31:*.tzo=01;31:*.t7z=01;31:*.zip=01;31:*.z=01;31:*.dz=01;31:*.gz=01;31:*.lrz=01;31:*.lz=01;31:*.lzo=01;31:*.xz=01;31:*.zst=01;31:*.tzst=01;31:*.bz2=01;31:*.bz=01;31:*.tbz=01;31:*.tbz2=01;31:*.tz=01;31:*.deb=01;31:*.rpm=01;31:*.jar=01;31:*.war=01;31:*.ear=01;31:*.sar=01;31:*.rar=01;31:*.alz=01;31:*.ace=01;31:*.zoo=01;31:*.cpio=01;31:*.7z=01;31:*.rz=01;31:*.cab=01;31:*.wim=01;31:*.swm=01;31:*.dwm=01;31:*.esd=01;31:*.jpg=01;35:*.jpeg=01;35:*.mjpg=01;35:*.mjpeg=01;35:*.gif=01;35:*.bmp=01;35:*.pbm=01;35:*.pgm=01;35:*.ppm=01;35:*.tga=01;35:*.xbm=01;35:*.xpm=01;35:*.tif=01;35:*.tiff=01;35:*.png=01;35:*.svg=01;35:*.svgz=01;35:*.mng=01;35:*.pcx=01;35:*.mov=01;35:*.mpg=01;35:*.mpeg=01;35:*.m2v=01;35:*.mkv=01;35:*.webm=01;35:*.webp=01;35:*.ogm=01;35:*.mp4=01;35:*.m4v=01;35:*.mp4v=01;35:*.vob=01;35:*.qt=01;35:*.nuv=01;35:*.wmv=01;35:*.asf=01;35:*.rm=01;35:*.rmvb=01;35:*.flc=01;35:*.avi=01;35:*.fli=01;35:*.flv=01;35:*.gl=01;35:*.dl=01;35:*.xcf=01;35:*.xwd=01;35:*.yuv=01;35:*.cgm=01;35:*.emf=01;35:*.ogv=01;35:*.ogx=01;35:*.aac=00;36:*.au=00;36:*.flac=00;36:*.m4a=00;36:*.mid=00;36:*.midi=00;36:*.mka=00;36:*.mp3=00;36:*.mpc=00;36:*.ogg=00;36:*.ra=00;36:*.wav=00;36:*.oga=00;36:*.opus=00;36:*.spx=00;36:*.xspf=00;36:'), ('SSH_AGENT_LAUNCHER', 'gnome-keyring'), ('SSH_AUTH_SOCK', '/run/user/1000/keyring/ssh'), ('AMENT_PREFIX_PATH', '/opt/ros/humble'), ('SHELL', '/bin/bash'), ('TERMINATOR_UUID', 'urn:uuid:87b0609a-2b25-4357-adea-c227373e5774'), ('QT_ACCESSIBILITY', '1'), ('GDMSESSION', 'ubuntu'), ('LESSCLOSE', '/usr/bin/lesspipe %s %s'), ('GPG_AGENT_INFO', '/run/user/1000/gnupg/S.gpg-agent:0:1'), ('QT_IM_MODULE', 'ibus'), ('PWD', '/home/p1kachu/eYRC_26-27_Hola-The-Explorer/Software/workspace/build/shape_interface'), ('LC_ALL', 'en_US.UTF-8'), ('XDG_CONFIG_DIRS', '/etc/xdg/xdg-ubuntu:/etc/xdg'), ('XDG_DATA_DIRS', '/usr/share/ubuntu:/usr/share/gnome:/usr/local/share/:/usr/share/:/var/lib/snapd/desktop'), ('PYTHONPATH', '/opt/ros/humble/lib/python3.10/site-packages:/opt/ros/humble/local/lib/python3.10/dist-packages'), ('COLCON', '1'), ('VTE_VERSION', '6800'), ('CMAKE_PREFIX_PATH', '/opt/ros/humble')]), 'shell': False}
[5.097460] (shape_interface) StdoutLine: {'line': b'-- Install configuration: ""\n'}
[5.097665] (shape_interface) StdoutLine: {'line': b'-- Installing: /home/p1kachu/eYRC_26-27_Hola-The-Explorer/Software/workspace/install/shape_interface/share/ament_index/resource_index/rosidl_interfaces/shape_interface\n'}
[5.097872] (shape_interface) StdoutLine: {'line': b'-- Installing: /home/p1kachu/eYRC_26-27_Hola-The-Explorer/Software/workspace/install/shape_interface/include/shape_interface/shape_interface\n'}
[5.097980] (shape_interface) StdoutLine: {'line': b'-- Installing: /home/p1kachu/eYRC_26-27_Hola-The-Explorer/Software/workspace/install/shape_interface/include/shape_interface/shape_interface/srv\n'}
[5.098096] (shape_interface) StdoutLine: {'line': b'-- Installing: /home/p1kachu/eYRC_26-27_Hola-The-Explorer/Software/workspace/install/shape_interface/include/shape_interface/shape_interface/srv/get_shape.h\n'}
[5.098195] (shape_interface) StdoutLine: {'line': b'-- Installing: /home/p1kachu/eYRC_26-27_Hola-The-Explorer/Software/workspace/install/shape_interface/include/shape_interface/shape_interface/srv/pixel_to_world.h\n'}
[5.098300] (shape_interface) StdoutLine: {'line': b'-- Installing: /home/p1kachu/eYRC_26-27_Hola-The-Explorer/Software/workspace/install/shape_interface/include/shape_interface/shape_interface/srv/detail\n'}
[5.098406] (shape_interface) StdoutLine: {'line': b'-- Installing: /home/p1kachu/eYRC_26-27_Hola-The-Explorer/Software/workspace/install/shape_interface/include/shape_interface/shape_interface/srv/detail/pixel_to_world__struct.h\n'}
[5.098508] (shape_interface) StdoutLine: {'line': b'-- Installing: /home/p1kachu/eYRC_26-27_Hola-The-Explorer/Software/workspace/install/shape_interface/include/shape_interface/shape_interface/srv/detail/get_shape__struct.h\n'}
[5.098604] (shape_interface) StdoutLine: {'line': b'-- Installing: /home/p1kachu/eYRC_26-27_Hola-The-Explorer/Software/workspace/install/shape_interface/include/shape_interface/shape_interface/srv/detail/pixel_to_world__functions.c\n'}
[5.098705] (shape_interface) StdoutLine: {'line': b'-- Installing: /home/p1kachu/eYRC_26-27_Hola-The-Explorer/Software/workspace/install/shape_interface/include/shape_interface/shape_interface/srv/detail/get_shape__type_support.h\n'}
[5.098807] (shape_interface) StdoutLine: {'line': b'-- Installing: /home/p1kachu/eYRC_26-27_Hola-The-Explorer/Software/workspace/install/shape_interface/include/shape_interface/shape_interface/srv/detail/pixel_to_world__functions.h\n'}
[5.098908] (shape_interface) StdoutLine: {'line': b'-- Installing: /home/p1kachu/eYRC_26-27_Hola-The-Explorer/Software/workspace/install/shape_interface/include/shape_interface/shape_interface/srv/detail/get_shape__functions.h\n'}
[5.099017] (shape_interface) StdoutLine: {'line': b'-- Installing: /home/p1kachu/eYRC_26-27_Hola-The-Explorer/Software/workspace/install/shape_interface/include/shape_interface/shape_interface/srv/detail/pixel_to_world__type_support.h\n'}
[5.099133] (shape_interface) StdoutLine: {'line': b'-- Installing: /home/p1kachu/eYRC_26-27_Hola-The-Explorer/Software/workspace/install/shape_interface/include/shape_interface/shape_interface/srv/detail/get_shape__functions.c\n'}
[5.099214] (shape_interface) StdoutLine: {'line': b'-- Installing: /home/p1kachu/eYRC_26-27_Hola-The-Explorer/Software/workspace/install/shape_interface/include/shape_interface/shape_interface/msg\n'}
[5.099292] (shape_interface) StdoutLine: {'line': b'-- Installing: /home/p1kachu/eYRC_26-27_Hola-The-Explorer/Software/workspace/install/shape_interface/include/shape_interface/shape_interface/msg/shape.h\n'}
[5.099393] (shape_interface) StdoutLine: {'line': b'-- Installing: /home/p1kachu/eYRC_26-27_Hola-The-Explorer/Software/workspace/install/shape_interface/include/shape_interface/shape_interface/msg/detail\n'}
[5.099519] (shape_interface) StdoutLine: {'line': b'-- Installing: /home/p1kachu/eYRC_26-27_Hola-The-Explorer/Software/workspace/install/shape_interface/include/shape_interface/shape_interface/msg/detail/shape__functions.c\n'}
[5.099598] (shape_interface) StdoutLine: {'line': b'-- Installing: /home/p1kachu/eYRC_26-27_Hola-The-Explorer/Software/workspace/install/shape_interface/include/shape_interface/shape_interface/msg/detail/shape__type_support.h\n'}
[5.099677] (shape_interface) StdoutLine: {'line': b'-- Installing: /home/p1kachu/eYRC_26-27_Hola-The-Explorer/Software/workspace/install/shape_interface/include/shape_interface/shape_interface/msg/detail/shape__struct.h\n'}
[5.099778] (shape_interface) StdoutLine: {'line': b'-- Installing: /home/p1kachu/eYRC_26-27_Hola-The-Explorer/Software/workspace/install/shape_interface/include/shape_interface/shape_interface/msg/detail/shape__functions.h\n'}
[5.099853] (shape_interface) StdoutLine: {'line': b'-- Installing: /home/p1kachu/eYRC_26-27_Hola-The-Explorer/Software/workspace/install/shape_interface/include/shape_interface/shape_interface/msg/rosidl_generator_c__visibility_control.h\n'}
[5.099932] (shape_interface) StdoutLine: {'line': b'-- Installing: /home/p1kachu/eYRC_26-27_Hola-The-Explorer/Software/workspace/install/shape_interface/share/shape_interface/environment/library_path.sh\n'}
[5.100039] (shape_interface) StdoutLine: {'line': b'-- Installing: /home/p1kachu/eYRC_26-27_Hola-The-Explorer/Software/workspace/install/shape_interface/share/shape_interface/environment/library_path.dsv\n'}
[5.100140] (shape_interface) StdoutLine: {'line': b'-- Installing: /home/p1kachu/eYRC_26-27_Hola-The-Explorer/Software/workspace/install/shape_interface/lib/libshape_interface__rosidl_generator_c.so\n'}
[5.100319] (shape_interface) StdoutLine: {'line': b'-- Set runtime path of "/home/p1kachu/eYRC_26-27_Hola-The-Explorer/Software/workspace/install/shape_interface/lib/libshape_interface__rosidl_generator_c.so" to ""\n'}
[5.100440] (shape_interface) StdoutLine: {'line': b'-- Up-to-date: /home/p1kachu/eYRC_26-27_Hola-The-Explorer/Software/workspace/install/shape_interface/include/shape_interface/shape_interface\n'}
[5.100524] (shape_interface) StdoutLine: {'line': b'-- Up-to-date: /home/p1kachu/eYRC_26-27_Hola-The-Explorer/Software/workspace/install/shape_interface/include/shape_interface/shape_interface/srv\n'}
[5.100603] (shape_interface) StdoutLine: {'line': b'-- Up-to-date: /home/p1kachu/eYRC_26-27_Hola-The-Explorer/Software/workspace/install/shape_interface/include/shape_interface/shape_interface/srv/detail\n'}
[5.100701] (shape_interface) StdoutLine: {'line': b'-- Installing: /home/p1kachu/eYRC_26-27_Hola-The-Explorer/Software/workspace/install/shape_interface/include/shape_interface/shape_interface/srv/detail/pixel_to_world__rosidl_typesupport_fastrtps_c.h\n'}
[5.100825] (shape_interface) StdoutLine: {'line': b'-- Installing: /home/p1kachu/eYRC_26-27_Hola-The-Explorer/Software/workspace/install/shape_interface/include/shape_interface/shape_interface/srv/detail/get_shape__rosidl_typesupport_fastrtps_c.h\n'}
[5.100897] (shape_interface) StdoutLine: {'line': b'-- Up-to-date: /home/p1kachu/eYRC_26-27_Hola-The-Explorer/Software/workspace/install/shape_interface/include/shape_interface/shape_interface/msg\n'}
[5.100974] (shape_interface) StdoutLine: {'line': b'-- Up-to-date: /home/p1kachu/eYRC_26-27_Hola-The-Explorer/Software/workspace/install/shape_interface/include/shape_interface/shape_interface/msg/detail\n'}
[5.101117] (shape_interface) StdoutLine: {'line': b'-- Installing: /home/p1kachu/eYRC_26-27_Hola-The-Explorer/Software/workspace/install/shape_interface/include/shape_interface/shape_interface/msg/detail/shape__rosidl_typesupport_fastrtps_c.h\n'}
[5.101196] (shape_interface) StdoutLine: {'line': b'-- Installing: /home/p1kachu/eYRC_26-27_Hola-The-Explorer/Software/workspace/install/shape_interface/include/shape_interface/shape_interface/msg/rosidl_typesupport_fastrtps_c__visibility_control.h\n'}
[5.101272] (shape_interface) StdoutLine: {'line': b'-- Installing: /home/p1kachu/eYRC_26-27_Hola-The-Explorer/Software/workspace/install/shape_interface/lib/libshape_interface__rosidl_typesupport_fastrtps_c.so\n'}
[5.101368] (shape_interface) StdoutLine: {'line': b'-- Set runtime path of "/home/p1kachu/eYRC_26-27_Hola-The-Explorer/Software/workspace/install/shape_interface/lib/libshape_interface__rosidl_typesupport_fastrtps_c.so" to ""\n'}
[5.101481] (shape_interface) StdoutLine: {'line': b'-- Up-to-date: /home/p1kachu/eYRC_26-27_Hola-The-Explorer/Software/workspace/install/shape_interface/include/shape_interface/shape_interface\n'}
[5.101566] (shape_interface) StdoutLine: {'line': b'-- Up-to-date: /home/p1kachu/eYRC_26-27_Hola-The-Explorer/Software/workspace/install/shape_interface/include/shape_interface/shape_interface/srv\n'}
[5.101639] (shape_interface) StdoutLine: {'line': b'-- Up-to-date: /home/p1kachu/eYRC_26-27_Hola-The-Explorer/Software/workspace/install/shape_interface/include/shape_interface/shape_interface/srv/detail\n'}
[5.101713] (shape_interface) StdoutLine: {'line': b'-- Installing: /home/p1kachu/eYRC_26-27_Hola-The-Explorer/Software/workspace/install/shape_interface/include/shape_interface/shape_interface/srv/detail/get_shape__rosidl_typesupport_introspection_c.h\n'}
[5.101788] (shape_interface) StdoutLine: {'line': b'-- Installing: /home/p1kachu/eYRC_26-27_Hola-The-Explorer/Software/workspace/install/shape_interface/include/shape_interface/shape_interface/srv/detail/get_shape__type_support.c\n'}
[5.101863] (shape_interface) StdoutLine: {'line': b'-- Installing: /home/p1kachu/eYRC_26-27_Hola-The-Explorer/Software/workspace/install/shape_interface/include/shape_interface/shape_interface/srv/detail/pixel_to_world__rosidl_typesupport_introspection_c.h\n'}
[5.101960] (shape_interface) StdoutLine: {'line': b'-- Installing: /home/p1kachu/eYRC_26-27_Hola-The-Explorer/Software/workspace/install/shape_interface/include/shape_interface/shape_interface/srv/detail/pixel_to_world__type_support.c\n'}
[5.102082] (shape_interface) StdoutLine: {'line': b'-- Up-to-date: /home/p1kachu/eYRC_26-27_Hola-The-Explorer/Software/workspace/install/shape_interface/include/shape_interface/shape_interface/msg\n'}
[5.102168] (shape_interface) StdoutLine: {'line': b'-- Installing: /home/p1kachu/eYRC_26-27_Hola-The-Explorer/Software/workspace/install/shape_interface/include/shape_interface/shape_interface/msg/rosidl_typesupport_introspection_c__visibility_control.h\n'}
[5.102239] (shape_interface) StdoutLine: {'line': b'-- Up-to-date: /home/p1kachu/eYRC_26-27_Hola-The-Explorer/Software/workspace/install/shape_interface/include/shape_interface/shape_interface/msg/detail\n'}
[5.102308] (shape_interface) StdoutLine: {'line': b'-- Installing: /home/p1kachu/eYRC_26-27_Hola-The-Explorer/Software/workspace/install/shape_interface/include/shape_interface/shape_interface/msg/detail/shape__type_support.c\n'}
[5.102377] (shape_interface) StdoutLine: {'line': b'-- Installing: /home/p1kachu/eYRC_26-27_Hola-The-Explorer/Software/workspace/install/shape_interface/include/shape_interface/shape_interface/msg/detail/shape__rosidl_typesupport_introspection_c.h\n'}
[5.102451] (shape_interface) StdoutLine: {'line': b'-- Installing: /home/p1kachu/eYRC_26-27_Hola-The-Explorer/Software/workspace/install/shape_interface/lib/libshape_interface__rosidl_typesupport_introspection_c.so\n'}
[5.102549] (shape_interface) StdoutLine: {'line': b'-- Set runtime path of "/home/p1kachu/eYRC_26-27_Hola-The-Explorer/Software/workspace/install/shape_interface/lib/libshape_interface__rosidl_typesupport_introspection_c.so" to ""\n'}
[5.102647] (shape_interface) StdoutLine: {'line': b'-- Installing: /home/p1kachu/eYRC_26-27_Hola-The-Explorer/Software/workspace/install/shape_interface/lib/libshape_interface__rosidl_typesupport_c.so\n'}
[5.102741] (shape_interface) StdoutLine: {'line': b'-- Set runtime path of "/home/p1kachu/eYRC_26-27_Hola-The-Explorer/Software/workspace/install/shape_interface/lib/libshape_interface__rosidl_typesupport_c.so" to ""\n'}
[5.102837] (shape_interface) StdoutLine: {'line': b'-- Up-to-date: /home/p1kachu/eYRC_26-27_Hola-The-Explorer/Software/workspace/install/shape_interface/include/shape_interface/shape_interface\n'}
[5.102957] (shape_interface) StdoutLine: {'line': b'-- Up-to-date: /home/p1kachu/eYRC_26-27_Hola-The-Explorer/Software/workspace/install/shape_interface/include/shape_interface/shape_interface/srv\n'}
[5.103040] (shape_interface) StdoutLine: {'line': b'-- Installing: /home/p1kachu/eYRC_26-27_Hola-The-Explorer/Software/workspace/install/shape_interface/include/shape_interface/shape_interface/srv/pixel_to_world.hpp\n'}
[5.103135] (shape_interface) StdoutLine: {'line': b'-- Up-to-date: /home/p1kachu/eYRC_26-27_Hola-The-Explorer/Software/workspace/install/shape_interface/include/shape_interface/shape_interface/srv/detail\n'}
[5.103213] (shape_interface) StdoutLine: {'line': b'-- Installing: /home/p1kachu/eYRC_26-27_Hola-The-Explorer/Software/workspace/install/shape_interface/include/shape_interface/shape_interface/srv/detail/pixel_to_world__type_support.hpp\n'}
[5.103291] (shape_interface) StdoutLine: {'line': b'-- Installing: /home/p1kachu/eYRC_26-27_Hola-The-Explorer/Software/workspace/install/shape_interface/include/shape_interface/shape_interface/srv/detail/pixel_to_world__struct.hpp\n'}
[5.103388] (shape_interface) StdoutLine: {'line': b'-- Installing: /home/p1kachu/eYRC_26-27_Hola-The-Explorer/Software/workspace/install/shape_interface/include/shape_interface/shape_interface/srv/detail/get_shape__traits.hpp\n'}
[5.103512] (shape_interface) StdoutLine: {'line': b'-- Installing: /home/p1kachu/eYRC_26-27_Hola-The-Explorer/Software/workspace/install/shape_interface/include/shape_interface/shape_interface/srv/detail/get_shape__type_support.hpp\n'}
[5.103621] (shape_interface) StdoutLine: {'line': b'-- Installing: /home/p1kachu/eYRC_26-27_Hola-The-Explorer/Software/workspace/install/shape_interface/include/shape_interface/shape_interface/srv/detail/pixel_to_world__traits.hpp\n'}
[5.103698] (shape_interface) StdoutLine: {'line': b'-- Installing: /home/p1kachu/eYRC_26-27_Hola-The-Explorer/Software/workspace/install/shape_interface/include/shape_interface/shape_interface/srv/detail/pixel_to_world__builder.hpp\n'}
[5.103801] (shape_interface) StdoutLine: {'line': b'-- Installing: /home/p1kachu/eYRC_26-27_Hola-The-Explorer/Software/workspace/install/shape_interface/include/shape_interface/shape_interface/srv/detail/get_shape__struct.hpp\n'}
[5.103877] (shape_interface) StdoutLine: {'line': b'-- Installing: /home/p1kachu/eYRC_26-27_Hola-The-Explorer/Software/workspace/install/shape_interface/include/shape_interface/shape_interface/srv/detail/get_shape__builder.hpp\n'}
[5.103954] (shape_interface) StdoutLine: {'line': b'-- Installing: /home/p1kachu/eYRC_26-27_Hola-The-Explorer/Software/workspace/install/shape_interface/include/shape_interface/shape_interface/srv/get_shape.hpp\n'}
[5.104035] (shape_interface) StdoutLine: {'line': b'-- Up-to-date: /home/p1kachu/eYRC_26-27_Hola-The-Explorer/Software/workspace/install/shape_interface/include/shape_interface/shape_interface/msg\n'}
[5.104162] (shape_interface) StdoutLine: {'line': b'-- Installing: /home/p1kachu/eYRC_26-27_Hola-The-Explorer/Software/workspace/install/shape_interface/include/shape_interface/shape_interface/msg/rosidl_generator_cpp__visibility_control.hpp\n'}
[5.104239] (shape_interface) StdoutLine: {'line': b'-- Up-to-date: /home/p1kachu/eYRC_26-27_Hola-The-Explorer/Software/workspace/install/shape_interface/include/shape_interface/shape_interface/msg/detail\n'}
[5.104314] (shape_interface) StdoutLine: {'line': b'-- Installing: /home/p1kachu/eYRC_26-27_Hola-The-Explorer/Software/workspace/install/shape_interface/include/shape_interface/shape_interface/msg/detail/shape__builder.hpp\n'}
[5.104389] (shape_interface) StdoutLine: {'line': b'-- Installing: /home/p1kachu/eYRC_26-27_Hola-The-Explorer/Software/workspace/install/shape_interface/include/shape_interface/shape_interface/msg/detail/shape__traits.hpp\n'}
[5.104463] (shape_interface) StdoutLine: {'line': b'-- Installing: /home/p1kachu/eYRC_26-27_Hola-The-Explorer/Software/workspace/install/shape_interface/include/shape_interface/shape_interface/msg/detail/shape__type_support.hpp\n'}
[5.104539] (shape_interface) StdoutLine: {'line': b'-- Installing: /home/p1kachu/eYRC_26-27_Hola-The-Explorer/Software/workspace/install/shape_interface/include/shape_interface/shape_interface/msg/detail/shape__struct.hpp\n'}
[5.104636] (shape_interface) StdoutLine: {'line': b'-- Installing: /home/p1kachu/eYRC_26-27_Hola-The-Explorer/Software/workspace/install/shape_interface/include/shape_interface/shape_interface/msg/shape.hpp\n'}
[5.104779] (shape_interface) StdoutLine: {'line': b'-- Up-to-date: /home/p1kachu/eYRC_26-27_Hola-The-Explorer/Software/workspace/install/shape_interface/include/shape_interface/shape_interface\n'}
[5.104853] (shape_interface) StdoutLine: {'line': b'-- Up-to-date: /home/p1kachu/eYRC_26-27_Hola-The-Explorer/Software/workspace/install/shape_interface/include/shape_interface/shape_interface/srv\n'}
[5.104929] (shape_interface) StdoutLine: {'line': b'-- Up-to-date: /home/p1kachu/eYRC_26-27_Hola-The-Explorer/Software/workspace/install/shape_interface/include/shape_interface/shape_interface/srv/detail\n'}
[5.105004] (shape_interface) StdoutLine: {'line': b'-- Installing: /home/p1kachu/eYRC_26-27_Hola-The-Explorer/Software/workspace/install/shape_interface/include/shape_interface/shape_interface/srv/detail/pixel_to_world__rosidl_typesupport_fastrtps_cpp.hpp\n'}
[5.105111] (shape_interface) StdoutLine: {'line': b'-- Installing: /home/p1kachu/eYRC_26-27_Hola-The-Explorer/Software/workspace/install/shape_interface/include/shape_interface/shape_interface/srv/detail/get_shape__rosidl_typesupport_fastrtps_cpp.hpp\n'}
[5.105184] (shape_interface) StdoutLine: {'line': b'-- Installing: /home/p1kachu/eYRC_26-27_Hola-The-Explorer/Software/workspace/install/shape_interface/include/shape_interface/shape_interface/srv/detail/dds_fastrtps\n'}
[5.105253] (shape_interface) StdoutLine: {'line': b'-- Up-to-date: /home/p1kachu/eYRC_26-27_Hola-The-Explorer/Software/workspace/install/shape_interface/include/shape_interface/shape_interface/msg\n'}
[5.105342] (shape_interface) StdoutLine: {'line': b'-- Installing: /home/p1kachu/eYRC_26-27_Hola-The-Explorer/Software/workspace/install/shape_interface/include/shape_interface/shape_interface/msg/rosidl_typesupport_fastrtps_cpp__visibility_control.h\n'}
[5.105417] (shape_interface) StdoutLine: {'line': b'-- Up-to-date: /home/p1kachu/eYRC_26-27_Hola-The-Explorer/Software/workspace/install/shape_interface/include/shape_interface/shape_interface/msg/detail\n'}
[5.105491] (shape_interface) StdoutLine: {'line': b'-- Installing: /home/p1kachu/eYRC_26-27_Hola-The-Explorer/Software/workspace/install/shape_interface/include/shape_interface/shape_interface/msg/detail/dds_fastrtps\n'}
[5.105566] (shape_interface) StdoutLine: {'line': b'-- Installing: /home/p1kachu/eYRC_26-27_Hola-The-Explorer/Software/workspace/install/shape_interface/include/shape_interface/shape_interface/msg/detail/shape__rosidl_typesupport_fastrtps_cpp.hpp\n'}
[5.105683] (shape_interface) StdoutLine: {'line': b'-- Installing: /home/p1kachu/eYRC_26-27_Hola-The-Explorer/Software/workspace/install/shape_interface/lib/libshape_interface__rosidl_typesupport_fastrtps_cpp.so\n'}
[5.105758] (shape_interface) StdoutLine: {'line': b'-- Set runtime path of "/home/p1kachu/eYRC_26-27_Hola-The-Explorer/Software/workspace/install/shape_interface/lib/libshape_interface__rosidl_typesupport_fastrtps_cpp.so" to ""\n'}
[5.105832] (shape_interface) StdoutLine: {'line': b'-- Up-to-date: /home/p1kachu/eYRC_26-27_Hola-The-Explorer/Software/workspace/install/shape_interface/include/shape_interface/shape_interface\n'}
[5.105908] (shape_interface) StdoutLine: {'line': b'-- Up-to-date: /home/p1kachu/eYRC_26-27_Hola-The-Explorer/Software/workspace/install/shape_interface/include/shape_interface/shape_interface/srv\n'}
[5.105982] (shape_interface) StdoutLine: {'line': b'-- Up-to-date: /home/p1kachu/eYRC_26-27_Hola-The-Explorer/Software/workspace/install/shape_interface/include/shape_interface/shape_interface/srv/detail\n'}
[5.106108] (shape_interface) StdoutLine: {'line': b'-- Installing: /home/p1kachu/eYRC_26-27_Hola-The-Explorer/Software/workspace/install/shape_interface/include/shape_interface/shape_interface/srv/detail/get_shape__type_support.cpp\n'}
[5.106190] (shape_interface) StdoutLine: {'line': b'-- Installing: /home/p1kachu/eYRC_26-27_Hola-The-Explorer/Software/workspace/install/shape_interface/include/shape_interface/shape_interface/srv/detail/pixel_to_world__rosidl_typesupport_introspection_cpp.hpp\n'}
[5.106262] (shape_interface) StdoutLine: {'line': b'-- Installing: /home/p1kachu/eYRC_26-27_Hola-The-Explorer/Software/workspace/install/shape_interface/include/shape_interface/shape_interface/srv/detail/pixel_to_world__type_support.cpp\n'}
[5.106331] (shape_interface) StdoutLine: {'line': b'-- Installing: /home/p1kachu/eYRC_26-27_Hola-The-Explorer/Software/workspace/install/shape_interface/include/shape_interface/shape_interface/srv/detail/get_shape__rosidl_typesupport_introspection_cpp.hpp\n'}
[5.106404] (shape_interface) StdoutLine: {'line': b'-- Up-to-date: /home/p1kachu/eYRC_26-27_Hola-The-Explorer/Software/workspace/install/shape_interface/include/shape_interface/shape_interface/msg\n'}
[5.106479] (shape_interface) StdoutLine: {'line': b'-- Up-to-date: /home/p1kachu/eYRC_26-27_Hola-The-Explorer/Software/workspace/install/shape_interface/include/shape_interface/shape_interface/msg/detail\n'}
[5.106555] (shape_interface) StdoutLine: {'line': b'-- Installing: /home/p1kachu/eYRC_26-27_Hola-The-Explorer/Software/workspace/install/shape_interface/include/shape_interface/shape_interface/msg/detail/shape__rosidl_typesupport_introspection_cpp.hpp\n'}
[5.106630] (shape_interface) StdoutLine: {'line': b'-- Installing: /home/p1kachu/eYRC_26-27_Hola-The-Explorer/Software/workspace/install/shape_interface/include/shape_interface/shape_interface/msg/detail/shape__type_support.cpp\n'}
[5.106704] (shape_interface) StdoutLine: {'line': b'-- Installing: /home/p1kachu/eYRC_26-27_Hola-The-Explorer/Software/workspace/install/shape_interface/lib/libshape_interface__rosidl_typesupport_introspection_cpp.so\n'}
[5.106813] (shape_interface) StdoutLine: {'line': b'-- Set runtime path of "/home/p1kachu/eYRC_26-27_Hola-The-Explorer/Software/workspace/install/shape_interface/lib/libshape_interface__rosidl_typesupport_introspection_cpp.so" to ""\n'}
[5.106887] (shape_interface) StdoutLine: {'line': b'-- Installing: /home/p1kachu/eYRC_26-27_Hola-The-Explorer/Software/workspace/install/shape_interface/lib/libshape_interface__rosidl_typesupport_cpp.so\n'}
[5.106961] (shape_interface) StdoutLine: {'line': b'-- Set runtime path of "/home/p1kachu/eYRC_26-27_Hola-The-Explorer/Software/workspace/install/shape_interface/lib/libshape_interface__rosidl_typesupport_cpp.so" to ""\n'}
[5.107042] (shape_interface) StdoutLine: {'line': b'-- Installing: /home/p1kachu/eYRC_26-27_Hola-The-Explorer/Software/workspace/install/shape_interface/share/shape_interface/environment/pythonpath.sh\n'}
[5.107158] (shape_interface) StdoutLine: {'line': b'-- Installing: /home/p1kachu/eYRC_26-27_Hola-The-Explorer/Software/workspace/install/shape_interface/share/shape_interface/environment/pythonpath.dsv\n'}
[5.107240] (shape_interface) StdoutLine: {'line': b'-- Installing: /home/p1kachu/eYRC_26-27_Hola-The-Explorer/Software/workspace/install/shape_interface/local/lib/python3.10/dist-packages/shape_interface-0.0.0-py3.10.egg-info\n'}
[5.107317] (shape_interface) StdoutLine: {'line': b'-- Installing: /home/p1kachu/eYRC_26-27_Hola-The-Explorer/Software/workspace/install/shape_interface/local/lib/python3.10/dist-packages/shape_interface-0.0.0-py3.10.egg-info/SOURCES.txt\n'}
[5.107395] (shape_interface) StdoutLine: {'line': b'-- Installing: /home/p1kachu/eYRC_26-27_Hola-The-Explorer/Software/workspace/install/shape_interface/local/lib/python3.10/dist-packages/shape_interface-0.0.0-py3.10.egg-info/top_level.txt\n'}
[5.107492] (shape_interface) StdoutLine: {'line': b'-- Installing: /home/p1kachu/eYRC_26-27_Hola-The-Explorer/Software/workspace/install/shape_interface/local/lib/python3.10/dist-packages/shape_interface-0.0.0-py3.10.egg-info/PKG-INFO\n'}
[5.107605] (shape_interface) StdoutLine: {'line': b'-- Installing: /home/p1kachu/eYRC_26-27_Hola-The-Explorer/Software/workspace/install/shape_interface/local/lib/python3.10/dist-packages/shape_interface-0.0.0-py3.10.egg-info/dependency_links.txt\n'}
[5.107699] (shape_interface) StdoutLine: {'line': b'-- Installing: /home/p1kachu/eYRC_26-27_Hola-The-Explorer/Software/workspace/install/shape_interface/local/lib/python3.10/dist-packages/shape_interface\n'}
[5.107775] (shape_interface) StdoutLine: {'line': b'-- Installing: /home/p1kachu/eYRC_26-27_Hola-The-Explorer/Software/workspace/install/shape_interface/local/lib/python3.10/dist-packages/shape_interface/_shape_interface_s.ep.rosidl_typesupport_fastrtps_c.c\n'}
[5.107851] (shape_interface) StdoutLine: {'line': b'-- Installing: /home/p1kachu/eYRC_26-27_Hola-The-Explorer/Software/workspace/install/shape_interface/local/lib/python3.10/dist-packages/shape_interface/srv\n'}
[5.107954] (shape_interface) StdoutLine: {'line': b'-- Installing: /home/p1kachu/eYRC_26-27_Hola-The-Explorer/Software/workspace/install/shape_interface/local/lib/python3.10/dist-packages/shape_interface/srv/_get_shape.py\n'}
[5.108042] (shape_interface) StdoutLine: {'line': b'-- Installing: /home/p1kachu/eYRC_26-27_Hola-The-Explorer/Software/workspace/install/shape_interface/local/lib/python3.10/dist-packages/shape_interface/srv/__init__.py\n'}
[5.108154] (shape_interface) StdoutLine: {'line': b'-- Installing: /home/p1kachu/eYRC_26-27_Hola-The-Explorer/Software/workspace/install/shape_interface/local/lib/python3.10/dist-packages/shape_interface/srv/_pixel_to_world.py\n'}
[5.108227] (shape_interface) StdoutLine: {'line': b'-- Installing: /home/p1kachu/eYRC_26-27_Hola-The-Explorer/Software/workspace/install/shape_interface/local/lib/python3.10/dist-packages/shape_interface/srv/_pixel_to_world_s.c\n'}
[5.108302] (shape_interface) StdoutLine: {'line': b'-- Installing: /home/p1kachu/eYRC_26-27_Hola-The-Explorer/Software/workspace/install/shape_interface/local/lib/python3.10/dist-packages/shape_interface/srv/_get_shape_s.c\n'}
[5.108400] (shape_interface) StdoutLine: {'line': b'-- Installing: /home/p1kachu/eYRC_26-27_Hola-The-Explorer/Software/workspace/install/shape_interface/local/lib/python3.10/dist-packages/shape_interface/libshape_interface__rosidl_generator_py.so\n'}
[5.108483] (shape_interface) StdoutLine: {'line': b'-- Installing: /home/p1kachu/eYRC_26-27_Hola-The-Explorer/Software/workspace/install/shape_interface/local/lib/python3.10/dist-packages/shape_interface/msg\n'}
[5.108561] (shape_interface) StdoutLine: {'line': b'-- Installing: /home/p1kachu/eYRC_26-27_Hola-The-Explorer/Software/workspace/install/shape_interface/local/lib/python3.10/dist-packages/shape_interface/msg/_shape.py\n'}
[5.108657] (shape_interface) StdoutLine: {'line': b'-- Installing: /home/p1kachu/eYRC_26-27_Hola-The-Explorer/Software/workspace/install/shape_interface/local/lib/python3.10/dist-packages/shape_interface/msg/__init__.py\n'}
[5.108758] (shape_interface) StdoutLine: {'line': b'-- Installing: /home/p1kachu/eYRC_26-27_Hola-The-Explorer/Software/workspace/install/shape_interface/local/lib/python3.10/dist-packages/shape_interface/msg/_shape_s.c\n'}
[5.108866] (shape_interface) StdoutLine: {'line': b'-- Installing: /home/p1kachu/eYRC_26-27_Hola-The-Explorer/Software/workspace/install/shape_interface/local/lib/python3.10/dist-packages/shape_interface/shape_interface_s__rosidl_typesupport_fastrtps_c.cpython-310-x86_64-linux-gnu.so\n'}
[5.108968] (shape_interface) StdoutLine: {'line': b'-- Installing: /home/p1kachu/eYRC_26-27_Hola-The-Explorer/Software/workspace/install/shape_interface/local/lib/python3.10/dist-packages/shape_interface/_shape_interface_s.ep.rosidl_typesupport_introspection_c.c\n'}
[5.109115] (shape_interface) StdoutLine: {'line': b'-- Installing: /home/p1kachu/eYRC_26-27_Hola-The-Explorer/Software/workspace/install/shape_interface/local/lib/python3.10/dist-packages/shape_interface/__init__.py\n'}
[5.109197] (shape_interface) StdoutLine: {'line': b'-- Installing: /home/p1kachu/eYRC_26-27_Hola-The-Explorer/Software/workspace/install/shape_interface/local/lib/python3.10/dist-packages/shape_interface/shape_interface_s__rosidl_typesupport_introspection_c.cpython-310-x86_64-linux-gnu.so\n'}
[5.109276] (shape_interface) StdoutLine: {'line': b'-- Installing: /home/p1kachu/eYRC_26-27_Hola-The-Explorer/Software/workspace/install/shape_interface/local/lib/python3.10/dist-packages/shape_interface/shape_interface_s__rosidl_typesupport_c.cpython-310-x86_64-linux-gnu.so\n'}
[5.109374] (shape_interface) StdoutLine: {'line': b'-- Installing: /home/p1kachu/eYRC_26-27_Hola-The-Explorer/Software/workspace/install/shape_interface/local/lib/python3.10/dist-packages/shape_interface/_shape_interface_s.ep.rosidl_typesupport_c.c\n'}
[5.113598] (-) TimerEvent: {}
[5.150432] (shape_interface) StdoutLine: {'line': b"Listing '/home/p1kachu/eYRC_26-27_Hola-The-Explorer/Software/workspace/install/shape_interface/local/lib/python3.10/dist-packages/shape_interface'...\n"}
[5.150692] (shape_interface) StdoutLine: {'line': b"Compiling '/home/p1kachu/eYRC_26-27_Hola-The-Explorer/Software/workspace/install/shape_interface/local/lib/python3.10/dist-packages/shape_interface/__init__.py'...\n"}
[5.150782] (shape_interface) StdoutLine: {'line': b"Listing '/home/p1kachu/eYRC_26-27_Hola-The-Explorer/Software/workspace/install/shape_interface/local/lib/python3.10/dist-packages/shape_interface/msg'...\n"}
[5.150863] (shape_interface) StdoutLine: {'line': b"Compiling '/home/p1kachu/eYRC_26-27_Hola-The-Explorer/Software/workspace/install/shape_interface/local/lib/python3.10/dist-packages/shape_interface/msg/__init__.py'...\n"}
[5.150959] (shape_interface) StdoutLine: {'line': b"Compiling '/home/p1kachu/eYRC_26-27_Hola-The-Explorer/Software/workspace/install/shape_interface/local/lib/python3.10/dist-packages/shape_interface/msg/_shape.py'...\n"}
[5.151055] (shape_interface) StdoutLine: {'line': b"Listing '/home/p1kachu/eYRC_26-27_Hola-The-Explorer/Software/workspace/install/shape_interface/local/lib/python3.10/dist-packages/shape_interface/srv'...\n"}
[5.151152] (shape_interface) StdoutLine: {'line': b"Compiling '/home/p1kachu/eYRC_26-27_Hola-The-Explorer/Software/workspace/install/shape_interface/local/lib/python3.10/dist-packages/shape_interface/srv/__init__.py'...\n"}
[5.151230] (shape_interface) StdoutLine: {'line': b"Compiling '/home/p1kachu/eYRC_26-27_Hola-The-Explorer/Software/workspace/install/shape_interface/local/lib/python3.10/dist-packages/shape_interface/srv/_get_shape.py'...\n"}
[5.151308] (shape_interface) StdoutLine: {'line': b"Compiling '/home/p1kachu/eYRC_26-27_Hola-The-Explorer/Software/workspace/install/shape_interface/local/lib/python3.10/dist-packages/shape_interface/srv/_pixel_to_world.py'...\n"}
[5.156393] (shape_interface) StdoutLine: {'line': b'-- Installing: /home/p1kachu/eYRC_26-27_Hola-The-Explorer/Software/workspace/install/shape_interface/local/lib/python3.10/dist-packages/shape_interface/shape_interface_s__rosidl_typesupport_fastrtps_c.cpython-310-x86_64-linux-gnu.so\n'}
[5.156844] (shape_interface) StdoutLine: {'line': b'-- Set runtime path of "/home/p1kachu/eYRC_26-27_Hola-The-Explorer/Software/workspace/install/shape_interface/local/lib/python3.10/dist-packages/shape_interface/shape_interface_s__rosidl_typesupport_fastrtps_c.cpython-310-x86_64-linux-gnu.so" to ""\n'}
[5.157235] (shape_interface) StdoutLine: {'line': b'-- Installing: /home/p1kachu/eYRC_26-27_Hola-The-Explorer/Software/workspace/install/shape_interface/local/lib/python3.10/dist-packages/shape_interface/shape_interface_s__rosidl_typesupport_introspection_c.cpython-310-x86_64-linux-gnu.so\n'}
[5.157560] (shape_interface) StdoutLine: {'line': b'-- Set runtime path of "/home/p1kachu/eYRC_26-27_Hola-The-Explorer/Software/workspace/install/shape_interface/local/lib/python3.10/dist-packages/shape_interface/shape_interface_s__rosidl_typesupport_introspection_c.cpython-310-x86_64-linux-gnu.so" to ""\n'}
[5.157677] (shape_interface) StdoutLine: {'line': b'-- Installing: /home/p1kachu/eYRC_26-27_Hola-The-Explorer/Software/workspace/install/shape_interface/local/lib/python3.10/dist-packages/shape_interface/shape_interface_s__rosidl_typesupport_c.cpython-310-x86_64-linux-gnu.so\n'}
[5.157950] (shape_interface) StdoutLine: {'line': b'-- Set runtime path of "/home/p1kachu/eYRC_26-27_Hola-The-Explorer/Software/workspace/install/shape_interface/local/lib/python3.10/dist-packages/shape_interface/shape_interface_s__rosidl_typesupport_c.cpython-310-x86_64-linux-gnu.so" to ""\n'}
[5.158081] (shape_interface) StdoutLine: {'line': b'-- Installing: /home/p1kachu/eYRC_26-27_Hola-The-Explorer/Software/workspace/install/shape_interface/lib/libshape_interface__rosidl_generator_py.so\n'}
[5.158383] (shape_interface) StdoutLine: {'line': b'-- Set runtime path of "/home/p1kachu/eYRC_26-27_Hola-The-Explorer/Software/workspace/install/shape_interface/lib/libshape_interface__rosidl_generator_py.so" to ""\n'}
[5.158509] (shape_interface) StdoutLine: {'line': b'-- Installing: /home/p1kachu/eYRC_26-27_Hola-The-Explorer/Software/workspace/install/shape_interface/share/shape_interface/rust\n'}
[5.158610] (shape_interface) StdoutLine: {'line': b'-- Installing: /home/p1kachu/eYRC_26-27_Hola-The-Explorer/Software/workspace/install/shape_interface/share/shape_interface/rust/Cargo.toml\n'}
[5.158701] (shape_interface) StdoutLine: {'line': b'-- Installing: /home/p1kachu/eYRC_26-27_Hola-The-Explorer/Software/workspace/install/shape_interface/share/shape_interface/rust/build.rs\n'}
[5.158971] (shape_interface) StdoutLine: {'line': b'-- Installing: /home/p1kachu/eYRC_26-27_Hola-The-Explorer/Software/workspace/install/shape_interface/share/shape_interface/rust/src\n'}
[5.159140] (shape_interface) StdoutLine: {'line': b'-- Installing: /home/p1kachu/eYRC_26-27_Hola-The-Explorer/Software/workspace/install/shape_interface/share/shape_interface/rust/src/srv\n'}
[5.159243] (shape_interface) StdoutLine: {'line': b'-- Installing: /home/p1kachu/eYRC_26-27_Hola-The-Explorer/Software/workspace/install/shape_interface/share/shape_interface/rust/src/srv/rmw.rs\n'}
[5.159332] (shape_interface) StdoutLine: {'line': b'-- Installing: /home/p1kachu/eYRC_26-27_Hola-The-Explorer/Software/workspace/install/shape_interface/share/shape_interface/rust/src/msg\n'}
[5.159431] (shape_interface) StdoutLine: {'line': b'-- Installing: /home/p1kachu/eYRC_26-27_Hola-The-Explorer/Software/workspace/install/shape_interface/share/shape_interface/rust/src/msg/rmw.rs\n'}
[5.159517] (shape_interface) StdoutLine: {'line': b'-- Installing: /home/p1kachu/eYRC_26-27_Hola-The-Explorer/Software/workspace/install/shape_interface/share/shape_interface/rust/src/msg.rs\n'}
[5.159600] (shape_interface) StdoutLine: {'line': b'-- Installing: /home/p1kachu/eYRC_26-27_Hola-The-Explorer/Software/workspace/install/shape_interface/share/shape_interface/rust/src/srv.rs\n'}
[5.159682] (shape_interface) StdoutLine: {'line': b'-- Installing: /home/p1kachu/eYRC_26-27_Hola-The-Explorer/Software/workspace/install/shape_interface/share/shape_interface/rust/src/lib.rs\n'}
[5.159817] (shape_interface) StdoutLine: {'line': b'-- Installing: /home/p1kachu/eYRC_26-27_Hola-The-Explorer/Software/workspace/install/shape_interface/share/shape_interface/srv/GetShape.idl\n'}
[5.159913] (shape_interface) StdoutLine: {'line': b'-- Installing: /home/p1kachu/eYRC_26-27_Hola-The-Explorer/Software/workspace/install/shape_interface/share/shape_interface/srv/PixelToWorld.idl\n'}
[5.159991] (shape_interface) StdoutLine: {'line': b'-- Installing: /home/p1kachu/eYRC_26-27_Hola-The-Explorer/Software/workspace/install/shape_interface/share/shape_interface/msg/Shape.idl\n'}
[5.160105] (shape_interface) StdoutLine: {'line': b'-- Installing: /home/p1kachu/eYRC_26-27_Hola-The-Explorer/Software/workspace/install/shape_interface/share/shape_interface/srv/GetShape.srv\n'}
[5.160191] (shape_interface) StdoutLine: {'line': b'-- Installing: /home/p1kachu/eYRC_26-27_Hola-The-Explorer/Software/workspace/install/shape_interface/share/shape_interface/srv/GetShape_Request.msg\n'}
[5.160272] (shape_interface) StdoutLine: {'line': b'-- Installing: /home/p1kachu/eYRC_26-27_Hola-The-Explorer/Software/workspace/install/shape_interface/share/shape_interface/srv/GetShape_Response.msg\n'}
[5.160355] (shape_interface) StdoutLine: {'line': b'-- Installing: /home/p1kachu/eYRC_26-27_Hola-The-Explorer/Software/workspace/install/shape_interface/share/shape_interface/srv/PixelToWorld.srv\n'}
[5.160437] (shape_interface) StdoutLine: {'line': b'-- Installing: /home/p1kachu/eYRC_26-27_Hola-The-Explorer/Software/workspace/install/shape_interface/share/shape_interface/srv/PixelToWorld_Request.msg\n'}
[5.160518] (shape_interface) StdoutLine: {'line': b'-- Installing: /home/p1kachu/eYRC_26-27_Hola-The-Explorer/Software/workspace/install/shape_interface/share/shape_interface/srv/PixelToWorld_Response.msg\n'}
[5.160755] (shape_interface) StdoutLine: {'line': b'-- Installing: /home/p1kachu/eYRC_26-27_Hola-The-Explorer/Software/workspace/install/shape_interface/share/shape_interface/msg/Shape.msg\n'}
[5.160901] (shape_interface) StdoutLine: {'line': b'-- Installing: /home/p1kachu/eYRC_26-27_Hola-The-Explorer/Software/workspace/install/shape_interface/share/ament_index/resource_index/package_run_dependencies/shape_interface\n'}
[5.160994] (shape_interface) StdoutLine: {'line': b'-- Installing: /home/p1kachu/eYRC_26-27_Hola-The-Explorer/Software/workspace/install/shape_interface/share/ament_index/resource_index/parent_prefix_path/shape_interface\n'}
[5.161114] (shape_interface) StdoutLine: {'line': b'-- Installing: /home/p1kachu/eYRC_26-27_Hola-The-Explorer/Software/workspace/install/shape_interface/share/shape_interface/environment/ament_prefix_path.sh\n'}
[5.161214] (shape_interface) StdoutLine: {'line': b'-- Installing: /home/p1kachu/eYRC_26-27_Hola-The-Explorer/Software/workspace/install/shape_interface/share/shape_interface/environment/ament_prefix_path.dsv\n'}
[5.161298] (shape_interface) StdoutLine: {'line': b'-- Installing: /home/p1kachu/eYRC_26-27_Hola-The-Explorer/Software/workspace/install/shape_interface/share/shape_interface/environment/path.sh\n'}
[5.161379] (shape_interface) StdoutLine: {'line': b'-- Installing: /home/p1kachu/eYRC_26-27_Hola-The-Explorer/Software/workspace/install/shape_interface/share/shape_interface/environment/path.dsv\n'}
[5.161471] (shape_interface) StdoutLine: {'line': b'-- Installing: /home/p1kachu/eYRC_26-27_Hola-The-Explorer/Software/workspace/install/shape_interface/share/shape_interface/local_setup.bash\n'}
[5.161550] (shape_interface) StdoutLine: {'line': b'-- Installing: /home/p1kachu/eYRC_26-27_Hola-The-Explorer/Software/workspace/install/shape_interface/share/shape_interface/local_setup.sh\n'}
[5.161630] (shape_interface) StdoutLine: {'line': b'-- Installing: /home/p1kachu/eYRC_26-27_Hola-The-Explorer/Software/workspace/install/shape_interface/share/shape_interface/local_setup.zsh\n'}
[5.161757] (shape_interface) StdoutLine: {'line': b'-- Installing: /home/p1kachu/eYRC_26-27_Hola-The-Explorer/Software/workspace/install/shape_interface/share/shape_interface/local_setup.dsv\n'}
[5.161840] (shape_interface) StdoutLine: {'line': b'-- Installing: /home/p1kachu/eYRC_26-27_Hola-The-Explorer/Software/workspace/install/shape_interface/share/shape_interface/package.dsv\n'}
[5.161919] (shape_interface) StdoutLine: {'line': b'-- Installing: /home/p1kachu/eYRC_26-27_Hola-The-Explorer/Software/workspace/install/shape_interface/share/ament_index/resource_index/packages/shape_interface\n'}
[5.162019] (shape_interface) StdoutLine: {'line': b'-- Installing: /home/p1kachu/eYRC_26-27_Hola-The-Explorer/Software/workspace/install/shape_interface/share/shape_interface/cmake/export_shape_interface__rosidl_generator_cExport.cmake\n'}
[5.162129] (shape_interface) StdoutLine: {'line': b'-- Installing: /home/p1kachu/eYRC_26-27_Hola-The-Explorer/Software/workspace/install/shape_interface/share/shape_interface/cmake/export_shape_interface__rosidl_generator_cExport-noconfig.cmake\n'}
[5.162207] (shape_interface) StdoutLine: {'line': b'-- Installing: /home/p1kachu/eYRC_26-27_Hola-The-Explorer/Software/workspace/install/shape_interface/share/shape_interface/cmake/export_shape_interface__rosidl_typesupport_fastrtps_cExport.cmake\n'}
[5.162304] (shape_interface) StdoutLine: {'line': b'-- Installing: /home/p1kachu/eYRC_26-27_Hola-The-Explorer/Software/workspace/install/shape_interface/share/shape_interface/cmake/export_shape_interface__rosidl_typesupport_fastrtps_cExport-noconfig.cmake\n'}
[5.162407] (shape_interface) StdoutLine: {'line': b'-- Installing: /home/p1kachu/eYRC_26-27_Hola-The-Explorer/Software/workspace/install/shape_interface/share/shape_interface/cmake/shape_interface__rosidl_typesupport_introspection_cExport.cmake\n'}
[5.162506] (shape_interface) StdoutLine: {'line': b'-- Installing: /home/p1kachu/eYRC_26-27_Hola-The-Explorer/Software/workspace/install/shape_interface/share/shape_interface/cmake/shape_interface__rosidl_typesupport_introspection_cExport-noconfig.cmake\n'}
[5.162602] (shape_interface) StdoutLine: {'line': b'-- Installing: /home/p1kachu/eYRC_26-27_Hola-The-Explorer/Software/workspace/install/shape_interface/share/shape_interface/cmake/shape_interface__rosidl_typesupport_cExport.cmake\n'}
[5.162696] (shape_interface) StdoutLine: {'line': b'-- Installing: /home/p1kachu/eYRC_26-27_Hola-The-Explorer/Software/workspace/install/shape_interface/share/shape_interface/cmake/shape_interface__rosidl_typesupport_cExport-noconfig.cmake\n'}
[5.162791] (shape_interface) StdoutLine: {'line': b'-- Installing: /home/p1kachu/eYRC_26-27_Hola-The-Explorer/Software/workspace/install/shape_interface/share/shape_interface/cmake/export_shape_interface__rosidl_generator_cppExport.cmake\n'}
[5.162917] (shape_interface) StdoutLine: {'line': b'-- Installing: /home/p1kachu/eYRC_26-27_Hola-The-Explorer/Software/workspace/install/shape_interface/share/shape_interface/cmake/export_shape_interface__rosidl_typesupport_fastrtps_cppExport.cmake\n'}
[5.163040] (shape_interface) StdoutLine: {'line': b'-- Installing: /home/p1kachu/eYRC_26-27_Hola-The-Explorer/Software/workspace/install/shape_interface/share/shape_interface/cmake/export_shape_interface__rosidl_typesupport_fastrtps_cppExport-noconfig.cmake\n'}
[5.163173] (shape_interface) StdoutLine: {'line': b'-- Installing: /home/p1kachu/eYRC_26-27_Hola-The-Explorer/Software/workspace/install/shape_interface/share/shape_interface/cmake/shape_interface__rosidl_typesupport_introspection_cppExport.cmake\n'}
[5.163292] (shape_interface) StdoutLine: {'line': b'-- Installing: /home/p1kachu/eYRC_26-27_Hola-The-Explorer/Software/workspace/install/shape_interface/share/shape_interface/cmake/shape_interface__rosidl_typesupport_introspection_cppExport-noconfig.cmake\n'}
[5.163423] (shape_interface) StdoutLine: {'line': b'-- Installing: /home/p1kachu/eYRC_26-27_Hola-The-Explorer/Software/workspace/install/shape_interface/share/shape_interface/cmake/shape_interface__rosidl_typesupport_cppExport.cmake\n'}
[5.163539] (shape_interface) StdoutLine: {'line': b'-- Installing: /home/p1kachu/eYRC_26-27_Hola-The-Explorer/Software/workspace/install/shape_interface/share/shape_interface/cmake/shape_interface__rosidl_typesupport_cppExport-noconfig.cmake\n'}
[5.163663] (shape_interface) StdoutLine: {'line': b'-- Installing: /home/p1kachu/eYRC_26-27_Hola-The-Explorer/Software/workspace/install/shape_interface/share/shape_interface/cmake/export_shape_interface__rosidl_generator_pyExport.cmake\n'}
[5.163780] (shape_interface) StdoutLine: {'line': b'-- Installing: /home/p1kachu/eYRC_26-27_Hola-The-Explorer/Software/workspace/install/shape_interface/share/shape_interface/cmake/export_shape_interface__rosidl_generator_pyExport-noconfig.cmake\n'}
[5.163895] (shape_interface) StdoutLine: {'line': b'-- Installing: /home/p1kachu/eYRC_26-27_Hola-The-Explorer/Software/workspace/install/shape_interface/share/shape_interface/cmake/rosidl_cmake-extras.cmake\n'}
[5.164004] (shape_interface) StdoutLine: {'line': b'-- Installing: /home/p1kachu/eYRC_26-27_Hola-The-Explorer/Software/workspace/install/shape_interface/share/shape_interface/cmake/ament_cmake_export_include_directories-extras.cmake\n'}
[5.164127] (shape_interface) StdoutLine: {'line': b'-- Installing: /home/p1kachu/eYRC_26-27_Hola-The-Explorer/Software/workspace/install/shape_interface/share/shape_interface/cmake/ament_cmake_export_libraries-extras.cmake\n'}
[5.164255] (shape_interface) StdoutLine: {'line': b'-- Installing: /home/p1kachu/eYRC_26-27_Hola-The-Explorer/Software/workspace/install/shape_interface/share/shape_interface/cmake/ament_cmake_export_targets-extras.cmake\n'}
[5.164371] (shape_interface) StdoutLine: {'line': b'-- Installing: /home/p1kachu/eYRC_26-27_Hola-The-Explorer/Software/workspace/install/shape_interface/share/shape_interface/cmake/rosidl_cmake_export_typesupport_targets-extras.cmake\n'}
[5.164482] (shape_interface) StdoutLine: {'line': b'-- Installing: /home/p1kachu/eYRC_26-27_Hola-The-Explorer/Software/workspace/install/shape_interface/share/shape_interface/cmake/ament_cmake_export_dependencies-extras.cmake\n'}
[5.164602] (shape_interface) StdoutLine: {'line': b'-- Installing: /home/p1kachu/eYRC_26-27_Hola-The-Explorer/Software/workspace/install/shape_interface/share/shape_interface/cmake/rosidl_cmake_export_typesupport_libraries-extras.cmake\n'}
[5.164714] (shape_interface) StdoutLine: {'line': b'-- Installing: /home/p1kachu/eYRC_26-27_Hola-The-Explorer/Software/workspace/install/shape_interface/share/shape_interface/cmake/rosidl_cmake_aggregate_target-extras.cmake\n'}
[5.164830] (shape_interface) StdoutLine: {'line': b'-- Installing: /home/p1kachu/eYRC_26-27_Hola-The-Explorer/Software/workspace/install/shape_interface/share/shape_interface/cmake/shape_interfaceConfig.cmake\n'}
[5.164933] (shape_interface) StdoutLine: {'line': b'-- Installing: /home/p1kachu/eYRC_26-27_Hola-The-Explorer/Software/workspace/install/shape_interface/share/shape_interface/cmake/shape_interfaceConfig-version.cmake\n'}
[5.165025] (shape_interface) StdoutLine: {'line': b'-- Installing: /home/p1kachu/eYRC_26-27_Hola-The-Explorer/Software/workspace/install/shape_interface/share/shape_interface/package.xml\n'}
[5.168370] (shape_interface) CommandEnded: {'returncode': 0}
[5.186126] (shape_interface) JobEnded: {'identifier': 'shape_interface', 'rc': 0}
[5.187201] (task_1a) JobStarted: {'identifier': 'task_1a'}
[5.189058] (task_1c) JobStarted: {'identifier': 'task_1c'}
[5.193822] (task_1a) JobProgress: {'identifier': 'task_1a', 'progress': 'cmake'}
[5.194582] (task_1a) Command: {'cmd': ['/usr/bin/cmake', '/home/p1kachu/eYRC_26-27_Hola-The-Explorer/Software/workspace/src/task_1a', '-DCMAKE_INSTALL_PREFIX=/home/p1kachu/eYRC_26-27_Hola-The-Explorer/Software/workspace/install/task_1a'], 'cwd': '/home/p1kachu/eYRC_26-27_Hola-The-Explorer/Software/workspace/build/task_1a', 'env': OrderedDict([('LESSOPEN', '| /usr/bin/lesspipe %s'), ('LANGUAGE', 'en_IN:en'), ('USER', 'p1kachu'), ('XDG_SESSION_TYPE', 'x11'), ('SHLVL', '1'), ('LD_LIBRARY_PATH', '/home/p1kachu/eYRC_26-27_Hola-The-Explorer/Software/workspace/install/shape_interface/lib:/opt/ros/humble/opt/rviz_ogre_vendor/lib:/opt/ros/humble/lib/x86_64-linux-gnu:/opt/ros/humble/lib'), ('HOME', '/home/p1kachu'), ('OLDPWD', '/home/p1kachu/eYRC_26-27_Hola-The-Explorer'), ('DESKTOP_SESSION', 'ubuntu'), ('ROS_PYTHON_VERSION', '3'), ('GNOME_SHELL_SESSION_MODE', 'ubuntu'), ('GTK_MODULES', 'gail:atk-bridge'), ('MANAGERPID', '2018'), ('SYSTEMD_EXEC_PID', '2558'), ('DBUS_SESSION_BUS_ADDRESS', 'unix:path=/run/user/1000/bus'), ('COLORTERM', 'truecolor'), ('TERMINATOR_DBUS_NAME', 'net.tenshu.Terminator23558193cd9818af7fe4d2c2f5bd9d00f'), ('GIO_LAUNCHED_DESKTOP_FILE_PID', '10583'), ('IM_CONFIG_PHASE', '1'), ('ROS_DISTRO', 'humble'), ('GTK_IM_MODULE', 'ibus'), ('LOGNAME', 'p1kachu'), ('JOURNAL_STREAM', '8:26786'), ('_', '/usr/bin/colcon'), ('ROS_VERSION', '2'), ('XDG_SESSION_CLASS', 'user'), ('USERNAME', 'p1kachu'), ('TERM', 'xterm-256color'), ('GNOME_DESKTOP_SESSION_ID', 'this-is-deprecated'), ('ROS_LOCALHOST_ONLY', '0'), ('WINDOWPATH', '2'), ('PATH', '/opt/ros/humble/bin:/home/p1kachu/.local/bin:/usr/local/sbin:/usr/local/bin:/usr/sbin:/usr/bin:/sbin:/bin:/usr/games:/usr/local/games:/snap/bin:/snap/bin'), ('SESSION_MANAGER', 'local/virus:@/tmp/.ICE-unix/2345,unix/virus:/tmp/.ICE-unix/2345'), ('INVOCATION_ID', '0568aa4d7ded4c51939fbdc4c2995f42'), ('XDG_MENU_PREFIX', 'gnome-'), ('XDG_RUNTIME_DIR', '/run/user/1000'), ('DISPLAY', ':1'), ('TERMINATOR_DBUS_PATH', '/net/tenshu/Terminator2'), ('LANG', 'en_US.UTF-8'), ('XDG_CURRENT_DESKTOP', 'ubuntu:GNOME'), ('IBUS_DISABLE_SNOOPER', '1'), ('XMODIFIERS', '@im=ibus'), ('XDG_SESSION_DESKTOP', 'ubuntu'), ('XAUTHORITY', '/run/user/1000/gdm/Xauthority'), ('LS_COLORS', 'rs=0:di=01;34:ln=01;36:mh=00:pi=40;33:so=01;35:do=01;35:bd=40;33;01:cd=40;33;01:or=40;31;01:mi=00:su=37;41:sg=30;43:ca=30;41:tw=30;42:ow=34;42:st=37;44:ex=01;32:*.tar=01;31:*.tgz=01;31:*.arc=01;31:*.arj=01;31:*.taz=01;31:*.lha=01;31:*.lz4=01;31:*.lzh=01;31:*.lzma=01;31:*.tlz=01;31:*.txz=01;31:*.tzo=01;31:*.t7z=01;31:*.zip=01;31:*.z=01;31:*.dz=01;31:*.gz=01;31:*.lrz=01;31:*.lz=01;31:*.lzo=01;31:*.xz=01;31:*.zst=01;31:*.tzst=01;31:*.bz2=01;31:*.bz=01;31:*.tbz=01;31:*.tbz2=01;31:*.tz=01;31:*.deb=01;31:*.rpm=01;31:*.jar=01;31:*.war=01;31:*.ear=01;31:*.sar=01;31:*.rar=01;31:*.alz=01;31:*.ace=01;31:*.zoo=01;31:*.cpio=01;31:*.7z=01;31:*.rz=01;31:*.cab=01;31:*.wim=01;31:*.swm=01;31:*.dwm=01;31:*.esd=01;31:*.jpg=01;35:*.jpeg=01;35:*.mjpg=01;35:*.mjpeg=01;35:*.gif=01;35:*.bmp=01;35:*.pbm=01;35:*.pgm=01;35:*.ppm=01;35:*.tga=01;35:*.xbm=01;35:*.xpm=01;35:*.tif=01;35:*.tiff=01;35:*.png=01;35:*.svg=01;35:*.svgz=01;35:*.mng=01;35:*.pcx=01;35:*.mov=01;35:*.mpg=01;35:*.mpeg=01;35:*.m2v=01;35:*.mkv=01;35:*.webm=01;35:*.webp=01;35:*.ogm=01;35:*.mp4=01;35:*.m4v=01;35:*.mp4v=01;35:*.vob=01;35:*.qt=01;35:*.nuv=01;35:*.wmv=01;35:*.asf=01;35:*.rm=01;35:*.rmvb=01;35:*.flc=01;35:*.avi=01;35:*.fli=01;35:*.flv=01;35:*.gl=01;35:*.dl=01;35:*.xcf=01;35:*.xwd=01;35:*.yuv=01;35:*.cgm=01;35:*.emf=01;35:*.ogv=01;35:*.ogx=01;35:*.aac=00;36:*.au=00;36:*.flac=00;36:*.m4a=00;36:*.mid=00;36:*.midi=00;36:*.mka=00;36:*.mp3=00;36:*.mpc=00;36:*.ogg=00;36:*.ra=00;36:*.wav=00;36:*.oga=00;36:*.opus=00;36:*.spx=00;36:*.xspf=00;36:'), ('SSH_AGENT_LAUNCHER', 'gnome-keyring'), ('SSH_AUTH_SOCK', '/run/user/1000/keyring/ssh'), ('AMENT_PREFIX_PATH', '/home/p1kachu/eYRC_26-27_Hola-The-Explorer/Software/workspace/install/shape_interface:/opt/ros/humble'), ('SHELL', '/bin/bash'), ('TERMINATOR_UUID', 'urn:uuid:87b0609a-2b25-4357-adea-c227373e5774'), ('QT_ACCESSIBILITY', '1'), ('GDMSESSION', 'ubuntu'), ('LESSCLOSE', '/usr/bin/lesspipe %s %s'), ('GPG_AGENT_INFO', '/run/user/1000/gnupg/S.gpg-agent:0:1'), ('QT_IM_MODULE', 'ibus'), ('PWD', '/home/p1kachu/eYRC_26-27_Hola-The-Explorer/Software/workspace/build/task_1a'), ('LC_ALL', 'en_US.UTF-8'), ('XDG_CONFIG_DIRS', '/etc/xdg/xdg-ubuntu:/etc/xdg'), ('XDG_DATA_DIRS', '/usr/share/ubuntu:/usr/share/gnome:/usr/local/share/:/usr/share/:/var/lib/snapd/desktop'), ('PYTHONPATH', '/home/p1kachu/eYRC_26-27_Hola-The-Explorer/Software/workspace/install/shape_interface/local/lib/python3.10/dist-packages:/opt/ros/humble/lib/python3.10/site-packages:/opt/ros/humble/local/lib/python3.10/dist-packages'), ('COLCON', '1'), ('VTE_VERSION', '6800'), ('CMAKE_PREFIX_PATH', '/home/p1kachu/eYRC_26-27_Hola-The-Explorer/Software/workspace/install/shape_interface:/opt/ros/humble')]), 'shell': False}
[5.196974] (task_1c) JobProgress: {'identifier': 'task_1c', 'progress': 'cmake'}
[5.197648] (task_1c) Command: {'cmd': ['/usr/bin/cmake', '/home/p1kachu/eYRC_26-27_Hola-The-Explorer/Software/workspace/src/task_1c', '-DCMAKE_INSTALL_PREFIX=/home/p1kachu/eYRC_26-27_Hola-The-Explorer/Software/workspace/install/task_1c'], 'cwd': '/home/p1kachu/eYRC_26-27_Hola-The-Explorer/Software/workspace/build/task_1c', 'env': OrderedDict([('LESSOPEN', '| /usr/bin/lesspipe %s'), ('LANGUAGE', 'en_IN:en'), ('USER', 'p1kachu'), ('XDG_SESSION_TYPE', 'x11'), ('SHLVL', '1'), ('LD_LIBRARY_PATH', '/home/p1kachu/eYRC_26-27_Hola-The-Explorer/Software/workspace/install/shape_interface/lib:/opt/ros/humble/opt/rviz_ogre_vendor/lib:/opt/ros/humble/lib/x86_64-linux-gnu:/opt/ros/humble/lib'), ('HOME', '/home/p1kachu'), ('OLDPWD', '/home/p1kachu/eYRC_26-27_Hola-The-Explorer'), ('DESKTOP_SESSION', 'ubuntu'), ('ROS_PYTHON_VERSION', '3'), ('GNOME_SHELL_SESSION_MODE', 'ubuntu'), ('GTK_MODULES', 'gail:atk-bridge'), ('MANAGERPID', '2018'), ('SYSTEMD_EXEC_PID', '2558'), ('DBUS_SESSION_BUS_ADDRESS', 'unix:path=/run/user/1000/bus'), ('COLORTERM', 'truecolor'), ('TERMINATOR_DBUS_NAME', 'net.tenshu.Terminator23558193cd9818af7fe4d2c2f5bd9d00f'), ('GIO_LAUNCHED_DESKTOP_FILE_PID', '10583'), ('IM_CONFIG_PHASE', '1'), ('ROS_DISTRO', 'humble'), ('GTK_IM_MODULE', 'ibus'), ('LOGNAME', 'p1kachu'), ('JOURNAL_STREAM', '8:26786'), ('_', '/usr/bin/colcon'), ('ROS_VERSION', '2'), ('XDG_SESSION_CLASS', 'user'), ('USERNAME', 'p1kachu'), ('TERM', 'xterm-256color'), ('GNOME_DESKTOP_SESSION_ID', 'this-is-deprecated'), ('ROS_LOCALHOST_ONLY', '0'), ('WINDOWPATH', '2'), ('PATH', '/opt/ros/humble/bin:/home/p1kachu/.local/bin:/usr/local/sbin:/usr/local/bin:/usr/sbin:/usr/bin:/sbin:/bin:/usr/games:/usr/local/games:/snap/bin:/snap/bin'), ('SESSION_MANAGER', 'local/virus:@/tmp/.ICE-unix/2345,unix/virus:/tmp/.ICE-unix/2345'), ('INVOCATION_ID', '0568aa4d7ded4c51939fbdc4c2995f42'), ('XDG_MENU_PREFIX', 'gnome-'), ('XDG_RUNTIME_DIR', '/run/user/1000'), ('DISPLAY', ':1'), ('TERMINATOR_DBUS_PATH', '/net/tenshu/Terminator2'), ('LANG', 'en_US.UTF-8'), ('XDG_CURRENT_DESKTOP', 'ubuntu:GNOME'), ('IBUS_DISABLE_SNOOPER', '1'), ('XMODIFIERS', '@im=ibus'), ('XDG_SESSION_DESKTOP', 'ubuntu'), ('XAUTHORITY', '/run/user/1000/gdm/Xauthority'), ('LS_COLORS', 'rs=0:di=01;34:ln=01;36:mh=00:pi=40;33:so=01;35:do=01;35:bd=40;33;01:cd=40;33;01:or=40;31;01:mi=00:su=37;41:sg=30;43:ca=30;41:tw=30;42:ow=34;42:st=37;44:ex=01;32:*.tar=01;31:*.tgz=01;31:*.arc=01;31:*.arj=01;31:*.taz=01;31:*.lha=01;31:*.lz4=01;31:*.lzh=01;31:*.lzma=01;31:*.tlz=01;31:*.txz=01;31:*.tzo=01;31:*.t7z=01;31:*.zip=01;31:*.z=01;31:*.dz=01;31:*.gz=01;31:*.lrz=01;31:*.lz=01;31:*.lzo=01;31:*.xz=01;31:*.zst=01;31:*.tzst=01;31:*.bz2=01;31:*.bz=01;31:*.tbz=01;31:*.tbz2=01;31:*.tz=01;31:*.deb=01;31:*.rpm=01;31:*.jar=01;31:*.war=01;31:*.ear=01;31:*.sar=01;31:*.rar=01;31:*.alz=01;31:*.ace=01;31:*.zoo=01;31:*.cpio=01;31:*.7z=01;31:*.rz=01;31:*.cab=01;31:*.wim=01;31:*.swm=01;31:*.dwm=01;31:*.esd=01;31:*.jpg=01;35:*.jpeg=01;35:*.mjpg=01;35:*.mjpeg=01;35:*.gif=01;35:*.bmp=01;35:*.pbm=01;35:*.pgm=01;35:*.ppm=01;35:*.tga=01;35:*.xbm=01;35:*.xpm=01;35:*.tif=01;35:*.tiff=01;35:*.png=01;35:*.svg=01;35:*.svgz=01;35:*.mng=01;35:*.pcx=01;35:*.mov=01;35:*.mpg=01;35:*.mpeg=01;35:*.m2v=01;35:*.mkv=01;35:*.webm=01;35:*.webp=01;35:*.ogm=01;35:*.mp4=01;35:*.m4v=01;35:*.mp4v=01;35:*.vob=01;35:*.qt=01;35:*.nuv=01;35:*.wmv=01;35:*.asf=01;35:*.rm=01;35:*.rmvb=01;35:*.flc=01;35:*.avi=01;35:*.fli=01;35:*.flv=01;35:*.gl=01;35:*.dl=01;35:*.xcf=01;35:*.xwd=01;35:*.yuv=01;35:*.cgm=01;35:*.emf=01;35:*.ogv=01;35:*.ogx=01;35:*.aac=00;36:*.au=00;36:*.flac=00;36:*.m4a=00;36:*.mid=00;36:*.midi=00;36:*.mka=00;36:*.mp3=00;36:*.mpc=00;36:*.ogg=00;36:*.ra=00;36:*.wav=00;36:*.oga=00;36:*.opus=00;36:*.spx=00;36:*.xspf=00;36:'), ('SSH_AGENT_LAUNCHER', 'gnome-keyring'), ('SSH_AUTH_SOCK', '/run/user/1000/keyring/ssh'), ('AMENT_PREFIX_PATH', '/home/p1kachu/eYRC_26-27_Hola-The-Explorer/Software/workspace/install/shape_interface:/opt/ros/humble'), ('SHELL', '/bin/bash'), ('TERMINATOR_UUID', 'urn:uuid:87b0609a-2b25-4357-adea-c227373e5774'), ('QT_ACCESSIBILITY', '1'), ('GDMSESSION', 'ubuntu'), ('LESSCLOSE', '/usr/bin/lesspipe %s %s'), ('GPG_AGENT_INFO', '/run/user/1000/gnupg/S.gpg-agent:0:1'), ('QT_IM_MODULE', 'ibus'), ('PWD', '/home/p1kachu/eYRC_26-27_Hola-The-Explorer/Software/workspace/build/task_1c'), ('LC_ALL', 'en_US.UTF-8'), ('XDG_CONFIG_DIRS', '/etc/xdg/xdg-ubuntu:/etc/xdg'), ('XDG_DATA_DIRS', '/usr/share/ubuntu:/usr/share/gnome:/usr/local/share/:/usr/share/:/var/lib/snapd/desktop'), ('PYTHONPATH', '/home/p1kachu/eYRC_26-27_Hola-The-Explorer/Software/workspace/install/shape_interface/local/lib/python3.10/dist-packages:/opt/ros/humble/lib/python3.10/site-packages:/opt/ros/humble/local/lib/python3.10/dist-packages'), ('COLCON', '1'), ('VTE_VERSION', '6800'), ('CMAKE_PREFIX_PATH', '/home/p1kachu/eYRC_26-27_Hola-The-Explorer/Software/workspace/install/shape_interface:/opt/ros/humble')]), 'shell': False}
[5.213780] (-) TimerEvent: {}
[5.271306] (task_1c) StdoutLine: {'line': b'-- The C compiler identification is GNU 11.4.0\n'}
[5.271676] (task_1a) StdoutLine: {'line': b'-- The C compiler identification is GNU 11.4.0\n'}
[5.313950] (-) TimerEvent: {}
[5.338898] (task_1a) StdoutLine: {'line': b'-- The CXX compiler identification is GNU 11.4.0\n'}
[5.341170] (task_1c) StdoutLine: {'line': b'-- The CXX compiler identification is GNU 11.4.0\n'}
[5.348689] (task_1a) StdoutLine: {'line': b'-- Detecting C compiler ABI info\n'}
[5.351204] (task_1c) StdoutLine: {'line': b'-- Detecting C compiler ABI info\n'}
[5.414132] (-) TimerEvent: {}
[5.435991] (task_1a) StdoutLine: {'line': b'-- Detecting C compiler ABI info - done\n'}
[5.436520] (task_1c) StdoutLine: {'line': b'-- Detecting C compiler ABI info - done\n'}
[5.446415] (task_1a) StdoutLine: {'line': b'-- Check for working C compiler: /usr/bin/cc - skipped\n'}
[5.446868] (task_1c) StdoutLine: {'line': b'-- Check for working C compiler: /usr/bin/cc - skipped\n'}
[5.447005] (task_1a) StdoutLine: {'line': b'-- Detecting C compile features\n'}
[5.447105] (task_1c) StdoutLine: {'line': b'-- Detecting C compile features\n'}
[5.447213] (task_1a) StdoutLine: {'line': b'-- Detecting C compile features - done\n'}
[5.447494] (task_1c) StdoutLine: {'line': b'-- Detecting C compile features - done\n'}
[5.450985] (task_1a) StdoutLine: {'line': b'-- Detecting CXX compiler ABI info\n'}
[5.451557] (task_1c) StdoutLine: {'line': b'-- Detecting CXX compiler ABI info\n'}
[5.514297] (-) TimerEvent: {}
[5.553438] (task_1c) StdoutLine: {'line': b'-- Detecting CXX compiler ABI info - done\n'}
[5.553965] (task_1a) StdoutLine: {'line': b'-- Detecting CXX compiler ABI info - done\n'}
[5.563192] (task_1a) StdoutLine: {'line': b'-- Check for working CXX compiler: /usr/bin/c++ - skipped\n'}
[5.563590] (task_1a) StdoutLine: {'line': b'-- Detecting CXX compile features\n'}
[5.563882] (task_1c) StdoutLine: {'line': b'-- Check for working CXX compiler: /usr/bin/c++ - skipped\n'}
[5.564231] (task_1a) StdoutLine: {'line': b'-- Detecting CXX compile features - done\n'}
[5.564366] (task_1c) StdoutLine: {'line': b'-- Detecting CXX compile features\n'}
[5.564965] (task_1c) StdoutLine: {'line': b'-- Detecting CXX compile features - done\n'}
[5.566738] (task_1a) StdoutLine: {'line': b'-- Found ament_cmake: 1.3.14 (/opt/ros/humble/share/ament_cmake/cmake)\n'}
[5.567549] (task_1c) StdoutLine: {'line': b'-- Found ament_cmake: 1.3.14 (/opt/ros/humble/share/ament_cmake/cmake)\n'}
[5.614546] (-) TimerEvent: {}
[5.715069] (-) TimerEvent: {}
[5.765469] (task_1a) StdoutLine: {'line': b'-- Found Python3: /usr/bin/python3 (found version "3.10.12") found components: Interpreter \n'}
[5.768455] (task_1c) StdoutLine: {'line': b'-- Found Python3: /usr/bin/python3 (found version "3.10.12") found components: Interpreter \n'}
[5.815198] (-) TimerEvent: {}
[5.874309] (task_1c) StdoutLine: {'line': b'-- Found ament_lint_auto: 0.12.15 (/opt/ros/humble/share/ament_lint_auto/cmake)\n'}
[5.915355] (-) TimerEvent: {}
[5.955371] (task_1c) StdoutLine: {'line': b"-- Added test 'flake8' to check Python code syntax and style conventions\n"}
[5.955761] (task_1c) StdoutLine: {'line': b"-- Added test 'lint_cmake' to check CMake code style\n"}
[5.956116] (task_1c) StdoutLine: {'line': b"-- Added test 'pep257' to check Python code against some of the docstring style conventions in PEP 257\n"}
[5.956830] (task_1c) StdoutLine: {'line': b"-- Added test 'xmllint' to check XML markup files\n"}
[5.957810] (task_1c) StdoutLine: {'line': b'-- Configuring done\n'}
[5.960272] (task_1c) StdoutLine: {'line': b'-- Generating done\n'}
[5.962019] (task_1c) StdoutLine: {'line': b'-- Build files have been written to: /home/p1kachu/eYRC_26-27_Hola-The-Explorer/Software/workspace/build/task_1c\n'}
[5.967786] (task_1c) CommandEnded: {'returncode': 0}
[5.969099] (task_1c) JobProgress: {'identifier': 'task_1c', 'progress': 'build'}
[5.969971] (task_1c) Command: {'cmd': ['/usr/bin/cmake', '--build', '/home/p1kachu/eYRC_26-27_Hola-The-Explorer/Software/workspace/build/task_1c', '--', '-j18', '-l18'], 'cwd': '/home/p1kachu/eYRC_26-27_Hola-The-Explorer/Software/workspace/build/task_1c', 'env': OrderedDict([('LESSOPEN', '| /usr/bin/lesspipe %s'), ('LANGUAGE', 'en_IN:en'), ('USER', 'p1kachu'), ('XDG_SESSION_TYPE', 'x11'), ('SHLVL', '1'), ('LD_LIBRARY_PATH', '/home/p1kachu/eYRC_26-27_Hola-The-Explorer/Software/workspace/install/shape_interface/lib:/opt/ros/humble/opt/rviz_ogre_vendor/lib:/opt/ros/humble/lib/x86_64-linux-gnu:/opt/ros/humble/lib'), ('HOME', '/home/p1kachu'), ('OLDPWD', '/home/p1kachu/eYRC_26-27_Hola-The-Explorer'), ('DESKTOP_SESSION', 'ubuntu'), ('ROS_PYTHON_VERSION', '3'), ('GNOME_SHELL_SESSION_MODE', 'ubuntu'), ('GTK_MODULES', 'gail:atk-bridge'), ('MANAGERPID', '2018'), ('SYSTEMD_EXEC_PID', '2558'), ('DBUS_SESSION_BUS_ADDRESS', 'unix:path=/run/user/1000/bus'), ('COLORTERM', 'truecolor'), ('TERMINATOR_DBUS_NAME', 'net.tenshu.Terminator23558193cd9818af7fe4d2c2f5bd9d00f'), ('GIO_LAUNCHED_DESKTOP_FILE_PID', '10583'), ('IM_CONFIG_PHASE', '1'), ('ROS_DISTRO', 'humble'), ('GTK_IM_MODULE', 'ibus'), ('LOGNAME', 'p1kachu'), ('JOURNAL_STREAM', '8:26786'), ('_', '/usr/bin/colcon'), ('ROS_VERSION', '2'), ('XDG_SESSION_CLASS', 'user'), ('USERNAME', 'p1kachu'), ('TERM', 'xterm-256color'), ('GNOME_DESKTOP_SESSION_ID', 'this-is-deprecated'), ('ROS_LOCALHOST_ONLY', '0'), ('WINDOWPATH', '2'), ('PATH', '/opt/ros/humble/bin:/home/p1kachu/.local/bin:/usr/local/sbin:/usr/local/bin:/usr/sbin:/usr/bin:/sbin:/bin:/usr/games:/usr/local/games:/snap/bin:/snap/bin'), ('SESSION_MANAGER', 'local/virus:@/tmp/.ICE-unix/2345,unix/virus:/tmp/.ICE-unix/2345'), ('INVOCATION_ID', '0568aa4d7ded4c51939fbdc4c2995f42'), ('XDG_MENU_PREFIX', 'gnome-'), ('XDG_RUNTIME_DIR', '/run/user/1000'), ('DISPLAY', ':1'), ('TERMINATOR_DBUS_PATH', '/net/tenshu/Terminator2'), ('LANG', 'en_US.UTF-8'), ('XDG_CURRENT_DESKTOP', 'ubuntu:GNOME'), ('IBUS_DISABLE_SNOOPER', '1'), ('XMODIFIERS', '@im=ibus'), ('XDG_SESSION_DESKTOP', 'ubuntu'), ('XAUTHORITY', '/run/user/1000/gdm/Xauthority'), ('LS_COLORS', 'rs=0:di=01;34:ln=01;36:mh=00:pi=40;33:so=01;35:do=01;35:bd=40;33;01:cd=40;33;01:or=40;31;01:mi=00:su=37;41:sg=30;43:ca=30;41:tw=30;42:ow=34;42:st=37;44:ex=01;32:*.tar=01;31:*.tgz=01;31:*.arc=01;31:*.arj=01;31:*.taz=01;31:*.lha=01;31:*.lz4=01;31:*.lzh=01;31:*.lzma=01;31:*.tlz=01;31:*.txz=01;31:*.tzo=01;31:*.t7z=01;31:*.zip=01;31:*.z=01;31:*.dz=01;31:*.gz=01;31:*.lrz=01;31:*.lz=01;31:*.lzo=01;31:*.xz=01;31:*.zst=01;31:*.tzst=01;31:*.bz2=01;31:*.bz=01;31:*.tbz=01;31:*.tbz2=01;31:*.tz=01;31:*.deb=01;31:*.rpm=01;31:*.jar=01;31:*.war=01;31:*.ear=01;31:*.sar=01;31:*.rar=01;31:*.alz=01;31:*.ace=01;31:*.zoo=01;31:*.cpio=01;31:*.7z=01;31:*.rz=01;31:*.cab=01;31:*.wim=01;31:*.swm=01;31:*.dwm=01;31:*.esd=01;31:*.jpg=01;35:*.jpeg=01;35:*.mjpg=01;35:*.mjpeg=01;35:*.gif=01;35:*.bmp=01;35:*.pbm=01;35:*.pgm=01;35:*.ppm=01;35:*.tga=01;35:*.xbm=01;35:*.xpm=01;35:*.tif=01;35:*.tiff=01;35:*.png=01;35:*.svg=01;35:*.svgz=01;35:*.mng=01;35:*.pcx=01;35:*.mov=01;35:*.mpg=01;35:*.mpeg=01;35:*.m2v=01;35:*.mkv=01;35:*.webm=01;35:*.webp=01;35:*.ogm=01;35:*.mp4=01;35:*.m4v=01;35:*.mp4v=01;35:*.vob=01;35:*.qt=01;35:*.nuv=01;35:*.wmv=01;35:*.asf=01;35:*.rm=01;35:*.rmvb=01;35:*.flc=01;35:*.avi=01;35:*.fli=01;35:*.flv=01;35:*.gl=01;35:*.dl=01;35:*.xcf=01;35:*.xwd=01;35:*.yuv=01;35:*.cgm=01;35:*.emf=01;35:*.ogv=01;35:*.ogx=01;35:*.aac=00;36:*.au=00;36:*.flac=00;36:*.m4a=00;36:*.mid=00;36:*.midi=00;36:*.mka=00;36:*.mp3=00;36:*.mpc=00;36:*.ogg=00;36:*.ra=00;36:*.wav=00;36:*.oga=00;36:*.opus=00;36:*.spx=00;36:*.xspf=00;36:'), ('SSH_AGENT_LAUNCHER', 'gnome-keyring'), ('SSH_AUTH_SOCK', '/run/user/1000/keyring/ssh'), ('AMENT_PREFIX_PATH', '/home/p1kachu/eYRC_26-27_Hola-The-Explorer/Software/workspace/install/shape_interface:/opt/ros/humble'), ('SHELL', '/bin/bash'), ('TERMINATOR_UUID', 'urn:uuid:87b0609a-2b25-4357-adea-c227373e5774'), ('QT_ACCESSIBILITY', '1'), ('GDMSESSION', 'ubuntu'), ('LESSCLOSE', '/usr/bin/lesspipe %s %s'), ('GPG_AGENT_INFO', '/run/user/1000/gnupg/S.gpg-agent:0:1'), ('QT_IM_MODULE', 'ibus'), ('PWD', '/home/p1kachu/eYRC_26-27_Hola-The-Explorer/Software/workspace/build/task_1c'), ('LC_ALL', 'en_US.UTF-8'), ('XDG_CONFIG_DIRS', '/etc/xdg/xdg-ubuntu:/etc/xdg'), ('XDG_DATA_DIRS', '/usr/share/ubuntu:/usr/share/gnome:/usr/local/share/:/usr/share/:/var/lib/snapd/desktop'), ('PYTHONPATH', '/home/p1kachu/eYRC_26-27_Hola-The-Explorer/Software/workspace/install/shape_interface/local/lib/python3.10/dist-packages:/opt/ros/humble/lib/python3.10/site-packages:/opt/ros/humble/local/lib/python3.10/dist-packages'), ('COLCON', '1'), ('VTE_VERSION', '6800'), ('CMAKE_PREFIX_PATH', '/home/p1kachu/eYRC_26-27_Hola-The-Explorer/Software/workspace/install/shape_interface:/opt/ros/humble')]), 'shell': False}
[5.972241] (task_1a) StdoutLine: {'line': b'-- Found ament_lint_auto: 0.12.15 (/opt/ros/humble/share/ament_lint_auto/cmake)\n'}
[6.015495] (-) TimerEvent: {}
[6.020007] (task_1c) CommandEnded: {'returncode': 0}
[6.022554] (task_1c) JobProgress: {'identifier': 'task_1c', 'progress': 'install'}
[6.022624] (task_1c) Command: {'cmd': ['/usr/bin/cmake', '--install', '/home/p1kachu/eYRC_26-27_Hola-The-Explorer/Software/workspace/build/task_1c'], 'cwd': '/home/p1kachu/eYRC_26-27_Hola-The-Explorer/Software/workspace/build/task_1c', 'env': OrderedDict([('LESSOPEN', '| /usr/bin/lesspipe %s'), ('LANGUAGE', 'en_IN:en'), ('USER', 'p1kachu'), ('XDG_SESSION_TYPE', 'x11'), ('SHLVL', '1'), ('LD_LIBRARY_PATH', '/home/p1kachu/eYRC_26-27_Hola-The-Explorer/Software/workspace/install/shape_interface/lib:/opt/ros/humble/opt/rviz_ogre_vendor/lib:/opt/ros/humble/lib/x86_64-linux-gnu:/opt/ros/humble/lib'), ('HOME', '/home/p1kachu'), ('OLDPWD', '/home/p1kachu/eYRC_26-27_Hola-The-Explorer'), ('DESKTOP_SESSION', 'ubuntu'), ('ROS_PYTHON_VERSION', '3'), ('GNOME_SHELL_SESSION_MODE', 'ubuntu'), ('GTK_MODULES', 'gail:atk-bridge'), ('MANAGERPID', '2018'), ('SYSTEMD_EXEC_PID', '2558'), ('DBUS_SESSION_BUS_ADDRESS', 'unix:path=/run/user/1000/bus'), ('COLORTERM', 'truecolor'), ('TERMINATOR_DBUS_NAME', 'net.tenshu.Terminator23558193cd9818af7fe4d2c2f5bd9d00f'), ('GIO_LAUNCHED_DESKTOP_FILE_PID', '10583'), ('IM_CONFIG_PHASE', '1'), ('ROS_DISTRO', 'humble'), ('GTK_IM_MODULE', 'ibus'), ('LOGNAME', 'p1kachu'), ('JOURNAL_STREAM', '8:26786'), ('_', '/usr/bin/colcon'), ('ROS_VERSION', '2'), ('XDG_SESSION_CLASS', 'user'), ('USERNAME', 'p1kachu'), ('TERM', 'xterm-256color'), ('GNOME_DESKTOP_SESSION_ID', 'this-is-deprecated'), ('ROS_LOCALHOST_ONLY', '0'), ('WINDOWPATH', '2'), ('PATH', '/opt/ros/humble/bin:/home/p1kachu/.local/bin:/usr/local/sbin:/usr/local/bin:/usr/sbin:/usr/bin:/sbin:/bin:/usr/games:/usr/local/games:/snap/bin:/snap/bin'), ('SESSION_MANAGER', 'local/virus:@/tmp/.ICE-unix/2345,unix/virus:/tmp/.ICE-unix/2345'), ('INVOCATION_ID', '0568aa4d7ded4c51939fbdc4c2995f42'), ('XDG_MENU_PREFIX', 'gnome-'), ('XDG_RUNTIME_DIR', '/run/user/1000'), ('DISPLAY', ':1'), ('TERMINATOR_DBUS_PATH', '/net/tenshu/Terminator2'), ('LANG', 'en_US.UTF-8'), ('XDG_CURRENT_DESKTOP', 'ubuntu:GNOME'), ('IBUS_DISABLE_SNOOPER', '1'), ('XMODIFIERS', '@im=ibus'), ('XDG_SESSION_DESKTOP', 'ubuntu'), ('XAUTHORITY', '/run/user/1000/gdm/Xauthority'), ('LS_COLORS', 'rs=0:di=01;34:ln=01;36:mh=00:pi=40;33:so=01;35:do=01;35:bd=40;33;01:cd=40;33;01:or=40;31;01:mi=00:su=37;41:sg=30;43:ca=30;41:tw=30;42:ow=34;42:st=37;44:ex=01;32:*.tar=01;31:*.tgz=01;31:*.arc=01;31:*.arj=01;31:*.taz=01;31:*.lha=01;31:*.lz4=01;31:*.lzh=01;31:*.lzma=01;31:*.tlz=01;31:*.txz=01;31:*.tzo=01;31:*.t7z=01;31:*.zip=01;31:*.z=01;31:*.dz=01;31:*.gz=01;31:*.lrz=01;31:*.lz=01;31:*.lzo=01;31:*.xz=01;31:*.zst=01;31:*.tzst=01;31:*.bz2=01;31:*.bz=01;31:*.tbz=01;31:*.tbz2=01;31:*.tz=01;31:*.deb=01;31:*.rpm=01;31:*.jar=01;31:*.war=01;31:*.ear=01;31:*.sar=01;31:*.rar=01;31:*.alz=01;31:*.ace=01;31:*.zoo=01;31:*.cpio=01;31:*.7z=01;31:*.rz=01;31:*.cab=01;31:*.wim=01;31:*.swm=01;31:*.dwm=01;31:*.esd=01;31:*.jpg=01;35:*.jpeg=01;35:*.mjpg=01;35:*.mjpeg=01;35:*.gif=01;35:*.bmp=01;35:*.pbm=01;35:*.pgm=01;35:*.ppm=01;35:*.tga=01;35:*.xbm=01;35:*.xpm=01;35:*.tif=01;35:*.tiff=01;35:*.png=01;35:*.svg=01;35:*.svgz=01;35:*.mng=01;35:*.pcx=01;35:*.mov=01;35:*.mpg=01;35:*.mpeg=01;35:*.m2v=01;35:*.mkv=01;35:*.webm=01;35:*.webp=01;35:*.ogm=01;35:*.mp4=01;35:*.m4v=01;35:*.mp4v=01;35:*.vob=01;35:*.qt=01;35:*.nuv=01;35:*.wmv=01;35:*.asf=01;35:*.rm=01;35:*.rmvb=01;35:*.flc=01;35:*.avi=01;35:*.fli=01;35:*.flv=01;35:*.gl=01;35:*.dl=01;35:*.xcf=01;35:*.xwd=01;35:*.yuv=01;35:*.cgm=01;35:*.emf=01;35:*.ogv=01;35:*.ogx=01;35:*.aac=00;36:*.au=00;36:*.flac=00;36:*.m4a=00;36:*.mid=00;36:*.midi=00;36:*.mka=00;36:*.mp3=00;36:*.mpc=00;36:*.ogg=00;36:*.ra=00;36:*.wav=00;36:*.oga=00;36:*.opus=00;36:*.spx=00;36:*.xspf=00;36:'), ('SSH_AGENT_LAUNCHER', 'gnome-keyring'), ('SSH_AUTH_SOCK', '/run/user/1000/keyring/ssh'), ('AMENT_PREFIX_PATH', '/home/p1kachu/eYRC_26-27_Hola-The-Explorer/Software/workspace/install/shape_interface:/opt/ros/humble'), ('SHELL', '/bin/bash'), ('TERMINATOR_UUID', 'urn:uuid:87b0609a-2b25-4357-adea-c227373e5774'), ('QT_ACCESSIBILITY', '1'), ('GDMSESSION', 'ubuntu'), ('LESSCLOSE', '/usr/bin/lesspipe %s %s'), ('GPG_AGENT_INFO', '/run/user/1000/gnupg/S.gpg-agent:0:1'), ('QT_IM_MODULE', 'ibus'), ('PWD', '/home/p1kachu/eYRC_26-27_Hola-The-Explorer/Software/workspace/build/task_1c'), ('LC_ALL', 'en_US.UTF-8'), ('XDG_CONFIG_DIRS', '/etc/xdg/xdg-ubuntu:/etc/xdg'), ('XDG_DATA_DIRS', '/usr/share/ubuntu:/usr/share/gnome:/usr/local/share/:/usr/share/:/var/lib/snapd/desktop'), ('PYTHONPATH', '/home/p1kachu/eYRC_26-27_Hola-The-Explorer/Software/workspace/install/shape_interface/local/lib/python3.10/dist-packages:/opt/ros/humble/lib/python3.10/site-packages:/opt/ros/humble/local/lib/python3.10/dist-packages'), ('COLCON', '1'), ('VTE_VERSION', '6800'), ('CMAKE_PREFIX_PATH', '/home/p1kachu/eYRC_26-27_Hola-The-Explorer/Software/workspace/install/shape_interface:/opt/ros/humble')]), 'shell': False}
[6.032781] (task_1c) StdoutLine: {'line': b'-- Install configuration: ""\n'}
[6.033007] (task_1c) StdoutLine: {'line': b'-- Installing: /home/p1kachu/eYRC_26-27_Hola-The-Explorer/Software/workspace/install/task_1c/lib/task_1c/sim_control\n'}
[6.033583] (task_1c) StdoutLine: {'line': b'-- Installing: /home/p1kachu/eYRC_26-27_Hola-The-Explorer/Software/workspace/install/task_1c/lib/task_1c/shape_service\n'}
[6.035355] (task_1c) StdoutLine: {'line': b'-- Installing: /home/p1kachu/eYRC_26-27_Hola-The-Explorer/Software/workspace/install/task_1c/share/ament_index/resource_index/package_run_dependencies/task_1c\n'}
[6.035562] (task_1c) StdoutLine: {'line': b'-- Installing: /home/p1kachu/eYRC_26-27_Hola-The-Explorer/Software/workspace/install/task_1c/share/ament_index/resource_index/parent_prefix_path/task_1c\n'}
[6.035787] (task_1c) StdoutLine: {'line': b'-- Installing: /home/p1kachu/eYRC_26-27_Hola-The-Explorer/Software/workspace/install/task_1c/share/task_1c/environment/ament_prefix_path.sh\n'}
[6.035923] (task_1c) StdoutLine: {'line': b'-- Installing: /home/p1kachu/eYRC_26-27_Hola-The-Explorer/Software/workspace/install/task_1c/share/task_1c/environment/ament_prefix_path.dsv\n'}
[6.036068] (task_1c) StdoutLine: {'line': b'-- Installing: /home/p1kachu/eYRC_26-27_Hola-The-Explorer/Software/workspace/install/task_1c/share/task_1c/environment/path.sh\n'}
[6.036339] (task_1c) StdoutLine: {'line': b'-- Installing: /home/p1kachu/eYRC_26-27_Hola-The-Explorer/Software/workspace/install/task_1c/share/task_1c/environment/path.dsv\n'}
[6.036484] (task_1c) StdoutLine: {'line': b'-- Installing: /home/p1kachu/eYRC_26-27_Hola-The-Explorer/Software/workspace/install/task_1c/share/task_1c/local_setup.bash\n'}
[6.036601] (task_1c) StdoutLine: {'line': b'-- Installing: /home/p1kachu/eYRC_26-27_Hola-The-Explorer/Software/workspace/install/task_1c/share/task_1c/local_setup.sh\n'}
[6.036735] (task_1c) StdoutLine: {'line': b'-- Installing: /home/p1kachu/eYRC_26-27_Hola-The-Explorer/Software/workspace/install/task_1c/share/task_1c/local_setup.zsh\n'}
[6.036828] (task_1c) StdoutLine: {'line': b'-- Installing: /home/p1kachu/eYRC_26-27_Hola-The-Explorer/Software/workspace/install/task_1c/share/task_1c/local_setup.dsv\n'}
[6.036932] (task_1c) StdoutLine: {'line': b'-- Installing: /home/p1kachu/eYRC_26-27_Hola-The-Explorer/Software/workspace/install/task_1c/share/task_1c/package.dsv\n'}
[6.037112] (task_1c) StdoutLine: {'line': b'-- Installing: /home/p1kachu/eYRC_26-27_Hola-The-Explorer/Software/workspace/install/task_1c/share/ament_index/resource_index/packages/task_1c\n'}
[6.037256] (task_1c) StdoutLine: {'line': b'-- Installing: /home/p1kachu/eYRC_26-27_Hola-The-Explorer/Software/workspace/install/task_1c/share/task_1c/cmake/task_1cConfig.cmake\n'}
[6.037351] (task_1c) StdoutLine: {'line': b'-- Installing: /home/p1kachu/eYRC_26-27_Hola-The-Explorer/Software/workspace/install/task_1c/share/task_1c/cmake/task_1cConfig-version.cmake\n'}
[6.037451] (task_1c) StdoutLine: {'line': b'-- Installing: /home/p1kachu/eYRC_26-27_Hola-The-Explorer/Software/workspace/install/task_1c/share/task_1c/package.xml\n'}
[6.040088] (task_1c) CommandEnded: {'returncode': 0}
[6.053178] (task_1a) StdoutLine: {'line': b"-- Added test 'flake8' to check Python code syntax and style conventions\n"}
[6.053490] (task_1a) StdoutLine: {'line': b"-- Added test 'lint_cmake' to check CMake code style\n"}
[6.053934] (task_1a) StdoutLine: {'line': b"-- Added test 'pep257' to check Python code against some of the docstring style conventions in PEP 257\n"}
[6.054826] (task_1a) StdoutLine: {'line': b"-- Added test 'xmllint' to check XML markup files\n"}
[6.056272] (task_1a) StdoutLine: {'line': b'-- Configuring done\n'}
[6.059000] (task_1a) StdoutLine: {'line': b'-- Generating done\n'}
[6.060936] (task_1c) JobEnded: {'identifier': 'task_1c', 'rc': 0}
[6.061370] (task_1a) StdoutLine: {'line': b'-- Build files have been written to: /home/p1kachu/eYRC_26-27_Hola-The-Explorer/Software/workspace/build/task_1a\n'}
[6.066170] (task_1a) CommandEnded: {'returncode': 0}
[6.066874] (task_1a) JobProgress: {'identifier': 'task_1a', 'progress': 'build'}
[6.067308] (task_1a) Command: {'cmd': ['/usr/bin/cmake', '--build', '/home/p1kachu/eYRC_26-27_Hola-The-Explorer/Software/workspace/build/task_1a', '--', '-j18', '-l18'], 'cwd': '/home/p1kachu/eYRC_26-27_Hola-The-Explorer/Software/workspace/build/task_1a', 'env': OrderedDict([('LESSOPEN', '| /usr/bin/lesspipe %s'), ('LANGUAGE', 'en_IN:en'), ('USER', 'p1kachu'), ('XDG_SESSION_TYPE', 'x11'), ('SHLVL', '1'), ('LD_LIBRARY_PATH', '/home/p1kachu/eYRC_26-27_Hola-The-Explorer/Software/workspace/install/shape_interface/lib:/opt/ros/humble/opt/rviz_ogre_vendor/lib:/opt/ros/humble/lib/x86_64-linux-gnu:/opt/ros/humble/lib'), ('HOME', '/home/p1kachu'), ('OLDPWD', '/home/p1kachu/eYRC_26-27_Hola-The-Explorer'), ('DESKTOP_SESSION', 'ubuntu'), ('ROS_PYTHON_VERSION', '3'), ('GNOME_SHELL_SESSION_MODE', 'ubuntu'), ('GTK_MODULES', 'gail:atk-bridge'), ('MANAGERPID', '2018'), ('SYSTEMD_EXEC_PID', '2558'), ('DBUS_SESSION_BUS_ADDRESS', 'unix:path=/run/user/1000/bus'), ('COLORTERM', 'truecolor'), ('TERMINATOR_DBUS_NAME', 'net.tenshu.Terminator23558193cd9818af7fe4d2c2f5bd9d00f'), ('GIO_LAUNCHED_DESKTOP_FILE_PID', '10583'), ('IM_CONFIG_PHASE', '1'), ('ROS_DISTRO', 'humble'), ('GTK_IM_MODULE', 'ibus'), ('LOGNAME', 'p1kachu'), ('JOURNAL_STREAM', '8:26786'), ('_', '/usr/bin/colcon'), ('ROS_VERSION', '2'), ('XDG_SESSION_CLASS', 'user'), ('USERNAME', 'p1kachu'), ('TERM', 'xterm-256color'), ('GNOME_DESKTOP_SESSION_ID', 'this-is-deprecated'), ('ROS_LOCALHOST_ONLY', '0'), ('WINDOWPATH', '2'), ('PATH', '/opt/ros/humble/bin:/home/p1kachu/.local/bin:/usr/local/sbin:/usr/local/bin:/usr/sbin:/usr/bin:/sbin:/bin:/usr/games:/usr/local/games:/snap/bin:/snap/bin'), ('SESSION_MANAGER', 'local/virus:@/tmp/.ICE-unix/2345,unix/virus:/tmp/.ICE-unix/2345'), ('INVOCATION_ID', '0568aa4d7ded4c51939fbdc4c2995f42'), ('XDG_MENU_PREFIX', 'gnome-'), ('XDG_RUNTIME_DIR', '/run/user/1000'), ('DISPLAY', ':1'), ('TERMINATOR_DBUS_PATH', '/net/tenshu/Terminator2'), ('LANG', 'en_US.UTF-8'), ('XDG_CURRENT_DESKTOP', 'ubuntu:GNOME'), ('IBUS_DISABLE_SNOOPER', '1'), ('XMODIFIERS', '@im=ibus'), ('XDG_SESSION_DESKTOP', 'ubuntu'), ('XAUTHORITY', '/run/user/1000/gdm/Xauthority'), ('LS_COLORS', 'rs=0:di=01;34:ln=01;36:mh=00:pi=40;33:so=01;35:do=01;35:bd=40;33;01:cd=40;33;01:or=40;31;01:mi=00:su=37;41:sg=30;43:ca=30;41:tw=30;42:ow=34;42:st=37;44:ex=01;32:*.tar=01;31:*.tgz=01;31:*.arc=01;31:*.arj=01;31:*.taz=01;31:*.lha=01;31:*.lz4=01;31:*.lzh=01;31:*.lzma=01;31:*.tlz=01;31:*.txz=01;31:*.tzo=01;31:*.t7z=01;31:*.zip=01;31:*.z=01;31:*.dz=01;31:*.gz=01;31:*.lrz=01;31:*.lz=01;31:*.lzo=01;31:*.xz=01;31:*.zst=01;31:*.tzst=01;31:*.bz2=01;31:*.bz=01;31:*.tbz=01;31:*.tbz2=01;31:*.tz=01;31:*.deb=01;31:*.rpm=01;31:*.jar=01;31:*.war=01;31:*.ear=01;31:*.sar=01;31:*.rar=01;31:*.alz=01;31:*.ace=01;31:*.zoo=01;31:*.cpio=01;31:*.7z=01;31:*.rz=01;31:*.cab=01;31:*.wim=01;31:*.swm=01;31:*.dwm=01;31:*.esd=01;31:*.jpg=01;35:*.jpeg=01;35:*.mjpg=01;35:*.mjpeg=01;35:*.gif=01;35:*.bmp=01;35:*.pbm=01;35:*.pgm=01;35:*.ppm=01;35:*.tga=01;35:*.xbm=01;35:*.xpm=01;35:*.tif=01;35:*.tiff=01;35:*.png=01;35:*.svg=01;35:*.svgz=01;35:*.mng=01;35:*.pcx=01;35:*.mov=01;35:*.mpg=01;35:*.mpeg=01;35:*.m2v=01;35:*.mkv=01;35:*.webm=01;35:*.webp=01;35:*.ogm=01;35:*.mp4=01;35:*.m4v=01;35:*.mp4v=01;35:*.vob=01;35:*.qt=01;35:*.nuv=01;35:*.wmv=01;35:*.asf=01;35:*.rm=01;35:*.rmvb=01;35:*.flc=01;35:*.avi=01;35:*.fli=01;35:*.flv=01;35:*.gl=01;35:*.dl=01;35:*.xcf=01;35:*.xwd=01;35:*.yuv=01;35:*.cgm=01;35:*.emf=01;35:*.ogv=01;35:*.ogx=01;35:*.aac=00;36:*.au=00;36:*.flac=00;36:*.m4a=00;36:*.mid=00;36:*.midi=00;36:*.mka=00;36:*.mp3=00;36:*.mpc=00;36:*.ogg=00;36:*.ra=00;36:*.wav=00;36:*.oga=00;36:*.opus=00;36:*.spx=00;36:*.xspf=00;36:'), ('SSH_AGENT_LAUNCHER', 'gnome-keyring'), ('SSH_AUTH_SOCK', '/run/user/1000/keyring/ssh'), ('AMENT_PREFIX_PATH', '/home/p1kachu/eYRC_26-27_Hola-The-Explorer/Software/workspace/install/shape_interface:/opt/ros/humble'), ('SHELL', '/bin/bash'), ('TERMINATOR_UUID', 'urn:uuid:87b0609a-2b25-4357-adea-c227373e5774'), ('QT_ACCESSIBILITY', '1'), ('GDMSESSION', 'ubuntu'), ('LESSCLOSE', '/usr/bin/lesspipe %s %s'), ('GPG_AGENT_INFO', '/run/user/1000/gnupg/S.gpg-agent:0:1'), ('QT_IM_MODULE', 'ibus'), ('PWD', '/home/p1kachu/eYRC_26-27_Hola-The-Explorer/Software/workspace/build/task_1a'), ('LC_ALL', 'en_US.UTF-8'), ('XDG_CONFIG_DIRS', '/etc/xdg/xdg-ubuntu:/etc/xdg'), ('XDG_DATA_DIRS', '/usr/share/ubuntu:/usr/share/gnome:/usr/local/share/:/usr/share/:/var/lib/snapd/desktop'), ('PYTHONPATH', '/home/p1kachu/eYRC_26-27_Hola-The-Explorer/Software/workspace/install/shape_interface/local/lib/python3.10/dist-packages:/opt/ros/humble/lib/python3.10/site-packages:/opt/ros/humble/local/lib/python3.10/dist-packages'), ('COLCON', '1'), ('VTE_VERSION', '6800'), ('CMAKE_PREFIX_PATH', '/home/p1kachu/eYRC_26-27_Hola-The-Explorer/Software/workspace/install/shape_interface:/opt/ros/humble')]), 'shell': False}
[6.115676] (-) TimerEvent: {}
[6.138404] (task_1a) StdoutLine: {'line': b'Built target ament_cmake_python_copy_task_1a\n'}
[6.215819] (-) TimerEvent: {}
[6.316357] (-) TimerEvent: {}
[6.383181] (task_1a) StdoutLine: {'line': b'running egg_info\n'}
[6.383732] (task_1a) StdoutLine: {'line': b'creating task_1a.egg-info\n'}
[6.383875] (task_1a) StdoutLine: {'line': b'writing task_1a.egg-info/PKG-INFO\n'}
[6.384275] (task_1a) StdoutLine: {'line': b'writing dependency_links to task_1a.egg-info/dependency_links.txt\n'}
[6.384429] (task_1a) StdoutLine: {'line': b'writing top-level names to task_1a.egg-info/top_level.txt\n'}
[6.384514] (task_1a) StdoutLine: {'line': b"writing manifest file 'task_1a.egg-info/SOURCES.txt'\n"}
[6.385924] (task_1a) StdoutLine: {'line': b"reading manifest file 'task_1a.egg-info/SOURCES.txt'\n"}
[6.386473] (task_1a) StdoutLine: {'line': b"writing manifest file 'task_1a.egg-info/SOURCES.txt'\n"}
[6.416499] (-) TimerEvent: {}
[6.419167] (task_1a) StdoutLine: {'line': b'Built target ament_cmake_python_build_task_1a_egg\n'}
[6.431944] (task_1a) CommandEnded: {'returncode': 0}
[6.433040] (task_1a) JobProgress: {'identifier': 'task_1a', 'progress': 'install'}
[6.433500] (task_1a) Command: {'cmd': ['/usr/bin/cmake', '--install', '/home/p1kachu/eYRC_26-27_Hola-The-Explorer/Software/workspace/build/task_1a'], 'cwd': '/home/p1kachu/eYRC_26-27_Hola-The-Explorer/Software/workspace/build/task_1a', 'env': OrderedDict([('LESSOPEN', '| /usr/bin/lesspipe %s'), ('LANGUAGE', 'en_IN:en'), ('USER', 'p1kachu'), ('XDG_SESSION_TYPE', 'x11'), ('SHLVL', '1'), ('LD_LIBRARY_PATH', '/home/p1kachu/eYRC_26-27_Hola-The-Explorer/Software/workspace/install/shape_interface/lib:/opt/ros/humble/opt/rviz_ogre_vendor/lib:/opt/ros/humble/lib/x86_64-linux-gnu:/opt/ros/humble/lib'), ('HOME', '/home/p1kachu'), ('OLDPWD', '/home/p1kachu/eYRC_26-27_Hola-The-Explorer'), ('DESKTOP_SESSION', 'ubuntu'), ('ROS_PYTHON_VERSION', '3'), ('GNOME_SHELL_SESSION_MODE', 'ubuntu'), ('GTK_MODULES', 'gail:atk-bridge'), ('MANAGERPID', '2018'), ('SYSTEMD_EXEC_PID', '2558'), ('DBUS_SESSION_BUS_ADDRESS', 'unix:path=/run/user/1000/bus'), ('COLORTERM', 'truecolor'), ('TERMINATOR_DBUS_NAME', 'net.tenshu.Terminator23558193cd9818af7fe4d2c2f5bd9d00f'), ('GIO_LAUNCHED_DESKTOP_FILE_PID', '10583'), ('IM_CONFIG_PHASE', '1'), ('ROS_DISTRO', 'humble'), ('GTK_IM_MODULE', 'ibus'), ('LOGNAME', 'p1kachu'), ('JOURNAL_STREAM', '8:26786'), ('_', '/usr/bin/colcon'), ('ROS_VERSION', '2'), ('XDG_SESSION_CLASS', 'user'), ('USERNAME', 'p1kachu'), ('TERM', 'xterm-256color'), ('GNOME_DESKTOP_SESSION_ID', 'this-is-deprecated'), ('ROS_LOCALHOST_ONLY', '0'), ('WINDOWPATH', '2'), ('PATH', '/opt/ros/humble/bin:/home/p1kachu/.local/bin:/usr/local/sbin:/usr/local/bin:/usr/sbin:/usr/bin:/sbin:/bin:/usr/games:/usr/local/games:/snap/bin:/snap/bin'), ('SESSION_MANAGER', 'local/virus:@/tmp/.ICE-unix/2345,unix/virus:/tmp/.ICE-unix/2345'), ('INVOCATION_ID', '0568aa4d7ded4c51939fbdc4c2995f42'), ('XDG_MENU_PREFIX', 'gnome-'), ('XDG_RUNTIME_DIR', '/run/user/1000'), ('DISPLAY', ':1'), ('TERMINATOR_DBUS_PATH', '/net/tenshu/Terminator2'), ('LANG', 'en_US.UTF-8'), ('XDG_CURRENT_DESKTOP', 'ubuntu:GNOME'), ('IBUS_DISABLE_SNOOPER', '1'), ('XMODIFIERS', '@im=ibus'), ('XDG_SESSION_DESKTOP', 'ubuntu'), ('XAUTHORITY', '/run/user/1000/gdm/Xauthority'), ('LS_COLORS', 'rs=0:di=01;34:ln=01;36:mh=00:pi=40;33:so=01;35:do=01;35:bd=40;33;01:cd=40;33;01:or=40;31;01:mi=00:su=37;41:sg=30;43:ca=30;41:tw=30;42:ow=34;42:st=37;44:ex=01;32:*.tar=01;31:*.tgz=01;31:*.arc=01;31:*.arj=01;31:*.taz=01;31:*.lha=01;31:*.lz4=01;31:*.lzh=01;31:*.lzma=01;31:*.tlz=01;31:*.txz=01;31:*.tzo=01;31:*.t7z=01;31:*.zip=01;31:*.z=01;31:*.dz=01;31:*.gz=01;31:*.lrz=01;31:*.lz=01;31:*.lzo=01;31:*.xz=01;31:*.zst=01;31:*.tzst=01;31:*.bz2=01;31:*.bz=01;31:*.tbz=01;31:*.tbz2=01;31:*.tz=01;31:*.deb=01;31:*.rpm=01;31:*.jar=01;31:*.war=01;31:*.ear=01;31:*.sar=01;31:*.rar=01;31:*.alz=01;31:*.ace=01;31:*.zoo=01;31:*.cpio=01;31:*.7z=01;31:*.rz=01;31:*.cab=01;31:*.wim=01;31:*.swm=01;31:*.dwm=01;31:*.esd=01;31:*.jpg=01;35:*.jpeg=01;35:*.mjpg=01;35:*.mjpeg=01;35:*.gif=01;35:*.bmp=01;35:*.pbm=01;35:*.pgm=01;35:*.ppm=01;35:*.tga=01;35:*.xbm=01;35:*.xpm=01;35:*.tif=01;35:*.tiff=01;35:*.png=01;35:*.svg=01;35:*.svgz=01;35:*.mng=01;35:*.pcx=01;35:*.mov=01;35:*.mpg=01;35:*.mpeg=01;35:*.m2v=01;35:*.mkv=01;35:*.webm=01;35:*.webp=01;35:*.ogm=01;35:*.mp4=01;35:*.m4v=01;35:*.mp4v=01;35:*.vob=01;35:*.qt=01;35:*.nuv=01;35:*.wmv=01;35:*.asf=01;35:*.rm=01;35:*.rmvb=01;35:*.flc=01;35:*.avi=01;35:*.fli=01;35:*.flv=01;35:*.gl=01;35:*.dl=01;35:*.xcf=01;35:*.xwd=01;35:*.yuv=01;35:*.cgm=01;35:*.emf=01;35:*.ogv=01;35:*.ogx=01;35:*.aac=00;36:*.au=00;36:*.flac=00;36:*.m4a=00;36:*.mid=00;36:*.midi=00;36:*.mka=00;36:*.mp3=00;36:*.mpc=00;36:*.ogg=00;36:*.ra=00;36:*.wav=00;36:*.oga=00;36:*.opus=00;36:*.spx=00;36:*.xspf=00;36:'), ('SSH_AGENT_LAUNCHER', 'gnome-keyring'), ('SSH_AUTH_SOCK', '/run/user/1000/keyring/ssh'), ('AMENT_PREFIX_PATH', '/home/p1kachu/eYRC_26-27_Hola-The-Explorer/Software/workspace/install/shape_interface:/opt/ros/humble'), ('SHELL', '/bin/bash'), ('TERMINATOR_UUID', 'urn:uuid:87b0609a-2b25-4357-adea-c227373e5774'), ('QT_ACCESSIBILITY', '1'), ('GDMSESSION', 'ubuntu'), ('LESSCLOSE', '/usr/bin/lesspipe %s %s'), ('GPG_AGENT_INFO', '/run/user/1000/gnupg/S.gpg-agent:0:1'), ('QT_IM_MODULE', 'ibus'), ('PWD', '/home/p1kachu/eYRC_26-27_Hola-The-Explorer/Software/workspace/build/task_1a'), ('LC_ALL', 'en_US.UTF-8'), ('XDG_CONFIG_DIRS', '/etc/xdg/xdg-ubuntu:/etc/xdg'), ('XDG_DATA_DIRS', '/usr/share/ubuntu:/usr/share/gnome:/usr/local/share/:/usr/share/:/var/lib/snapd/desktop'), ('PYTHONPATH', '/home/p1kachu/eYRC_26-27_Hola-The-Explorer/Software/workspace/install/shape_interface/local/lib/python3.10/dist-packages:/opt/ros/humble/lib/python3.10/site-packages:/opt/ros/humble/local/lib/python3.10/dist-packages'), ('COLCON', '1'), ('VTE_VERSION', '6800'), ('CMAKE_PREFIX_PATH', '/home/p1kachu/eYRC_26-27_Hola-The-Explorer/Software/workspace/install/shape_interface:/opt/ros/humble')]), 'shell': False}
[6.443534] (task_1a) StdoutLine: {'line': b'-- Install configuration: ""\n'}
[6.443784] (task_1a) StdoutLine: {'line': b'-- Installing: /home/p1kachu/eYRC_26-27_Hola-The-Explorer/Software/workspace/install/task_1a/lib/task_1a/pixel_to_world_service\n'}
[6.444274] (task_1a) StdoutLine: {'line': b'-- Installing: /home/p1kachu/eYRC_26-27_Hola-The-Explorer/Software/workspace/install/task_1a/share/task_1a/environment/pythonpath.sh\n'}
[6.444393] (task_1a) StdoutLine: {'line': b'-- Installing: /home/p1kachu/eYRC_26-27_Hola-The-Explorer/Software/workspace/install/task_1a/share/task_1a/environment/pythonpath.dsv\n'}
[6.444495] (task_1a) StdoutLine: {'line': b'-- Installing: /home/p1kachu/eYRC_26-27_Hola-The-Explorer/Software/workspace/install/task_1a/local/lib/python3.10/dist-packages/task_1a-0.0.1-py3.10.egg-info\n'}
[6.444619] (task_1a) StdoutLine: {'line': b'-- Installing: /home/p1kachu/eYRC_26-27_Hola-The-Explorer/Software/workspace/install/task_1a/local/lib/python3.10/dist-packages/task_1a-0.0.1-py3.10.egg-info/SOURCES.txt\n'}
[6.444739] (task_1a) StdoutLine: {'line': b'-- Installing: /home/p1kachu/eYRC_26-27_Hola-The-Explorer/Software/workspace/install/task_1a/local/lib/python3.10/dist-packages/task_1a-0.0.1-py3.10.egg-info/top_level.txt\n'}
[6.444838] (task_1a) StdoutLine: {'line': b'-- Installing: /home/p1kachu/eYRC_26-27_Hola-The-Explorer/Software/workspace/install/task_1a/local/lib/python3.10/dist-packages/task_1a-0.0.1-py3.10.egg-info/PKG-INFO\n'}
[6.444945] (task_1a) StdoutLine: {'line': b'-- Installing: /home/p1kachu/eYRC_26-27_Hola-The-Explorer/Software/workspace/install/task_1a/local/lib/python3.10/dist-packages/task_1a-0.0.1-py3.10.egg-info/dependency_links.txt\n'}
[6.445010] (task_1a) StdoutLine: {'line': b'-- Installing: /home/p1kachu/eYRC_26-27_Hola-The-Explorer/Software/workspace/install/task_1a/local/lib/python3.10/dist-packages/task_1a\n'}
[6.445084] (task_1a) StdoutLine: {'line': b'-- Installing: /home/p1kachu/eYRC_26-27_Hola-The-Explorer/Software/workspace/install/task_1a/local/lib/python3.10/dist-packages/task_1a/__init__.py\n'}
[6.445165] (task_1a) StdoutLine: {'line': b'-- Installing: /home/p1kachu/eYRC_26-27_Hola-The-Explorer/Software/workspace/install/task_1a/local/lib/python3.10/dist-packages/task_1a/camera_detection.py\n'}
[6.488179] (task_1a) StdoutLine: {'line': b"Listing '/home/p1kachu/eYRC_26-27_Hola-The-Explorer/Software/workspace/install/task_1a/local/lib/python3.10/dist-packages/task_1a'...\n"}
[6.488411] (task_1a) StdoutLine: {'line': b"Compiling '/home/p1kachu/eYRC_26-27_Hola-The-Explorer/Software/workspace/install/task_1a/local/lib/python3.10/dist-packages/task_1a/__init__.py'...\n"}
[6.488484] (task_1a) StdoutLine: {'line': b"Compiling '/home/p1kachu/eYRC_26-27_Hola-The-Explorer/Software/workspace/install/task_1a/local/lib/python3.10/dist-packages/task_1a/camera_detection.py'...\n"}
[6.493720] (task_1a) StdoutLine: {'line': b'-- Installing: /home/p1kachu/eYRC_26-27_Hola-The-Explorer/Software/workspace/install/task_1a/lib/task_1a/camera_detection\n'}
[6.494121] (task_1a) StdoutLine: {'line': b'-- Installing: /home/p1kachu/eYRC_26-27_Hola-The-Explorer/Software/workspace/install/task_1a/share/ament_index/resource_index/package_run_dependencies/task_1a\n'}
[6.494299] (task_1a) StdoutLine: {'line': b'-- Installing: /home/p1kachu/eYRC_26-27_Hola-The-Explorer/Software/workspace/install/task_1a/share/ament_index/resource_index/parent_prefix_path/task_1a\n'}
[6.494395] (task_1a) StdoutLine: {'line': b'-- Installing: /home/p1kachu/eYRC_26-27_Hola-The-Explorer/Software/workspace/install/task_1a/share/task_1a/environment/ament_prefix_path.sh\n'}
[6.494518] (task_1a) StdoutLine: {'line': b'-- Installing: /home/p1kachu/eYRC_26-27_Hola-The-Explorer/Software/workspace/install/task_1a/share/task_1a/environment/ament_prefix_path.dsv\n'}
[6.494603] (task_1a) StdoutLine: {'line': b'-- Installing: /home/p1kachu/eYRC_26-27_Hola-The-Explorer/Software/workspace/install/task_1a/share/task_1a/environment/path.sh\n'}
[6.494737] (task_1a) StdoutLine: {'line': b'-- Installing: /home/p1kachu/eYRC_26-27_Hola-The-Explorer/Software/workspace/install/task_1a/share/task_1a/environment/path.dsv\n'}
[6.494823] (task_1a) StdoutLine: {'line': b'-- Installing: /home/p1kachu/eYRC_26-27_Hola-The-Explorer/Software/workspace/install/task_1a/share/task_1a/local_setup.bash\n'}
[6.494936] (task_1a) StdoutLine: {'line': b'-- Installing: /home/p1kachu/eYRC_26-27_Hola-The-Explorer/Software/workspace/install/task_1a/share/task_1a/local_setup.sh\n'}
[6.495016] (task_1a) StdoutLine: {'line': b'-- Installing: /home/p1kachu/eYRC_26-27_Hola-The-Explorer/Software/workspace/install/task_1a/share/task_1a/local_setup.zsh\n'}
[6.495118] (task_1a) StdoutLine: {'line': b'-- Installing: /home/p1kachu/eYRC_26-27_Hola-The-Explorer/Software/workspace/install/task_1a/share/task_1a/local_setup.dsv\n'}
[6.495177] (task_1a) StdoutLine: {'line': b'-- Installing: /home/p1kachu/eYRC_26-27_Hola-The-Explorer/Software/workspace/install/task_1a/share/task_1a/package.dsv\n'}
[6.495277] (task_1a) StdoutLine: {'line': b'-- Installing: /home/p1kachu/eYRC_26-27_Hola-The-Explorer/Software/workspace/install/task_1a/share/ament_index/resource_index/packages/task_1a\n'}
[6.495397] (task_1a) StdoutLine: {'line': b'-- Installing: /home/p1kachu/eYRC_26-27_Hola-The-Explorer/Software/workspace/install/task_1a/share/task_1a/cmake/task_1aConfig.cmake\n'}
[6.495517] (task_1a) StdoutLine: {'line': b'-- Installing: /home/p1kachu/eYRC_26-27_Hola-The-Explorer/Software/workspace/install/task_1a/share/task_1a/cmake/task_1aConfig-version.cmake\n'}
[6.495627] (task_1a) StdoutLine: {'line': b'-- Installing: /home/p1kachu/eYRC_26-27_Hola-The-Explorer/Software/workspace/install/task_1a/share/task_1a/package.xml\n'}
[6.498822] (task_1a) CommandEnded: {'returncode': 0}
[6.516624] (-) TimerEvent: {}
[6.517535] (task_1a) JobEnded: {'identifier': 'task_1a', 'rc': 0}
[6.518705] (hb_description) JobStarted: {'identifier': 'hb_description'}
[6.528302] (hb_description) JobProgress: {'identifier': 'hb_description', 'progress': 'cmake'}
[6.528960] (hb_description) Command: {'cmd': ['/usr/bin/cmake', '/home/p1kachu/eYRC_26-27_Hola-The-Explorer/Software/workspace/src/hb_description', '-DCMAKE_INSTALL_PREFIX=/home/p1kachu/eYRC_26-27_Hola-The-Explorer/Software/workspace/install/hb_description'], 'cwd': '/home/p1kachu/eYRC_26-27_Hola-The-Explorer/Software/workspace/build/hb_description', 'env': OrderedDict([('LESSOPEN', '| /usr/bin/lesspipe %s'), ('LANGUAGE', 'en_IN:en'), ('USER', 'p1kachu'), ('XDG_SESSION_TYPE', 'x11'), ('SHLVL', '1'), ('LD_LIBRARY_PATH', '/home/p1kachu/eYRC_26-27_Hola-The-Explorer/Software/workspace/install/shape_interface/lib:/opt/ros/humble/opt/rviz_ogre_vendor/lib:/opt/ros/humble/lib/x86_64-linux-gnu:/opt/ros/humble/lib'), ('HOME', '/home/p1kachu'), ('OLDPWD', '/home/p1kachu/eYRC_26-27_Hola-The-Explorer'), ('DESKTOP_SESSION', 'ubuntu'), ('ROS_PYTHON_VERSION', '3'), ('GNOME_SHELL_SESSION_MODE', 'ubuntu'), ('GTK_MODULES', 'gail:atk-bridge'), ('MANAGERPID', '2018'), ('SYSTEMD_EXEC_PID', '2558'), ('DBUS_SESSION_BUS_ADDRESS', 'unix:path=/run/user/1000/bus'), ('COLORTERM', 'truecolor'), ('TERMINATOR_DBUS_NAME', 'net.tenshu.Terminator23558193cd9818af7fe4d2c2f5bd9d00f'), ('GIO_LAUNCHED_DESKTOP_FILE_PID', '10583'), ('IM_CONFIG_PHASE', '1'), ('ROS_DISTRO', 'humble'), ('GTK_IM_MODULE', 'ibus'), ('LOGNAME', 'p1kachu'), ('JOURNAL_STREAM', '8:26786'), ('_', '/usr/bin/colcon'), ('ROS_VERSION', '2'), ('XDG_SESSION_CLASS', 'user'), ('USERNAME', 'p1kachu'), ('TERM', 'xterm-256color'), ('GNOME_DESKTOP_SESSION_ID', 'this-is-deprecated'), ('ROS_LOCALHOST_ONLY', '0'), ('WINDOWPATH', '2'), ('PATH', '/opt/ros/humble/bin:/home/p1kachu/.local/bin:/usr/local/sbin:/usr/local/bin:/usr/sbin:/usr/bin:/sbin:/bin:/usr/games:/usr/local/games:/snap/bin:/snap/bin'), ('SESSION_MANAGER', 'local/virus:@/tmp/.ICE-unix/2345,unix/virus:/tmp/.ICE-unix/2345'), ('INVOCATION_ID', '0568aa4d7ded4c51939fbdc4c2995f42'), ('XDG_MENU_PREFIX', 'gnome-'), ('XDG_RUNTIME_DIR', '/run/user/1000'), ('DISPLAY', ':1'), ('TERMINATOR_DBUS_PATH', '/net/tenshu/Terminator2'), ('LANG', 'en_US.UTF-8'), ('XDG_CURRENT_DESKTOP', 'ubuntu:GNOME'), ('IBUS_DISABLE_SNOOPER', '1'), ('XMODIFIERS', '@im=ibus'), ('XDG_SESSION_DESKTOP', 'ubuntu'), ('XAUTHORITY', '/run/user/1000/gdm/Xauthority'), ('LS_COLORS', 'rs=0:di=01;34:ln=01;36:mh=00:pi=40;33:so=01;35:do=01;35:bd=40;33;01:cd=40;33;01:or=40;31;01:mi=00:su=37;41:sg=30;43:ca=30;41:tw=30;42:ow=34;42:st=37;44:ex=01;32:*.tar=01;31:*.tgz=01;31:*.arc=01;31:*.arj=01;31:*.taz=01;31:*.lha=01;31:*.lz4=01;31:*.lzh=01;31:*.lzma=01;31:*.tlz=01;31:*.txz=01;31:*.tzo=01;31:*.t7z=01;31:*.zip=01;31:*.z=01;31:*.dz=01;31:*.gz=01;31:*.lrz=01;31:*.lz=01;31:*.lzo=01;31:*.xz=01;31:*.zst=01;31:*.tzst=01;31:*.bz2=01;31:*.bz=01;31:*.tbz=01;31:*.tbz2=01;31:*.tz=01;31:*.deb=01;31:*.rpm=01;31:*.jar=01;31:*.war=01;31:*.ear=01;31:*.sar=01;31:*.rar=01;31:*.alz=01;31:*.ace=01;31:*.zoo=01;31:*.cpio=01;31:*.7z=01;31:*.rz=01;31:*.cab=01;31:*.wim=01;31:*.swm=01;31:*.dwm=01;31:*.esd=01;31:*.jpg=01;35:*.jpeg=01;35:*.mjpg=01;35:*.mjpeg=01;35:*.gif=01;35:*.bmp=01;35:*.pbm=01;35:*.pgm=01;35:*.ppm=01;35:*.tga=01;35:*.xbm=01;35:*.xpm=01;35:*.tif=01;35:*.tiff=01;35:*.png=01;35:*.svg=01;35:*.svgz=01;35:*.mng=01;35:*.pcx=01;35:*.mov=01;35:*.mpg=01;35:*.mpeg=01;35:*.m2v=01;35:*.mkv=01;35:*.webm=01;35:*.webp=01;35:*.ogm=01;35:*.mp4=01;35:*.m4v=01;35:*.mp4v=01;35:*.vob=01;35:*.qt=01;35:*.nuv=01;35:*.wmv=01;35:*.asf=01;35:*.rm=01;35:*.rmvb=01;35:*.flc=01;35:*.avi=01;35:*.fli=01;35:*.flv=01;35:*.gl=01;35:*.dl=01;35:*.xcf=01;35:*.xwd=01;35:*.yuv=01;35:*.cgm=01;35:*.emf=01;35:*.ogv=01;35:*.ogx=01;35:*.aac=00;36:*.au=00;36:*.flac=00;36:*.m4a=00;36:*.mid=00;36:*.midi=00;36:*.mka=00;36:*.mp3=00;36:*.mpc=00;36:*.ogg=00;36:*.ra=00;36:*.wav=00;36:*.oga=00;36:*.opus=00;36:*.spx=00;36:*.xspf=00;36:'), ('SSH_AGENT_LAUNCHER', 'gnome-keyring'), ('SSH_AUTH_SOCK', '/run/user/1000/keyring/ssh'), ('AMENT_PREFIX_PATH', '/home/p1kachu/eYRC_26-27_Hola-The-Explorer/Software/workspace/install/task_1a:/home/p1kachu/eYRC_26-27_Hola-The-Explorer/Software/workspace/install/shape_interface:/opt/ros/humble'), ('SHELL', '/bin/bash'), ('TERMINATOR_UUID', 'urn:uuid:87b0609a-2b25-4357-adea-c227373e5774'), ('QT_ACCESSIBILITY', '1'), ('GDMSESSION', 'ubuntu'), ('LESSCLOSE', '/usr/bin/lesspipe %s %s'), ('GPG_AGENT_INFO', '/run/user/1000/gnupg/S.gpg-agent:0:1'), ('QT_IM_MODULE', 'ibus'), ('PWD', '/home/p1kachu/eYRC_26-27_Hola-The-Explorer/Software/workspace/build/hb_description'), ('LC_ALL', 'en_US.UTF-8'), ('XDG_CONFIG_DIRS', '/etc/xdg/xdg-ubuntu:/etc/xdg'), ('XDG_DATA_DIRS', '/usr/share/ubuntu:/usr/share/gnome:/usr/local/share/:/usr/share/:/var/lib/snapd/desktop'), ('PYTHONPATH', '/home/p1kachu/eYRC_26-27_Hola-The-Explorer/Software/workspace/install/task_1a/local/lib/python3.10/dist-packages:/home/p1kachu/eYRC_26-27_Hola-The-Explorer/Software/workspace/install/shape_interface/local/lib/python3.10/dist-packages:/opt/ros/humble/lib/python3.10/site-packages:/opt/ros/humble/local/lib/python3.10/dist-packages'), ('COLCON', '1'), ('VTE_VERSION', '6800'), ('CMAKE_PREFIX_PATH', '/home/p1kachu/eYRC_26-27_Hola-The-Explorer/Software/workspace/install/task_1a:/home/p1kachu/eYRC_26-27_Hola-The-Explorer/Software/workspace/install/shape_interface:/opt/ros/humble')]), 'shell': False}
[6.600940] (hb_description) StdoutLine: {'line': b'-- The C compiler identification is GNU 11.4.0\n'}
[6.616710] (-) TimerEvent: {}
[6.672656] (hb_description) StdoutLine: {'line': b'-- The CXX compiler identification is GNU 11.4.0\n'}
[6.681951] (hb_description) StdoutLine: {'line': b'-- Detecting C compiler ABI info\n'}
[6.716927] (-) TimerEvent: {}
[6.772387] (hb_description) StdoutLine: {'line': b'-- Detecting C compiler ABI info - done\n'}
[6.783042] (hb_description) StdoutLine: {'line': b'-- Check for working C compiler: /usr/bin/cc - skipped\n'}
[6.783353] (hb_description) StdoutLine: {'line': b'-- Detecting C compile features\n'}
[6.783759] (hb_description) StdoutLine: {'line': b'-- Detecting C compile features - done\n'}
[6.787561] (hb_description) StdoutLine: {'line': b'-- Detecting CXX compiler ABI info\n'}
[6.817075] (-) TimerEvent: {}
[6.893085] (hb_description) StdoutLine: {'line': b'-- Detecting CXX compiler ABI info - done\n'}
[6.903282] (hb_description) StdoutLine: {'line': b'-- Check for working CXX compiler: /usr/bin/c++ - skipped\n'}
[6.903646] (hb_description) StdoutLine: {'line': b'-- Detecting CXX compile features\n'}
[6.904263] (hb_description) StdoutLine: {'line': b'-- Detecting CXX compile features - done\n'}
[6.906791] (hb_description) StdoutLine: {'line': b'-- Found ament_cmake: 1.3.14 (/opt/ros/humble/share/ament_cmake/cmake)\n'}
[6.917120] (-) TimerEvent: {}
[7.017441] (-) TimerEvent: {}
[7.093485] (hb_description) StdoutLine: {'line': b'-- Found Python3: /usr/bin/python3 (found version "3.10.12") found components: Interpreter \n'}
[7.117539] (-) TimerEvent: {}
[7.217901] (-) TimerEvent: {}
[7.281945] (hb_description) StdoutLine: {'line': b'-- Configuring done\n'}
[7.284568] (hb_description) StdoutLine: {'line': b'-- Generating done\n'}
[7.286635] (hb_description) StdoutLine: {'line': b'-- Build files have been written to: /home/p1kachu/eYRC_26-27_Hola-The-Explorer/Software/workspace/build/hb_description\n'}
[7.293184] (hb_description) CommandEnded: {'returncode': 0}
[7.296244] (hb_description) JobProgress: {'identifier': 'hb_description', 'progress': 'build'}
[7.296299] (hb_description) Command: {'cmd': ['/usr/bin/cmake', '--build', '/home/p1kachu/eYRC_26-27_Hola-The-Explorer/Software/workspace/build/hb_description', '--', '-j18', '-l18'], 'cwd': '/home/p1kachu/eYRC_26-27_Hola-The-Explorer/Software/workspace/build/hb_description', 'env': OrderedDict([('LESSOPEN', '| /usr/bin/lesspipe %s'), ('LANGUAGE', 'en_IN:en'), ('USER', 'p1kachu'), ('XDG_SESSION_TYPE', 'x11'), ('SHLVL', '1'), ('LD_LIBRARY_PATH', '/home/p1kachu/eYRC_26-27_Hola-The-Explorer/Software/workspace/install/shape_interface/lib:/opt/ros/humble/opt/rviz_ogre_vendor/lib:/opt/ros/humble/lib/x86_64-linux-gnu:/opt/ros/humble/lib'), ('HOME', '/home/p1kachu'), ('OLDPWD', '/home/p1kachu/eYRC_26-27_Hola-The-Explorer'), ('DESKTOP_SESSION', 'ubuntu'), ('ROS_PYTHON_VERSION', '3'), ('GNOME_SHELL_SESSION_MODE', 'ubuntu'), ('GTK_MODULES', 'gail:atk-bridge'), ('MANAGERPID', '2018'), ('SYSTEMD_EXEC_PID', '2558'), ('DBUS_SESSION_BUS_ADDRESS', 'unix:path=/run/user/1000/bus'), ('COLORTERM', 'truecolor'), ('TERMINATOR_DBUS_NAME', 'net.tenshu.Terminator23558193cd9818af7fe4d2c2f5bd9d00f'), ('GIO_LAUNCHED_DESKTOP_FILE_PID', '10583'), ('IM_CONFIG_PHASE', '1'), ('ROS_DISTRO', 'humble'), ('GTK_IM_MODULE', 'ibus'), ('LOGNAME', 'p1kachu'), ('JOURNAL_STREAM', '8:26786'), ('_', '/usr/bin/colcon'), ('ROS_VERSION', '2'), ('XDG_SESSION_CLASS', 'user'), ('USERNAME', 'p1kachu'), ('TERM', 'xterm-256color'), ('GNOME_DESKTOP_SESSION_ID', 'this-is-deprecated'), ('ROS_LOCALHOST_ONLY', '0'), ('WINDOWPATH', '2'), ('PATH', '/opt/ros/humble/bin:/home/p1kachu/.local/bin:/usr/local/sbin:/usr/local/bin:/usr/sbin:/usr/bin:/sbin:/bin:/usr/games:/usr/local/games:/snap/bin:/snap/bin'), ('SESSION_MANAGER', 'local/virus:@/tmp/.ICE-unix/2345,unix/virus:/tmp/.ICE-unix/2345'), ('INVOCATION_ID', '0568aa4d7ded4c51939fbdc4c2995f42'), ('XDG_MENU_PREFIX', 'gnome-'), ('XDG_RUNTIME_DIR', '/run/user/1000'), ('DISPLAY', ':1'), ('TERMINATOR_DBUS_PATH', '/net/tenshu/Terminator2'), ('LANG', 'en_US.UTF-8'), ('XDG_CURRENT_DESKTOP', 'ubuntu:GNOME'), ('IBUS_DISABLE_SNOOPER', '1'), ('XMODIFIERS', '@im=ibus'), ('XDG_SESSION_DESKTOP', 'ubuntu'), ('XAUTHORITY', '/run/user/1000/gdm/Xauthority'), ('LS_COLORS', 'rs=0:di=01;34:ln=01;36:mh=00:pi=40;33:so=01;35:do=01;35:bd=40;33;01:cd=40;33;01:or=40;31;01:mi=00:su=37;41:sg=30;43:ca=30;41:tw=30;42:ow=34;42:st=37;44:ex=01;32:*.tar=01;31:*.tgz=01;31:*.arc=01;31:*.arj=01;31:*.taz=01;31:*.lha=01;31:*.lz4=01;31:*.lzh=01;31:*.lzma=01;31:*.tlz=01;31:*.txz=01;31:*.tzo=01;31:*.t7z=01;31:*.zip=01;31:*.z=01;31:*.dz=01;31:*.gz=01;31:*.lrz=01;31:*.lz=01;31:*.lzo=01;31:*.xz=01;31:*.zst=01;31:*.tzst=01;31:*.bz2=01;31:*.bz=01;31:*.tbz=01;31:*.tbz2=01;31:*.tz=01;31:*.deb=01;31:*.rpm=01;31:*.jar=01;31:*.war=01;31:*.ear=01;31:*.sar=01;31:*.rar=01;31:*.alz=01;31:*.ace=01;31:*.zoo=01;31:*.cpio=01;31:*.7z=01;31:*.rz=01;31:*.cab=01;31:*.wim=01;31:*.swm=01;31:*.dwm=01;31:*.esd=01;31:*.jpg=01;35:*.jpeg=01;35:*.mjpg=01;35:*.mjpeg=01;35:*.gif=01;35:*.bmp=01;35:*.pbm=01;35:*.pgm=01;35:*.ppm=01;35:*.tga=01;35:*.xbm=01;35:*.xpm=01;35:*.tif=01;35:*.tiff=01;35:*.png=01;35:*.svg=01;35:*.svgz=01;35:*.mng=01;35:*.pcx=01;35:*.mov=01;35:*.mpg=01;35:*.mpeg=01;35:*.m2v=01;35:*.mkv=01;35:*.webm=01;35:*.webp=01;35:*.ogm=01;35:*.mp4=01;35:*.m4v=01;35:*.mp4v=01;35:*.vob=01;35:*.qt=01;35:*.nuv=01;35:*.wmv=01;35:*.asf=01;35:*.rm=01;35:*.rmvb=01;35:*.flc=01;35:*.avi=01;35:*.fli=01;35:*.flv=01;35:*.gl=01;35:*.dl=01;35:*.xcf=01;35:*.xwd=01;35:*.yuv=01;35:*.cgm=01;35:*.emf=01;35:*.ogv=01;35:*.ogx=01;35:*.aac=00;36:*.au=00;36:*.flac=00;36:*.m4a=00;36:*.mid=00;36:*.midi=00;36:*.mka=00;36:*.mp3=00;36:*.mpc=00;36:*.ogg=00;36:*.ra=00;36:*.wav=00;36:*.oga=00;36:*.opus=00;36:*.spx=00;36:*.xspf=00;36:'), ('SSH_AGENT_LAUNCHER', 'gnome-keyring'), ('SSH_AUTH_SOCK', '/run/user/1000/keyring/ssh'), ('AMENT_PREFIX_PATH', '/home/p1kachu/eYRC_26-27_Hola-The-Explorer/Software/workspace/install/task_1a:/home/p1kachu/eYRC_26-27_Hola-The-Explorer/Software/workspace/install/shape_interface:/opt/ros/humble'), ('SHELL', '/bin/bash'), ('TERMINATOR_UUID', 'urn:uuid:87b0609a-2b25-4357-adea-c227373e5774'), ('QT_ACCESSIBILITY', '1'), ('GDMSESSION', 'ubuntu'), ('LESSCLOSE', '/usr/bin/lesspipe %s %s'), ('GPG_AGENT_INFO', '/run/user/1000/gnupg/S.gpg-agent:0:1'), ('QT_IM_MODULE', 'ibus'), ('PWD', '/home/p1kachu/eYRC_26-27_Hola-The-Explorer/Software/workspace/build/hb_description'), ('LC_ALL', 'en_US.UTF-8'), ('XDG_CONFIG_DIRS', '/etc/xdg/xdg-ubuntu:/etc/xdg'), ('XDG_DATA_DIRS', '/usr/share/ubuntu:/usr/share/gnome:/usr/local/share/:/usr/share/:/var/lib/snapd/desktop'), ('PYTHONPATH', '/home/p1kachu/eYRC_26-27_Hola-The-Explorer/Software/workspace/install/task_1a/local/lib/python3.10/dist-packages:/home/p1kachu/eYRC_26-27_Hola-The-Explorer/Software/workspace/install/shape_interface/local/lib/python3.10/dist-packages:/opt/ros/humble/lib/python3.10/site-packages:/opt/ros/humble/local/lib/python3.10/dist-packages'), ('COLCON', '1'), ('VTE_VERSION', '6800'), ('CMAKE_PREFIX_PATH', '/home/p1kachu/eYRC_26-27_Hola-The-Explorer/Software/workspace/install/task_1a:/home/p1kachu/eYRC_26-27_Hola-The-Explorer/Software/workspace/install/shape_interface:/opt/ros/humble')]), 'shell': False}
[7.318038] (-) TimerEvent: {}
[7.341083] (hb_description) CommandEnded: {'returncode': 0}
[7.342220] (hb_description) JobProgress: {'identifier': 'hb_description', 'progress': 'install'}
[7.342765] (hb_description) Command: {'cmd': ['/usr/bin/cmake', '--install', '/home/p1kachu/eYRC_26-27_Hola-The-Explorer/Software/workspace/build/hb_description'], 'cwd': '/home/p1kachu/eYRC_26-27_Hola-The-Explorer/Software/workspace/build/hb_description', 'env': OrderedDict([('LESSOPEN', '| /usr/bin/lesspipe %s'), ('LANGUAGE', 'en_IN:en'), ('USER', 'p1kachu'), ('XDG_SESSION_TYPE', 'x11'), ('SHLVL', '1'), ('LD_LIBRARY_PATH', '/home/p1kachu/eYRC_26-27_Hola-The-Explorer/Software/workspace/install/shape_interface/lib:/opt/ros/humble/opt/rviz_ogre_vendor/lib:/opt/ros/humble/lib/x86_64-linux-gnu:/opt/ros/humble/lib'), ('HOME', '/home/p1kachu'), ('OLDPWD', '/home/p1kachu/eYRC_26-27_Hola-The-Explorer'), ('DESKTOP_SESSION', 'ubuntu'), ('ROS_PYTHON_VERSION', '3'), ('GNOME_SHELL_SESSION_MODE', 'ubuntu'), ('GTK_MODULES', 'gail:atk-bridge'), ('MANAGERPID', '2018'), ('SYSTEMD_EXEC_PID', '2558'), ('DBUS_SESSION_BUS_ADDRESS', 'unix:path=/run/user/1000/bus'), ('COLORTERM', 'truecolor'), ('TERMINATOR_DBUS_NAME', 'net.tenshu.Terminator23558193cd9818af7fe4d2c2f5bd9d00f'), ('GIO_LAUNCHED_DESKTOP_FILE_PID', '10583'), ('IM_CONFIG_PHASE', '1'), ('ROS_DISTRO', 'humble'), ('GTK_IM_MODULE', 'ibus'), ('LOGNAME', 'p1kachu'), ('JOURNAL_STREAM', '8:26786'), ('_', '/usr/bin/colcon'), ('ROS_VERSION', '2'), ('XDG_SESSION_CLASS', 'user'), ('USERNAME', 'p1kachu'), ('TERM', 'xterm-256color'), ('GNOME_DESKTOP_SESSION_ID', 'this-is-deprecated'), ('ROS_LOCALHOST_ONLY', '0'), ('WINDOWPATH', '2'), ('PATH', '/opt/ros/humble/bin:/home/p1kachu/.local/bin:/usr/local/sbin:/usr/local/bin:/usr/sbin:/usr/bin:/sbin:/bin:/usr/games:/usr/local/games:/snap/bin:/snap/bin'), ('SESSION_MANAGER', 'local/virus:@/tmp/.ICE-unix/2345,unix/virus:/tmp/.ICE-unix/2345'), ('INVOCATION_ID', '0568aa4d7ded4c51939fbdc4c2995f42'), ('XDG_MENU_PREFIX', 'gnome-'), ('XDG_RUNTIME_DIR', '/run/user/1000'), ('DISPLAY', ':1'), ('TERMINATOR_DBUS_PATH', '/net/tenshu/Terminator2'), ('LANG', 'en_US.UTF-8'), ('XDG_CURRENT_DESKTOP', 'ubuntu:GNOME'), ('IBUS_DISABLE_SNOOPER', '1'), ('XMODIFIERS', '@im=ibus'), ('XDG_SESSION_DESKTOP', 'ubuntu'), ('XAUTHORITY', '/run/user/1000/gdm/Xauthority'), ('LS_COLORS', 'rs=0:di=01;34:ln=01;36:mh=00:pi=40;33:so=01;35:do=01;35:bd=40;33;01:cd=40;33;01:or=40;31;01:mi=00:su=37;41:sg=30;43:ca=30;41:tw=30;42:ow=34;42:st=37;44:ex=01;32:*.tar=01;31:*.tgz=01;31:*.arc=01;31:*.arj=01;31:*.taz=01;31:*.lha=01;31:*.lz4=01;31:*.lzh=01;31:*.lzma=01;31:*.tlz=01;31:*.txz=01;31:*.tzo=01;31:*.t7z=01;31:*.zip=01;31:*.z=01;31:*.dz=01;31:*.gz=01;31:*.lrz=01;31:*.lz=01;31:*.lzo=01;31:*.xz=01;31:*.zst=01;31:*.tzst=01;31:*.bz2=01;31:*.bz=01;31:*.tbz=01;31:*.tbz2=01;31:*.tz=01;31:*.deb=01;31:*.rpm=01;31:*.jar=01;31:*.war=01;31:*.ear=01;31:*.sar=01;31:*.rar=01;31:*.alz=01;31:*.ace=01;31:*.zoo=01;31:*.cpio=01;31:*.7z=01;31:*.rz=01;31:*.cab=01;31:*.wim=01;31:*.swm=01;31:*.dwm=01;31:*.esd=01;31:*.jpg=01;35:*.jpeg=01;35:*.mjpg=01;35:*.mjpeg=01;35:*.gif=01;35:*.bmp=01;35:*.pbm=01;35:*.pgm=01;35:*.ppm=01;35:*.tga=01;35:*.xbm=01;35:*.xpm=01;35:*.tif=01;35:*.tiff=01;35:*.png=01;35:*.svg=01;35:*.svgz=01;35:*.mng=01;35:*.pcx=01;35:*.mov=01;35:*.mpg=01;35:*.mpeg=01;35:*.m2v=01;35:*.mkv=01;35:*.webm=01;35:*.webp=01;35:*.ogm=01;35:*.mp4=01;35:*.m4v=01;35:*.mp4v=01;35:*.vob=01;35:*.qt=01;35:*.nuv=01;35:*.wmv=01;35:*.asf=01;35:*.rm=01;35:*.rmvb=01;35:*.flc=01;35:*.avi=01;35:*.fli=01;35:*.flv=01;35:*.gl=01;35:*.dl=01;35:*.xcf=01;35:*.xwd=01;35:*.yuv=01;35:*.cgm=01;35:*.emf=01;35:*.ogv=01;35:*.ogx=01;35:*.aac=00;36:*.au=00;36:*.flac=00;36:*.m4a=00;36:*.mid=00;36:*.midi=00;36:*.mka=00;36:*.mp3=00;36:*.mpc=00;36:*.ogg=00;36:*.ra=00;36:*.wav=00;36:*.oga=00;36:*.opus=00;36:*.spx=00;36:*.xspf=00;36:'), ('SSH_AGENT_LAUNCHER', 'gnome-keyring'), ('SSH_AUTH_SOCK', '/run/user/1000/keyring/ssh'), ('AMENT_PREFIX_PATH', '/home/p1kachu/eYRC_26-27_Hola-The-Explorer/Software/workspace/install/task_1a:/home/p1kachu/eYRC_26-27_Hola-The-Explorer/Software/workspace/install/shape_interface:/opt/ros/humble'), ('SHELL', '/bin/bash'), ('TERMINATOR_UUID', 'urn:uuid:87b0609a-2b25-4357-adea-c227373e5774'), ('QT_ACCESSIBILITY', '1'), ('GDMSESSION', 'ubuntu'), ('LESSCLOSE', '/usr/bin/lesspipe %s %s'), ('GPG_AGENT_INFO', '/run/user/1000/gnupg/S.gpg-agent:0:1'), ('QT_IM_MODULE', 'ibus'), ('PWD', '/home/p1kachu/eYRC_26-27_Hola-The-Explorer/Software/workspace/build/hb_description'), ('LC_ALL', 'en_US.UTF-8'), ('XDG_CONFIG_DIRS', '/etc/xdg/xdg-ubuntu:/etc/xdg'), ('XDG_DATA_DIRS', '/usr/share/ubuntu:/usr/share/gnome:/usr/local/share/:/usr/share/:/var/lib/snapd/desktop'), ('PYTHONPATH', '/home/p1kachu/eYRC_26-27_Hola-The-Explorer/Software/workspace/install/task_1a/local/lib/python3.10/dist-packages:/home/p1kachu/eYRC_26-27_Hola-The-Explorer/Software/workspace/install/shape_interface/local/lib/python3.10/dist-packages:/opt/ros/humble/lib/python3.10/site-packages:/opt/ros/humble/local/lib/python3.10/dist-packages'), ('COLCON', '1'), ('VTE_VERSION', '6800'), ('CMAKE_PREFIX_PATH', '/home/p1kachu/eYRC_26-27_Hola-The-Explorer/Software/workspace/install/task_1a:/home/p1kachu/eYRC_26-27_Hola-The-Explorer/Software/workspace/install/shape_interface:/opt/ros/humble')]), 'shell': False}
[7.354543] (hb_description) StdoutLine: {'line': b'-- Install configuration: ""\n'}
[7.354856] (hb_description) StdoutLine: {'line': b'-- Installing: /home/p1kachu/eYRC_26-27_Hola-The-Explorer/Software/workspace/install/hb_description/lib/hb_description/task1a_bridge\n'}
[7.369464] (hb_description) StdoutLine: {'line': b'-- Installing: /home/p1kachu/eYRC_26-27_Hola-The-Explorer/Software/workspace/install/hb_description/lib/hb_description/task1a_camera\n'}
[7.381771] (hb_description) StdoutLine: {'line': b'-- Installing: /home/p1kachu/eYRC_26-27_Hola-The-Explorer/Software/workspace/install/hb_description/lib/hb_description/task1c_bridge\n'}
[7.403080] (hb_description) StdoutLine: {'line': b'-- Installing: /home/p1kachu/eYRC_26-27_Hola-The-Explorer/Software/workspace/install/hb_description/lib/hb_description/task1c_camera\n'}
[7.418143] (-) TimerEvent: {}
[7.423087] (hb_description) StdoutLine: {'line': b'-- Installing: /home/p1kachu/eYRC_26-27_Hola-The-Explorer/Software/workspace/install/hb_description/lib/hb_description/camera_stream\n'}
[7.423442] (hb_description) StdoutLine: {'line': b'-- Up-to-date: /home/p1kachu/eYRC_26-27_Hola-The-Explorer/Software/workspace/install/hb_description/lib\n'}
[7.423915] (hb_description) StdoutLine: {'line': b'-- Installing: /home/p1kachu/eYRC_26-27_Hola-The-Explorer/Software/workspace/install/hb_description/lib/libhb_source__rosidl_typesupport_introspection_cpp.so\n'}
[7.424222] (hb_description) StdoutLine: {'line': b'-- Installing: /home/p1kachu/eYRC_26-27_Hola-The-Explorer/Software/workspace/install/hb_description/lib/libhb_source__rosidl_typesupport_c.so\n'}
[7.424566] (hb_description) StdoutLine: {'line': b'-- Installing: /home/p1kachu/eYRC_26-27_Hola-The-Explorer/Software/workspace/install/hb_description/lib/libhb_source__rosidl_typesupport_fastrtps_c.so\n'}
[7.424646] (hb_description) StdoutLine: {'line': b'-- Installing: /home/p1kachu/eYRC_26-27_Hola-The-Explorer/Software/workspace/install/hb_description/lib/libhb_source__rosidl_typesupport_cpp.so\n'}
[7.424706] (hb_description) StdoutLine: {'line': b'-- Installing: /home/p1kachu/eYRC_26-27_Hola-The-Explorer/Software/workspace/install/hb_description/lib/libhb_source__rosidl_typesupport_introspection_c.so\n'}
[7.424763] (hb_description) StdoutLine: {'line': b'-- Installing: /home/p1kachu/eYRC_26-27_Hola-The-Explorer/Software/workspace/install/hb_description/lib/libhb_source__rosidl_generator_py.so\n'}
[7.424818] (hb_description) StdoutLine: {'line': b'-- Installing: /home/p1kachu/eYRC_26-27_Hola-The-Explorer/Software/workspace/install/hb_description/lib/libhb_source__rosidl_generator_c.so\n'}
[7.424900] (hb_description) StdoutLine: {'line': b'-- Installing: /home/p1kachu/eYRC_26-27_Hola-The-Explorer/Software/workspace/install/hb_description/lib/libmujoco.so\n'}
[7.425012] (hb_description) StdoutLine: {'line': b'-- Installing: /home/p1kachu/eYRC_26-27_Hola-The-Explorer/Software/workspace/install/hb_description/lib/libhb_source__rosidl_typesupport_fastrtps_cpp.so\n'}
[7.425137] (hb_description) StdoutLine: {'line': b'-- Installing: /home/p1kachu/eYRC_26-27_Hola-The-Explorer/Software/workspace/install/hb_description/lib/libmujoco.so.3.4.0\n'}
[7.429264] (hb_description) StdoutLine: {'line': b'-- Installing: /home/p1kachu/eYRC_26-27_Hola-The-Explorer/Software/workspace/install/hb_description/share/hb_description/launch\n'}
[7.429413] (hb_description) StdoutLine: {'line': b'-- Installing: /home/p1kachu/eYRC_26-27_Hola-The-Explorer/Software/workspace/install/hb_description/share/hb_description/launch/task1a.launch.py\n'}
[7.429541] (hb_description) StdoutLine: {'line': b'-- Installing: /home/p1kachu/eYRC_26-27_Hola-The-Explorer/Software/workspace/install/hb_description/share/hb_description/launch/task1c.launch.py\n'}
[7.429626] (hb_description) StdoutLine: {'line': b'-- Installing: /home/p1kachu/eYRC_26-27_Hola-The-Explorer/Software/workspace/install/hb_description/share/hb_description/launch/task1b.launch.py\n'}
[7.429742] (hb_description) StdoutLine: {'line': b'-- Installing: /home/p1kachu/eYRC_26-27_Hola-The-Explorer/Software/workspace/install/hb_description/share/ament_index/resource_index/package_run_dependencies/hb_description\n'}
[7.429822] (hb_description) StdoutLine: {'line': b'-- Installing: /home/p1kachu/eYRC_26-27_Hola-The-Explorer/Software/workspace/install/hb_description/share/ament_index/resource_index/parent_prefix_path/hb_description\n'}
[7.429946] (hb_description) StdoutLine: {'line': b'-- Installing: /home/p1kachu/eYRC_26-27_Hola-The-Explorer/Software/workspace/install/hb_description/share/hb_description/environment/ament_prefix_path.sh\n'}
[7.430072] (hb_description) StdoutLine: {'line': b'-- Installing: /home/p1kachu/eYRC_26-27_Hola-The-Explorer/Software/workspace/install/hb_description/share/hb_description/environment/ament_prefix_path.dsv\n'}
[7.430142] (hb_description) StdoutLine: {'line': b'-- Installing: /home/p1kachu/eYRC_26-27_Hola-The-Explorer/Software/workspace/install/hb_description/share/hb_description/environment/path.sh\n'}
[7.430235] (hb_description) StdoutLine: {'line': b'-- Installing: /home/p1kachu/eYRC_26-27_Hola-The-Explorer/Software/workspace/install/hb_description/share/hb_description/environment/path.dsv\n'}
[7.430331] (hb_description) StdoutLine: {'line': b'-- Installing: /home/p1kachu/eYRC_26-27_Hola-The-Explorer/Software/workspace/install/hb_description/share/hb_description/local_setup.bash\n'}
[7.430440] (hb_description) StdoutLine: {'line': b'-- Installing: /home/p1kachu/eYRC_26-27_Hola-The-Explorer/Software/workspace/install/hb_description/share/hb_description/local_setup.sh\n'}
[7.430502] (hb_description) StdoutLine: {'line': b'-- Installing: /home/p1kachu/eYRC_26-27_Hola-The-Explorer/Software/workspace/install/hb_description/share/hb_description/local_setup.zsh\n'}
[7.430610] (hb_description) StdoutLine: {'line': b'-- Installing: /home/p1kachu/eYRC_26-27_Hola-The-Explorer/Software/workspace/install/hb_description/share/hb_description/local_setup.dsv\n'}
[7.430667] (hb_description) StdoutLine: {'line': b'-- Installing: /home/p1kachu/eYRC_26-27_Hola-The-Explorer/Software/workspace/install/hb_description/share/hb_description/package.dsv\n'}
[7.430762] (hb_description) StdoutLine: {'line': b'-- Installing: /home/p1kachu/eYRC_26-27_Hola-The-Explorer/Software/workspace/install/hb_description/share/ament_index/resource_index/packages/hb_description\n'}
[7.430857] (hb_description) StdoutLine: {'line': b'-- Installing: /home/p1kachu/eYRC_26-27_Hola-The-Explorer/Software/workspace/install/hb_description/share/hb_description/cmake/hb_descriptionConfig.cmake\n'}
[7.430965] (hb_description) StdoutLine: {'line': b'-- Installing: /home/p1kachu/eYRC_26-27_Hola-The-Explorer/Software/workspace/install/hb_description/share/hb_description/cmake/hb_descriptionConfig-version.cmake\n'}
[7.431027] (hb_description) StdoutLine: {'line': b'-- Installing: /home/p1kachu/eYRC_26-27_Hola-The-Explorer/Software/workspace/install/hb_description/share/hb_description/package.xml\n'}
[7.433873] (hb_description) CommandEnded: {'returncode': 0}
[7.454277] (hb_description) JobEnded: {'identifier': 'hb_description', 'rc': 0}
[7.455102] (-) EventReactorShutdown: {}
