[0.000000] (-) TimerEvent: {}
[0.000794] (shape_interface) JobQueued: {'identifier': 'shape_interface', 'dependencies': OrderedDict()}
[0.000849] (task_1b) JobQueued: {'identifier': 'task_1b', 'dependencies': OrderedDict()}
[0.000936] (task_1a) JobQueued: {'identifier': 'task_1a', 'dependencies': OrderedDict([('shape_interface', '/home/aayush/eYRC/Software/workspace/install/shape_interface')])}
[0.000969] (task_1c) JobQueued: {'identifier': 'task_1c', 'dependencies': OrderedDict([('shape_interface', '/home/aayush/eYRC/Software/workspace/install/shape_interface')])}
[0.001002] (hb_description) JobQueued: {'identifier': 'hb_description', 'dependencies': OrderedDict([('shape_interface', '/home/aayush/eYRC/Software/workspace/install/shape_interface'), ('task_1a', '/home/aayush/eYRC/Software/workspace/install/task_1a')])}
[0.001034] (shape_interface) JobStarted: {'identifier': 'shape_interface'}
[0.007570] (task_1b) JobStarted: {'identifier': 'task_1b'}
[0.009998] (shape_interface) JobProgress: {'identifier': 'shape_interface', 'progress': 'cmake'}
[0.010305] (shape_interface) JobProgress: {'identifier': 'shape_interface', 'progress': 'build'}
[0.010775] (shape_interface) Command: {'cmd': ['/usr/bin/cmake', '--build', '/home/aayush/eYRC/Software/workspace/build/shape_interface', '--', '-j6', '-l6'], 'cwd': '/home/aayush/eYRC/Software/workspace/build/shape_interface', 'env': OrderedDict([('LESSOPEN', '| /usr/bin/lesspipe %s'), ('LANGUAGE', 'en_IN:en'), ('USER', 'aayush'), ('XDG_SESSION_TYPE', 'wayland'), ('SHLVL', '1'), ('LD_LIBRARY_PATH', '/home/aayush/eYRC/Software/workspace/install/hb_description/lib:/home/aayush/eYRC/Software/workspace/install/shape_interface/lib:/opt/ros/humble/opt/rviz_ogre_vendor/lib:/opt/ros/humble/lib/x86_64-linux-gnu:/opt/ros/humble/lib:/opt/mujoco/lib'), ('HOME', '/home/aayush'), ('OLDPWD', '/home/aayush/eYRC/Software/workspace/src'), ('DESKTOP_SESSION', 'ubuntu'), ('ROS_PYTHON_VERSION', '3'), ('GNOME_SHELL_SESSION_MODE', 'ubuntu'), ('GTK_MODULES', 'gail:atk-bridge'), ('SYSTEMD_EXEC_PID', '1744'), ('DBUS_SESSION_BUS_ADDRESS', 'unix:path=/run/user/1000/bus'), ('COLORTERM', 'truecolor'), ('IM_CONFIG_PHASE', '1'), ('WAYLAND_DISPLAY', 'wayland-0'), ('COLCON_PREFIX_PATH', '/home/aayush/eYRC/Software/workspace/install'), ('ROS_DISTRO', 'humble'), ('LOGNAME', 'aayush'), ('_', '/usr/bin/colcon'), ('ROS_VERSION', '2'), ('XDG_SESSION_CLASS', 'user'), ('MUJOCO_HOME', '/opt/mujoco'), ('USERNAME', 'aayush'), ('TERM', 'xterm-256color'), ('GNOME_DESKTOP_SESSION_ID', 'this-is-deprecated'), ('ROS_LOCALHOST_ONLY', '0'), ('PATH', '/opt/ros/humble/bin:/usr/local/sbin:/usr/local/bin:/usr/sbin:/usr/bin:/sbin:/bin:/usr/games:/usr/local/games:/snap/bin:/snap/bin:/opt/mujoco/bin'), ('SESSION_MANAGER', 'local/aayush-Inspiron-15-3530:@/tmp/.ICE-unix/1526,unix/aayush-Inspiron-15-3530:/tmp/.ICE-unix/1526'), ('XDG_MENU_PREFIX', 'gnome-'), ('GNOME_TERMINAL_SCREEN', '/org/gnome/Terminal/screen/3aef74fe_2e12_4c3d_a376_35801467e145'), ('GNOME_SETUP_DISPLAY', ':1'), ('XDG_RUNTIME_DIR', '/run/user/1000'), ('DISPLAY', ':0'), ('LANG', 'en_US.UTF-8'), ('XDG_CURRENT_DESKTOP', 'ubuntu:GNOME'), ('XMODIFIERS', '@im=ibus'), ('XDG_SESSION_DESKTOP', 'ubuntu'), ('XAUTHORITY', '/run/user/1000/.mutter-Xwaylandauth.2VPZW3'), ('LS_COLORS', 'rs=0:di=01;34:ln=01;36:mh=00:pi=40;33:so=01;35:do=01;35:bd=40;33;01:cd=40;33;01:or=40;31;01:mi=00:su=37;41:sg=30;43:ca=30;41:tw=30;42:ow=34;42:st=37;44:ex=01;32:*.tar=01;31:*.tgz=01;31:*.arc=01;31:*.arj=01;31:*.taz=01;31:*.lha=01;31:*.lz4=01;31:*.lzh=01;31:*.lzma=01;31:*.tlz=01;31:*.txz=01;31:*.tzo=01;31:*.t7z=01;31:*.zip=01;31:*.z=01;31:*.dz=01;31:*.gz=01;31:*.lrz=01;31:*.lz=01;31:*.lzo=01;31:*.xz=01;31:*.zst=01;31:*.tzst=01;31:*.bz2=01;31:*.bz=01;31:*.tbz=01;31:*.tbz2=01;31:*.tz=01;31:*.deb=01;31:*.rpm=01;31:*.jar=01;31:*.war=01;31:*.ear=01;31:*.sar=01;31:*.rar=01;31:*.alz=01;31:*.ace=01;31:*.zoo=01;31:*.cpio=01;31:*.7z=01;31:*.rz=01;31:*.cab=01;31:*.wim=01;31:*.swm=01;31:*.dwm=01;31:*.esd=01;31:*.jpg=01;35:*.jpeg=01;35:*.mjpg=01;35:*.mjpeg=01;35:*.gif=01;35:*.bmp=01;35:*.pbm=01;35:*.pgm=01;35:*.ppm=01;35:*.tga=01;35:*.xbm=01;35:*.xpm=01;35:*.tif=01;35:*.tiff=01;35:*.png=01;35:*.svg=01;35:*.svgz=01;35:*.mng=01;35:*.pcx=01;35:*.mov=01;35:*.mpg=01;35:*.mpeg=01;35:*.m2v=01;35:*.mkv=01;35:*.webm=01;35:*.webp=01;35:*.ogm=01;35:*.mp4=01;35:*.m4v=01;35:*.mp4v=01;35:*.vob=01;35:*.qt=01;35:*.nuv=01;35:*.wmv=01;35:*.asf=01;35:*.rm=01;35:*.rmvb=01;35:*.flc=01;35:*.avi=01;35:*.fli=01;35:*.flv=01;35:*.gl=01;35:*.dl=01;35:*.xcf=01;35:*.xwd=01;35:*.yuv=01;35:*.cgm=01;35:*.emf=01;35:*.ogv=01;35:*.ogx=01;35:*.aac=00;36:*.au=00;36:*.flac=00;36:*.m4a=00;36:*.mid=00;36:*.midi=00;36:*.mka=00;36:*.mp3=00;36:*.mpc=00;36:*.ogg=00;36:*.ra=00;36:*.wav=00;36:*.oga=00;36:*.opus=00;36:*.spx=00;36:*.xspf=00;36:'), ('GNOME_TERMINAL_SERVICE', ':1.102'), ('SSH_AGENT_LAUNCHER', 'gnome-keyring'), ('SSH_AUTH_SOCK', '/run/user/1000/keyring/ssh'), ('AMENT_PREFIX_PATH', '/home/aayush/eYRC/Software/workspace/install/task_1c:/home/aayush/eYRC/Software/workspace/install/task_1b:/home/aayush/eYRC/Software/workspace/install/hb_description:/home/aayush/eYRC/Software/workspace/install/task_1a:/home/aayush/eYRC/Software/workspace/install/shape_interface:/opt/ros/humble'), ('SHELL', '/bin/bash'), ('QT_ACCESSIBILITY', '1'), ('GDMSESSION', 'ubuntu'), ('LESSCLOSE', '/usr/bin/lesspipe %s %s'), ('QT_IM_MODULE', 'ibus'), ('PWD', '/home/aayush/eYRC/Software/workspace/build/shape_interface'), ('LC_ALL', 'en_US.UTF-8'), ('XDG_CONFIG_DIRS', '/etc/xdg/xdg-ubuntu:/etc/xdg'), ('XDG_DATA_DIRS', '/usr/share/ubuntu:/usr/local/share/:/usr/share/:/var/lib/snapd/desktop'), ('PYTHONPATH', '/home/aayush/eYRC/Software/workspace/install/task_1b/local/lib/python3.10/dist-packages:/home/aayush/eYRC/Software/workspace/install/task_1a/local/lib/python3.10/dist-packages:/home/aayush/eYRC/Software/workspace/install/shape_interface/local/lib/python3.10/dist-packages:/opt/ros/humble/lib/python3.10/site-packages:/opt/ros/humble/local/lib/python3.10/dist-packages'), ('COLCON', '1'), ('VTE_VERSION', '6800'), ('CMAKE_PREFIX_PATH', '/home/aayush/eYRC/Software/workspace/install/task_1c:/home/aayush/eYRC/Software/workspace/install/task_1b:/home/aayush/eYRC/Software/workspace/install/hb_description:/home/aayush/eYRC/Software/workspace/install/task_1a:/home/aayush/eYRC/Software/workspace/install/shape_interface:/opt/ros/humble')]), 'shell': False}
[0.013619] (task_1b) JobProgress: {'identifier': 'task_1b', 'progress': 'cmake'}
[0.013901] (task_1b) JobProgress: {'identifier': 'task_1b', 'progress': 'build'}
[0.014096] (task_1b) Command: {'cmd': ['/usr/bin/cmake', '--build', '/home/aayush/eYRC/Software/workspace/build/task_1b', '--', '-j6', '-l6'], 'cwd': '/home/aayush/eYRC/Software/workspace/build/task_1b', 'env': OrderedDict([('LESSOPEN', '| /usr/bin/lesspipe %s'), ('LANGUAGE', 'en_IN:en'), ('USER', 'aayush'), ('XDG_SESSION_TYPE', 'wayland'), ('SHLVL', '1'), ('LD_LIBRARY_PATH', '/home/aayush/eYRC/Software/workspace/install/hb_description/lib:/home/aayush/eYRC/Software/workspace/install/shape_interface/lib:/opt/ros/humble/opt/rviz_ogre_vendor/lib:/opt/ros/humble/lib/x86_64-linux-gnu:/opt/ros/humble/lib:/opt/mujoco/lib'), ('HOME', '/home/aayush'), ('OLDPWD', '/home/aayush/eYRC/Software/workspace/src'), ('DESKTOP_SESSION', 'ubuntu'), ('ROS_PYTHON_VERSION', '3'), ('GNOME_SHELL_SESSION_MODE', 'ubuntu'), ('GTK_MODULES', 'gail:atk-bridge'), ('SYSTEMD_EXEC_PID', '1744'), ('DBUS_SESSION_BUS_ADDRESS', 'unix:path=/run/user/1000/bus'), ('COLORTERM', 'truecolor'), ('IM_CONFIG_PHASE', '1'), ('WAYLAND_DISPLAY', 'wayland-0'), ('COLCON_PREFIX_PATH', '/home/aayush/eYRC/Software/workspace/install'), ('ROS_DISTRO', 'humble'), ('LOGNAME', 'aayush'), ('_', '/usr/bin/colcon'), ('ROS_VERSION', '2'), ('XDG_SESSION_CLASS', 'user'), ('MUJOCO_HOME', '/opt/mujoco'), ('USERNAME', 'aayush'), ('TERM', 'xterm-256color'), ('GNOME_DESKTOP_SESSION_ID', 'this-is-deprecated'), ('ROS_LOCALHOST_ONLY', '0'), ('PATH', '/opt/ros/humble/bin:/usr/local/sbin:/usr/local/bin:/usr/sbin:/usr/bin:/sbin:/bin:/usr/games:/usr/local/games:/snap/bin:/snap/bin:/opt/mujoco/bin'), ('SESSION_MANAGER', 'local/aayush-Inspiron-15-3530:@/tmp/.ICE-unix/1526,unix/aayush-Inspiron-15-3530:/tmp/.ICE-unix/1526'), ('XDG_MENU_PREFIX', 'gnome-'), ('GNOME_TERMINAL_SCREEN', '/org/gnome/Terminal/screen/3aef74fe_2e12_4c3d_a376_35801467e145'), ('GNOME_SETUP_DISPLAY', ':1'), ('XDG_RUNTIME_DIR', '/run/user/1000'), ('DISPLAY', ':0'), ('LANG', 'en_US.UTF-8'), ('XDG_CURRENT_DESKTOP', 'ubuntu:GNOME'), ('XMODIFIERS', '@im=ibus'), ('XDG_SESSION_DESKTOP', 'ubuntu'), ('XAUTHORITY', '/run/user/1000/.mutter-Xwaylandauth.2VPZW3'), ('LS_COLORS', 'rs=0:di=01;34:ln=01;36:mh=00:pi=40;33:so=01;35:do=01;35:bd=40;33;01:cd=40;33;01:or=40;31;01:mi=00:su=37;41:sg=30;43:ca=30;41:tw=30;42:ow=34;42:st=37;44:ex=01;32:*.tar=01;31:*.tgz=01;31:*.arc=01;31:*.arj=01;31:*.taz=01;31:*.lha=01;31:*.lz4=01;31:*.lzh=01;31:*.lzma=01;31:*.tlz=01;31:*.txz=01;31:*.tzo=01;31:*.t7z=01;31:*.zip=01;31:*.z=01;31:*.dz=01;31:*.gz=01;31:*.lrz=01;31:*.lz=01;31:*.lzo=01;31:*.xz=01;31:*.zst=01;31:*.tzst=01;31:*.bz2=01;31:*.bz=01;31:*.tbz=01;31:*.tbz2=01;31:*.tz=01;31:*.deb=01;31:*.rpm=01;31:*.jar=01;31:*.war=01;31:*.ear=01;31:*.sar=01;31:*.rar=01;31:*.alz=01;31:*.ace=01;31:*.zoo=01;31:*.cpio=01;31:*.7z=01;31:*.rz=01;31:*.cab=01;31:*.wim=01;31:*.swm=01;31:*.dwm=01;31:*.esd=01;31:*.jpg=01;35:*.jpeg=01;35:*.mjpg=01;35:*.mjpeg=01;35:*.gif=01;35:*.bmp=01;35:*.pbm=01;35:*.pgm=01;35:*.ppm=01;35:*.tga=01;35:*.xbm=01;35:*.xpm=01;35:*.tif=01;35:*.tiff=01;35:*.png=01;35:*.svg=01;35:*.svgz=01;35:*.mng=01;35:*.pcx=01;35:*.mov=01;35:*.mpg=01;35:*.mpeg=01;35:*.m2v=01;35:*.mkv=01;35:*.webm=01;35:*.webp=01;35:*.ogm=01;35:*.mp4=01;35:*.m4v=01;35:*.mp4v=01;35:*.vob=01;35:*.qt=01;35:*.nuv=01;35:*.wmv=01;35:*.asf=01;35:*.rm=01;35:*.rmvb=01;35:*.flc=01;35:*.avi=01;35:*.fli=01;35:*.flv=01;35:*.gl=01;35:*.dl=01;35:*.xcf=01;35:*.xwd=01;35:*.yuv=01;35:*.cgm=01;35:*.emf=01;35:*.ogv=01;35:*.ogx=01;35:*.aac=00;36:*.au=00;36:*.flac=00;36:*.m4a=00;36:*.mid=00;36:*.midi=00;36:*.mka=00;36:*.mp3=00;36:*.mpc=00;36:*.ogg=00;36:*.ra=00;36:*.wav=00;36:*.oga=00;36:*.opus=00;36:*.spx=00;36:*.xspf=00;36:'), ('GNOME_TERMINAL_SERVICE', ':1.102'), ('SSH_AGENT_LAUNCHER', 'gnome-keyring'), ('SSH_AUTH_SOCK', '/run/user/1000/keyring/ssh'), ('AMENT_PREFIX_PATH', '/home/aayush/eYRC/Software/workspace/install/task_1c:/home/aayush/eYRC/Software/workspace/install/task_1b:/home/aayush/eYRC/Software/workspace/install/hb_description:/home/aayush/eYRC/Software/workspace/install/task_1a:/home/aayush/eYRC/Software/workspace/install/shape_interface:/opt/ros/humble'), ('SHELL', '/bin/bash'), ('QT_ACCESSIBILITY', '1'), ('GDMSESSION', 'ubuntu'), ('LESSCLOSE', '/usr/bin/lesspipe %s %s'), ('QT_IM_MODULE', 'ibus'), ('PWD', '/home/aayush/eYRC/Software/workspace/build/task_1b'), ('LC_ALL', 'en_US.UTF-8'), ('XDG_CONFIG_DIRS', '/etc/xdg/xdg-ubuntu:/etc/xdg'), ('XDG_DATA_DIRS', '/usr/share/ubuntu:/usr/local/share/:/usr/share/:/var/lib/snapd/desktop'), ('PYTHONPATH', '/home/aayush/eYRC/Software/workspace/install/task_1b/local/lib/python3.10/dist-packages:/home/aayush/eYRC/Software/workspace/install/task_1a/local/lib/python3.10/dist-packages:/home/aayush/eYRC/Software/workspace/install/shape_interface/local/lib/python3.10/dist-packages:/opt/ros/humble/lib/python3.10/site-packages:/opt/ros/humble/local/lib/python3.10/dist-packages'), ('COLCON', '1'), ('VTE_VERSION', '6800'), ('CMAKE_PREFIX_PATH', '/home/aayush/eYRC/Software/workspace/install/task_1c:/home/aayush/eYRC/Software/workspace/install/task_1b:/home/aayush/eYRC/Software/workspace/install/hb_description:/home/aayush/eYRC/Software/workspace/install/task_1a:/home/aayush/eYRC/Software/workspace/install/shape_interface:/opt/ros/humble')]), 'shell': False}
[0.099851] (-) TimerEvent: {}
[0.156134] (shape_interface) StdoutLine: {'line': b'[  2%] Built target shape_interface__rs\n'}
[0.157336] (task_1b) StdoutLine: {'line': b'Built target ament_cmake_python_copy_task_1b\n'}
[0.159181] (shape_interface) StdoutLine: {'line': b'[  4%] Built target shape_interface__cpp\n'}
[0.161419] (shape_interface) StdoutLine: {'line': b'[  4%] Built target ament_cmake_python_copy_shape_interface\n'}
[0.199963] (-) TimerEvent: {}
[0.250003] (shape_interface) StdoutLine: {'line': b'[ 14%] Built target shape_interface__rosidl_generator_c\n'}
[0.251568] (shape_interface) StdoutLine: {'line': b'[ 25%] Built target shape_interface__rosidl_typesupport_cpp\n'}
[0.257028] (shape_interface) StdoutLine: {'line': b'[ 35%] Built target shape_interface__rosidl_typesupport_fastrtps_cpp\n'}
[0.260879] (shape_interface) StdoutLine: {'line': b'[ 45%] Built target shape_interface__rosidl_typesupport_introspection_cpp\n'}
[0.277408] (shape_interface) StdoutLine: {'line': b'[ 56%] Built target shape_interface__rosidl_typesupport_c\n'}
[0.278227] (shape_interface) StdoutLine: {'line': b'[ 66%] Built target shape_interface__rosidl_typesupport_introspection_c\n'}
[0.283388] (shape_interface) StdoutLine: {'line': b'[ 77%] Built target shape_interface__rosidl_typesupport_fastrtps_c\n'}
[0.298907] (shape_interface) StdoutLine: {'line': b'[ 77%] Built target shape_interface\n'}
[0.300028] (-) TimerEvent: {}
[0.315137] (shape_interface) StdoutLine: {'line': b'[ 79%] Built target shape_interface__py\n'}
[0.344369] (shape_interface) StdoutLine: {'line': b'[ 87%] Built target shape_interface__rosidl_generator_py\n'}
[0.368091] (shape_interface) StdoutLine: {'line': b'[ 91%] Built target shape_interface__rosidl_typesupport_introspection_c__pyext\n'}
[0.368313] (shape_interface) StdoutLine: {'line': b'[100%] Built target shape_interface__rosidl_typesupport_fastrtps_c__pyext\n'}
[0.368391] (shape_interface) StdoutLine: {'line': b'[100%] Built target shape_interface__rosidl_typesupport_c__pyext\n'}
[0.372739] (task_1b) StdoutLine: {'line': b'running egg_info\n'}
[0.373489] (task_1b) StdoutLine: {'line': b'writing task_1b.egg-info/PKG-INFO\n'}
[0.373690] (task_1b) StdoutLine: {'line': b'writing dependency_links to task_1b.egg-info/dependency_links.txt\n'}
[0.373855] (task_1b) StdoutLine: {'line': b'writing top-level names to task_1b.egg-info/top_level.txt\n'}
[0.376782] (task_1b) StdoutLine: {'line': b"reading manifest file 'task_1b.egg-info/SOURCES.txt'\n"}
[0.377174] (task_1b) StdoutLine: {'line': b"writing manifest file 'task_1b.egg-info/SOURCES.txt'\n"}
[0.401002] (-) TimerEvent: {}
[0.442655] (task_1b) StdoutLine: {'line': b'Built target ament_cmake_python_build_task_1b_egg\n'}
[0.452997] (shape_interface) StdoutLine: {'line': b'running egg_info\n'}
[0.455782] (shape_interface) StdoutLine: {'line': b'writing shape_interface.egg-info/PKG-INFO\n'}
[0.456212] (shape_interface) StdoutLine: {'line': b'writing dependency_links to shape_interface.egg-info/dependency_links.txt\n'}
[0.456313] (shape_interface) StdoutLine: {'line': b'writing top-level names to shape_interface.egg-info/top_level.txt\n'}
[0.461647] (shape_interface) StdoutLine: {'line': b"reading manifest file 'shape_interface.egg-info/SOURCES.txt'\n"}
[0.462863] (shape_interface) StdoutLine: {'line': b"writing manifest file 'shape_interface.egg-info/SOURCES.txt'\n"}
[0.477009] (task_1b) CommandEnded: {'returncode': 0}
[0.477666] (task_1b) JobProgress: {'identifier': 'task_1b', 'progress': 'install'}
[0.496443] (task_1b) Command: {'cmd': ['/usr/bin/cmake', '--install', '/home/aayush/eYRC/Software/workspace/build/task_1b'], 'cwd': '/home/aayush/eYRC/Software/workspace/build/task_1b', 'env': OrderedDict([('LESSOPEN', '| /usr/bin/lesspipe %s'), ('LANGUAGE', 'en_IN:en'), ('USER', 'aayush'), ('XDG_SESSION_TYPE', 'wayland'), ('SHLVL', '1'), ('LD_LIBRARY_PATH', '/home/aayush/eYRC/Software/workspace/install/hb_description/lib:/home/aayush/eYRC/Software/workspace/install/shape_interface/lib:/opt/ros/humble/opt/rviz_ogre_vendor/lib:/opt/ros/humble/lib/x86_64-linux-gnu:/opt/ros/humble/lib:/opt/mujoco/lib'), ('HOME', '/home/aayush'), ('OLDPWD', '/home/aayush/eYRC/Software/workspace/src'), ('DESKTOP_SESSION', 'ubuntu'), ('ROS_PYTHON_VERSION', '3'), ('GNOME_SHELL_SESSION_MODE', 'ubuntu'), ('GTK_MODULES', 'gail:atk-bridge'), ('SYSTEMD_EXEC_PID', '1744'), ('DBUS_SESSION_BUS_ADDRESS', 'unix:path=/run/user/1000/bus'), ('COLORTERM', 'truecolor'), ('IM_CONFIG_PHASE', '1'), ('WAYLAND_DISPLAY', 'wayland-0'), ('COLCON_PREFIX_PATH', '/home/aayush/eYRC/Software/workspace/install'), ('ROS_DISTRO', 'humble'), ('LOGNAME', 'aayush'), ('_', '/usr/bin/colcon'), ('ROS_VERSION', '2'), ('XDG_SESSION_CLASS', 'user'), ('MUJOCO_HOME', '/opt/mujoco'), ('USERNAME', 'aayush'), ('TERM', 'xterm-256color'), ('GNOME_DESKTOP_SESSION_ID', 'this-is-deprecated'), ('ROS_LOCALHOST_ONLY', '0'), ('PATH', '/opt/ros/humble/bin:/usr/local/sbin:/usr/local/bin:/usr/sbin:/usr/bin:/sbin:/bin:/usr/games:/usr/local/games:/snap/bin:/snap/bin:/opt/mujoco/bin'), ('SESSION_MANAGER', 'local/aayush-Inspiron-15-3530:@/tmp/.ICE-unix/1526,unix/aayush-Inspiron-15-3530:/tmp/.ICE-unix/1526'), ('XDG_MENU_PREFIX', 'gnome-'), ('GNOME_TERMINAL_SCREEN', '/org/gnome/Terminal/screen/3aef74fe_2e12_4c3d_a376_35801467e145'), ('GNOME_SETUP_DISPLAY', ':1'), ('XDG_RUNTIME_DIR', '/run/user/1000'), ('DISPLAY', ':0'), ('LANG', 'en_US.UTF-8'), ('XDG_CURRENT_DESKTOP', 'ubuntu:GNOME'), ('XMODIFIERS', '@im=ibus'), ('XDG_SESSION_DESKTOP', 'ubuntu'), ('XAUTHORITY', '/run/user/1000/.mutter-Xwaylandauth.2VPZW3'), ('LS_COLORS', 'rs=0:di=01;34:ln=01;36:mh=00:pi=40;33:so=01;35:do=01;35:bd=40;33;01:cd=40;33;01:or=40;31;01:mi=00:su=37;41:sg=30;43:ca=30;41:tw=30;42:ow=34;42:st=37;44:ex=01;32:*.tar=01;31:*.tgz=01;31:*.arc=01;31:*.arj=01;31:*.taz=01;31:*.lha=01;31:*.lz4=01;31:*.lzh=01;31:*.lzma=01;31:*.tlz=01;31:*.txz=01;31:*.tzo=01;31:*.t7z=01;31:*.zip=01;31:*.z=01;31:*.dz=01;31:*.gz=01;31:*.lrz=01;31:*.lz=01;31:*.lzo=01;31:*.xz=01;31:*.zst=01;31:*.tzst=01;31:*.bz2=01;31:*.bz=01;31:*.tbz=01;31:*.tbz2=01;31:*.tz=01;31:*.deb=01;31:*.rpm=01;31:*.jar=01;31:*.war=01;31:*.ear=01;31:*.sar=01;31:*.rar=01;31:*.alz=01;31:*.ace=01;31:*.zoo=01;31:*.cpio=01;31:*.7z=01;31:*.rz=01;31:*.cab=01;31:*.wim=01;31:*.swm=01;31:*.dwm=01;31:*.esd=01;31:*.jpg=01;35:*.jpeg=01;35:*.mjpg=01;35:*.mjpeg=01;35:*.gif=01;35:*.bmp=01;35:*.pbm=01;35:*.pgm=01;35:*.ppm=01;35:*.tga=01;35:*.xbm=01;35:*.xpm=01;35:*.tif=01;35:*.tiff=01;35:*.png=01;35:*.svg=01;35:*.svgz=01;35:*.mng=01;35:*.pcx=01;35:*.mov=01;35:*.mpg=01;35:*.mpeg=01;35:*.m2v=01;35:*.mkv=01;35:*.webm=01;35:*.webp=01;35:*.ogm=01;35:*.mp4=01;35:*.m4v=01;35:*.mp4v=01;35:*.vob=01;35:*.qt=01;35:*.nuv=01;35:*.wmv=01;35:*.asf=01;35:*.rm=01;35:*.rmvb=01;35:*.flc=01;35:*.avi=01;35:*.fli=01;35:*.flv=01;35:*.gl=01;35:*.dl=01;35:*.xcf=01;35:*.xwd=01;35:*.yuv=01;35:*.cgm=01;35:*.emf=01;35:*.ogv=01;35:*.ogx=01;35:*.aac=00;36:*.au=00;36:*.flac=00;36:*.m4a=00;36:*.mid=00;36:*.midi=00;36:*.mka=00;36:*.mp3=00;36:*.mpc=00;36:*.ogg=00;36:*.ra=00;36:*.wav=00;36:*.oga=00;36:*.opus=00;36:*.spx=00;36:*.xspf=00;36:'), ('GNOME_TERMINAL_SERVICE', ':1.102'), ('SSH_AGENT_LAUNCHER', 'gnome-keyring'), ('SSH_AUTH_SOCK', '/run/user/1000/keyring/ssh'), ('AMENT_PREFIX_PATH', '/home/aayush/eYRC/Software/workspace/install/task_1c:/home/aayush/eYRC/Software/workspace/install/task_1b:/home/aayush/eYRC/Software/workspace/install/hb_description:/home/aayush/eYRC/Software/workspace/install/task_1a:/home/aayush/eYRC/Software/workspace/install/shape_interface:/opt/ros/humble'), ('SHELL', '/bin/bash'), ('QT_ACCESSIBILITY', '1'), ('GDMSESSION', 'ubuntu'), ('LESSCLOSE', '/usr/bin/lesspipe %s %s'), ('QT_IM_MODULE', 'ibus'), ('PWD', '/home/aayush/eYRC/Software/workspace/build/task_1b'), ('LC_ALL', 'en_US.UTF-8'), ('XDG_CONFIG_DIRS', '/etc/xdg/xdg-ubuntu:/etc/xdg'), ('XDG_DATA_DIRS', '/usr/share/ubuntu:/usr/local/share/:/usr/share/:/var/lib/snapd/desktop'), ('PYTHONPATH', '/home/aayush/eYRC/Software/workspace/install/task_1b/local/lib/python3.10/dist-packages:/home/aayush/eYRC/Software/workspace/install/task_1a/local/lib/python3.10/dist-packages:/home/aayush/eYRC/Software/workspace/install/shape_interface/local/lib/python3.10/dist-packages:/opt/ros/humble/lib/python3.10/site-packages:/opt/ros/humble/local/lib/python3.10/dist-packages'), ('COLCON', '1'), ('VTE_VERSION', '6800'), ('CMAKE_PREFIX_PATH', '/home/aayush/eYRC/Software/workspace/install/task_1c:/home/aayush/eYRC/Software/workspace/install/task_1b:/home/aayush/eYRC/Software/workspace/install/hb_description:/home/aayush/eYRC/Software/workspace/install/task_1a:/home/aayush/eYRC/Software/workspace/install/shape_interface:/opt/ros/humble')]), 'shell': False}
[0.501139] (-) TimerEvent: {}
[0.509678] (task_1b) StdoutLine: {'line': b'-- Install configuration: ""\n'}
[0.510017] (task_1b) StdoutLine: {'line': b'-- Up-to-date: /home/aayush/eYRC/Software/workspace/install/task_1b/share/task_1b/environment/pythonpath.sh\n'}
[0.514157] (task_1b) StdoutLine: {'line': b'-- Up-to-date: /home/aayush/eYRC/Software/workspace/install/task_1b/share/task_1b/environment/pythonpath.dsv\n'}
[0.514420] (task_1b) StdoutLine: {'line': b'-- Up-to-date: /home/aayush/eYRC/Software/workspace/install/task_1b/local/lib/python3.10/dist-packages/task_1b-0.0.1-py3.10.egg-info\n'}
[0.514502] (task_1b) StdoutLine: {'line': b'-- Installing: /home/aayush/eYRC/Software/workspace/install/task_1b/local/lib/python3.10/dist-packages/task_1b-0.0.1-py3.10.egg-info/SOURCES.txt\n'}
[0.514569] (task_1b) StdoutLine: {'line': b'-- Installing: /home/aayush/eYRC/Software/workspace/install/task_1b/local/lib/python3.10/dist-packages/task_1b-0.0.1-py3.10.egg-info/top_level.txt\n'}
[0.514632] (task_1b) StdoutLine: {'line': b'-- Installing: /home/aayush/eYRC/Software/workspace/install/task_1b/local/lib/python3.10/dist-packages/task_1b-0.0.1-py3.10.egg-info/PKG-INFO\n'}
[0.514694] (task_1b) StdoutLine: {'line': b'-- Installing: /home/aayush/eYRC/Software/workspace/install/task_1b/local/lib/python3.10/dist-packages/task_1b-0.0.1-py3.10.egg-info/dependency_links.txt\n'}
[0.514755] (task_1b) StdoutLine: {'line': b'-- Up-to-date: /home/aayush/eYRC/Software/workspace/install/task_1b/local/lib/python3.10/dist-packages/task_1b\n'}
[0.514815] (task_1b) StdoutLine: {'line': b'-- Up-to-date: /home/aayush/eYRC/Software/workspace/install/task_1b/local/lib/python3.10/dist-packages/task_1b/__init__.py\n'}
[0.514875] (task_1b) StdoutLine: {'line': b'-- Up-to-date: /home/aayush/eYRC/Software/workspace/install/task_1b/local/lib/python3.10/dist-packages/task_1b/inverse_kinematics.py\n'}
[0.527281] (shape_interface) StdoutLine: {'line': b'[100%] Built target ament_cmake_python_build_shape_interface_egg\n'}
[0.546279] (shape_interface) CommandEnded: {'returncode': 0}
[0.547066] (shape_interface) JobProgress: {'identifier': 'shape_interface', 'progress': 'install'}
[0.547378] (shape_interface) Command: {'cmd': ['/usr/bin/cmake', '--install', '/home/aayush/eYRC/Software/workspace/build/shape_interface'], 'cwd': '/home/aayush/eYRC/Software/workspace/build/shape_interface', 'env': OrderedDict([('LESSOPEN', '| /usr/bin/lesspipe %s'), ('LANGUAGE', 'en_IN:en'), ('USER', 'aayush'), ('XDG_SESSION_TYPE', 'wayland'), ('SHLVL', '1'), ('LD_LIBRARY_PATH', '/home/aayush/eYRC/Software/workspace/install/hb_description/lib:/home/aayush/eYRC/Software/workspace/install/shape_interface/lib:/opt/ros/humble/opt/rviz_ogre_vendor/lib:/opt/ros/humble/lib/x86_64-linux-gnu:/opt/ros/humble/lib:/opt/mujoco/lib'), ('HOME', '/home/aayush'), ('OLDPWD', '/home/aayush/eYRC/Software/workspace/src'), ('DESKTOP_SESSION', 'ubuntu'), ('ROS_PYTHON_VERSION', '3'), ('GNOME_SHELL_SESSION_MODE', 'ubuntu'), ('GTK_MODULES', 'gail:atk-bridge'), ('SYSTEMD_EXEC_PID', '1744'), ('DBUS_SESSION_BUS_ADDRESS', 'unix:path=/run/user/1000/bus'), ('COLORTERM', 'truecolor'), ('IM_CONFIG_PHASE', '1'), ('WAYLAND_DISPLAY', 'wayland-0'), ('COLCON_PREFIX_PATH', '/home/aayush/eYRC/Software/workspace/install'), ('ROS_DISTRO', 'humble'), ('LOGNAME', 'aayush'), ('_', '/usr/bin/colcon'), ('ROS_VERSION', '2'), ('XDG_SESSION_CLASS', 'user'), ('MUJOCO_HOME', '/opt/mujoco'), ('USERNAME', 'aayush'), ('TERM', 'xterm-256color'), ('GNOME_DESKTOP_SESSION_ID', 'this-is-deprecated'), ('ROS_LOCALHOST_ONLY', '0'), ('PATH', '/opt/ros/humble/bin:/usr/local/sbin:/usr/local/bin:/usr/sbin:/usr/bin:/sbin:/bin:/usr/games:/usr/local/games:/snap/bin:/snap/bin:/opt/mujoco/bin'), ('SESSION_MANAGER', 'local/aayush-Inspiron-15-3530:@/tmp/.ICE-unix/1526,unix/aayush-Inspiron-15-3530:/tmp/.ICE-unix/1526'), ('XDG_MENU_PREFIX', 'gnome-'), ('GNOME_TERMINAL_SCREEN', '/org/gnome/Terminal/screen/3aef74fe_2e12_4c3d_a376_35801467e145'), ('GNOME_SETUP_DISPLAY', ':1'), ('XDG_RUNTIME_DIR', '/run/user/1000'), ('DISPLAY', ':0'), ('LANG', 'en_US.UTF-8'), ('XDG_CURRENT_DESKTOP', 'ubuntu:GNOME'), ('XMODIFIERS', '@im=ibus'), ('XDG_SESSION_DESKTOP', 'ubuntu'), ('XAUTHORITY', '/run/user/1000/.mutter-Xwaylandauth.2VPZW3'), ('LS_COLORS', 'rs=0:di=01;34:ln=01;36:mh=00:pi=40;33:so=01;35:do=01;35:bd=40;33;01:cd=40;33;01:or=40;31;01:mi=00:su=37;41:sg=30;43:ca=30;41:tw=30;42:ow=34;42:st=37;44:ex=01;32:*.tar=01;31:*.tgz=01;31:*.arc=01;31:*.arj=01;31:*.taz=01;31:*.lha=01;31:*.lz4=01;31:*.lzh=01;31:*.lzma=01;31:*.tlz=01;31:*.txz=01;31:*.tzo=01;31:*.t7z=01;31:*.zip=01;31:*.z=01;31:*.dz=01;31:*.gz=01;31:*.lrz=01;31:*.lz=01;31:*.lzo=01;31:*.xz=01;31:*.zst=01;31:*.tzst=01;31:*.bz2=01;31:*.bz=01;31:*.tbz=01;31:*.tbz2=01;31:*.tz=01;31:*.deb=01;31:*.rpm=01;31:*.jar=01;31:*.war=01;31:*.ear=01;31:*.sar=01;31:*.rar=01;31:*.alz=01;31:*.ace=01;31:*.zoo=01;31:*.cpio=01;31:*.7z=01;31:*.rz=01;31:*.cab=01;31:*.wim=01;31:*.swm=01;31:*.dwm=01;31:*.esd=01;31:*.jpg=01;35:*.jpeg=01;35:*.mjpg=01;35:*.mjpeg=01;35:*.gif=01;35:*.bmp=01;35:*.pbm=01;35:*.pgm=01;35:*.ppm=01;35:*.tga=01;35:*.xbm=01;35:*.xpm=01;35:*.tif=01;35:*.tiff=01;35:*.png=01;35:*.svg=01;35:*.svgz=01;35:*.mng=01;35:*.pcx=01;35:*.mov=01;35:*.mpg=01;35:*.mpeg=01;35:*.m2v=01;35:*.mkv=01;35:*.webm=01;35:*.webp=01;35:*.ogm=01;35:*.mp4=01;35:*.m4v=01;35:*.mp4v=01;35:*.vob=01;35:*.qt=01;35:*.nuv=01;35:*.wmv=01;35:*.asf=01;35:*.rm=01;35:*.rmvb=01;35:*.flc=01;35:*.avi=01;35:*.fli=01;35:*.flv=01;35:*.gl=01;35:*.dl=01;35:*.xcf=01;35:*.xwd=01;35:*.yuv=01;35:*.cgm=01;35:*.emf=01;35:*.ogv=01;35:*.ogx=01;35:*.aac=00;36:*.au=00;36:*.flac=00;36:*.m4a=00;36:*.mid=00;36:*.midi=00;36:*.mka=00;36:*.mp3=00;36:*.mpc=00;36:*.ogg=00;36:*.ra=00;36:*.wav=00;36:*.oga=00;36:*.opus=00;36:*.spx=00;36:*.xspf=00;36:'), ('GNOME_TERMINAL_SERVICE', ':1.102'), ('SSH_AGENT_LAUNCHER', 'gnome-keyring'), ('SSH_AUTH_SOCK', '/run/user/1000/keyring/ssh'), ('AMENT_PREFIX_PATH', '/home/aayush/eYRC/Software/workspace/install/task_1c:/home/aayush/eYRC/Software/workspace/install/task_1b:/home/aayush/eYRC/Software/workspace/install/hb_description:/home/aayush/eYRC/Software/workspace/install/task_1a:/home/aayush/eYRC/Software/workspace/install/shape_interface:/opt/ros/humble'), ('SHELL', '/bin/bash'), ('QT_ACCESSIBILITY', '1'), ('GDMSESSION', 'ubuntu'), ('LESSCLOSE', '/usr/bin/lesspipe %s %s'), ('QT_IM_MODULE', 'ibus'), ('PWD', '/home/aayush/eYRC/Software/workspace/build/shape_interface'), ('LC_ALL', 'en_US.UTF-8'), ('XDG_CONFIG_DIRS', '/etc/xdg/xdg-ubuntu:/etc/xdg'), ('XDG_DATA_DIRS', '/usr/share/ubuntu:/usr/local/share/:/usr/share/:/var/lib/snapd/desktop'), ('PYTHONPATH', '/home/aayush/eYRC/Software/workspace/install/task_1b/local/lib/python3.10/dist-packages:/home/aayush/eYRC/Software/workspace/install/task_1a/local/lib/python3.10/dist-packages:/home/aayush/eYRC/Software/workspace/install/shape_interface/local/lib/python3.10/dist-packages:/opt/ros/humble/lib/python3.10/site-packages:/opt/ros/humble/local/lib/python3.10/dist-packages'), ('COLCON', '1'), ('VTE_VERSION', '6800'), ('CMAKE_PREFIX_PATH', '/home/aayush/eYRC/Software/workspace/install/task_1c:/home/aayush/eYRC/Software/workspace/install/task_1b:/home/aayush/eYRC/Software/workspace/install/hb_description:/home/aayush/eYRC/Software/workspace/install/task_1a:/home/aayush/eYRC/Software/workspace/install/shape_interface:/opt/ros/humble')]), 'shell': False}
[0.560941] (shape_interface) StdoutLine: {'line': b'-- Install configuration: ""\n'}
[0.561101] (shape_interface) StdoutLine: {'line': b'-- Up-to-date: /home/aayush/eYRC/Software/workspace/install/shape_interface/share/ament_index/resource_index/rosidl_interfaces/shape_interface\n'}
[0.561140] (shape_interface) StdoutLine: {'line': b'-- Up-to-date: /home/aayush/eYRC/Software/workspace/install/shape_interface/include/shape_interface/shape_interface\n'}
[0.561169] (shape_interface) StdoutLine: {'line': b'-- Up-to-date: /home/aayush/eYRC/Software/workspace/install/shape_interface/include/shape_interface/shape_interface/srv\n'}
[0.561198] (shape_interface) StdoutLine: {'line': b'-- Up-to-date: /home/aayush/eYRC/Software/workspace/install/shape_interface/include/shape_interface/shape_interface/srv/get_shape.h\n'}
[0.561224] (shape_interface) StdoutLine: {'line': b'-- Up-to-date: /home/aayush/eYRC/Software/workspace/install/shape_interface/include/shape_interface/shape_interface/srv/pixel_to_world.h\n'}
[0.561256] (shape_interface) StdoutLine: {'line': b'-- Up-to-date: /home/aayush/eYRC/Software/workspace/install/shape_interface/include/shape_interface/shape_interface/srv/detail\n'}
[0.561281] (shape_interface) StdoutLine: {'line': b'-- Up-to-date: /home/aayush/eYRC/Software/workspace/install/shape_interface/include/shape_interface/shape_interface/srv/detail/get_shape__functions.c\n'}
[0.561305] (shape_interface) StdoutLine: {'line': b'-- Up-to-date: /home/aayush/eYRC/Software/workspace/install/shape_interface/include/shape_interface/shape_interface/srv/detail/pixel_to_world__type_support.h\n'}
[0.561329] (shape_interface) StdoutLine: {'line': b'-- Up-to-date: /home/aayush/eYRC/Software/workspace/install/shape_interface/include/shape_interface/shape_interface/srv/detail/pixel_to_world__functions.h\n'}
[0.561352] (shape_interface) StdoutLine: {'line': b'-- Up-to-date: /home/aayush/eYRC/Software/workspace/install/shape_interface/include/shape_interface/shape_interface/srv/detail/get_shape__struct.h\n'}
[0.561376] (shape_interface) StdoutLine: {'line': b'-- Up-to-date: /home/aayush/eYRC/Software/workspace/install/shape_interface/include/shape_interface/shape_interface/srv/detail/get_shape__functions.h\n'}
[0.561400] (shape_interface) StdoutLine: {'line': b'-- Up-to-date: /home/aayush/eYRC/Software/workspace/install/shape_interface/include/shape_interface/shape_interface/srv/detail/pixel_to_world__functions.c\n'}
[0.561427] (shape_interface) StdoutLine: {'line': b'-- Up-to-date: /home/aayush/eYRC/Software/workspace/install/shape_interface/include/shape_interface/shape_interface/srv/detail/get_shape__type_support.h\n'}
[0.561450] (shape_interface) StdoutLine: {'line': b'-- Up-to-date: /home/aayush/eYRC/Software/workspace/install/shape_interface/include/shape_interface/shape_interface/srv/detail/pixel_to_world__struct.h\n'}
[0.561474] (shape_interface) StdoutLine: {'line': b'-- Up-to-date: /home/aayush/eYRC/Software/workspace/install/shape_interface/include/shape_interface/shape_interface/msg\n'}
[0.561496] (shape_interface) StdoutLine: {'line': b'-- Up-to-date: /home/aayush/eYRC/Software/workspace/install/shape_interface/include/shape_interface/shape_interface/msg/shape.h\n'}
[0.561518] (shape_interface) StdoutLine: {'line': b'-- Up-to-date: /home/aayush/eYRC/Software/workspace/install/shape_interface/include/shape_interface/shape_interface/msg/detail\n'}
[0.561541] (shape_interface) StdoutLine: {'line': b'-- Up-to-date: /home/aayush/eYRC/Software/workspace/install/shape_interface/include/shape_interface/shape_interface/msg/detail/shape__functions.c\n'}
[0.561563] (shape_interface) StdoutLine: {'line': b'-- Up-to-date: /home/aayush/eYRC/Software/workspace/install/shape_interface/include/shape_interface/shape_interface/msg/detail/shape__functions.h\n'}
[0.561585] (shape_interface) StdoutLine: {'line': b'-- Up-to-date: /home/aayush/eYRC/Software/workspace/install/shape_interface/include/shape_interface/shape_interface/msg/detail/shape__type_support.h\n'}
[0.561611] (shape_interface) StdoutLine: {'line': b'-- Up-to-date: /home/aayush/eYRC/Software/workspace/install/shape_interface/include/shape_interface/shape_interface/msg/detail/shape__struct.h\n'}
[0.561634] (shape_interface) StdoutLine: {'line': b'-- Up-to-date: /home/aayush/eYRC/Software/workspace/install/shape_interface/include/shape_interface/shape_interface/msg/rosidl_generator_c__visibility_control.h\n'}
[0.561657] (shape_interface) StdoutLine: {'line': b'-- Up-to-date: /home/aayush/eYRC/Software/workspace/install/shape_interface/share/shape_interface/environment/library_path.sh\n'}
[0.561680] (shape_interface) StdoutLine: {'line': b'-- Up-to-date: /home/aayush/eYRC/Software/workspace/install/shape_interface/share/shape_interface/environment/library_path.dsv\n'}
[0.561703] (shape_interface) StdoutLine: {'line': b'-- Up-to-date: /home/aayush/eYRC/Software/workspace/install/shape_interface/lib/libshape_interface__rosidl_generator_c.so\n'}
[0.561727] (shape_interface) StdoutLine: {'line': b'-- Up-to-date: /home/aayush/eYRC/Software/workspace/install/shape_interface/include/shape_interface/shape_interface\n'}
[0.561749] (shape_interface) StdoutLine: {'line': b'-- Up-to-date: /home/aayush/eYRC/Software/workspace/install/shape_interface/include/shape_interface/shape_interface/srv\n'}
[0.561771] (shape_interface) StdoutLine: {'line': b'-- Up-to-date: /home/aayush/eYRC/Software/workspace/install/shape_interface/include/shape_interface/shape_interface/srv/detail\n'}
[0.561794] (shape_interface) StdoutLine: {'line': b'-- Up-to-date: /home/aayush/eYRC/Software/workspace/install/shape_interface/include/shape_interface/shape_interface/srv/detail/get_shape__rosidl_typesupport_fastrtps_c.h\n'}
[0.561816] (shape_interface) StdoutLine: {'line': b'-- Up-to-date: /home/aayush/eYRC/Software/workspace/install/shape_interface/include/shape_interface/shape_interface/srv/detail/pixel_to_world__rosidl_typesupport_fastrtps_c.h\n'}
[0.561839] (shape_interface) StdoutLine: {'line': b'-- Up-to-date: /home/aayush/eYRC/Software/workspace/install/shape_interface/include/shape_interface/shape_interface/msg\n'}
[0.561860] (shape_interface) StdoutLine: {'line': b'-- Up-to-date: /home/aayush/eYRC/Software/workspace/install/shape_interface/include/shape_interface/shape_interface/msg/detail\n'}
[0.561882] (shape_interface) StdoutLine: {'line': b'-- Up-to-date: /home/aayush/eYRC/Software/workspace/install/shape_interface/include/shape_interface/shape_interface/msg/detail/shape__rosidl_typesupport_fastrtps_c.h\n'}
[0.561904] (shape_interface) StdoutLine: {'line': b'-- Up-to-date: /home/aayush/eYRC/Software/workspace/install/shape_interface/include/shape_interface/shape_interface/msg/rosidl_typesupport_fastrtps_c__visibility_control.h\n'}
[0.561933] (shape_interface) StdoutLine: {'line': b'-- Up-to-date: /home/aayush/eYRC/Software/workspace/install/shape_interface/lib/libshape_interface__rosidl_typesupport_fastrtps_c.so\n'}
[0.561955] (shape_interface) StdoutLine: {'line': b'-- Up-to-date: /home/aayush/eYRC/Software/workspace/install/shape_interface/include/shape_interface/shape_interface\n'}
[0.561979] (shape_interface) StdoutLine: {'line': b'-- Up-to-date: /home/aayush/eYRC/Software/workspace/install/shape_interface/include/shape_interface/shape_interface/srv\n'}
[0.562002] (shape_interface) StdoutLine: {'line': b'-- Up-to-date: /home/aayush/eYRC/Software/workspace/install/shape_interface/include/shape_interface/shape_interface/srv/detail\n'}
[0.562025] (shape_interface) StdoutLine: {'line': b'-- Up-to-date: /home/aayush/eYRC/Software/workspace/install/shape_interface/include/shape_interface/shape_interface/srv/detail/pixel_to_world__rosidl_typesupport_introspection_c.h\n'}
[0.566873] (task_1b) StdoutLine: {'line': b"Listing '/home/aayush/eYRC/Software/workspace/install/task_1b/local/lib/python3.10/dist-packages/task_1b'...\n"}
[0.571298] (task_1b) StdoutLine: {'line': b'-- Up-to-date: /home/aayush/eYRC/Software/workspace/install/task_1b/lib/task_1b/inverse_kinematics\n'}
[0.571446] (task_1b) StdoutLine: {'line': b'-- Up-to-date: /home/aayush/eYRC/Software/workspace/install/task_1b/lib/task_1b/cmd_vel_publisher\n'}
[0.571482] (task_1b) StdoutLine: {'line': b'-- Up-to-date: /home/aayush/eYRC/Software/workspace/install/task_1b/share/ament_index/resource_index/package_run_dependencies/task_1b\n'}
[0.571548] (task_1b) StdoutLine: {'line': b'-- Up-to-date: /home/aayush/eYRC/Software/workspace/install/task_1b/share/ament_index/resource_index/parent_prefix_path/task_1b\n'}
[0.571577] (task_1b) StdoutLine: {'line': b'-- Up-to-date: /home/aayush/eYRC/Software/workspace/install/task_1b/share/task_1b/environment/ament_prefix_path.sh\n'}
[0.571630] (task_1b) StdoutLine: {'line': b'-- Up-to-date: /home/aayush/eYRC/Software/workspace/install/task_1b/share/task_1b/environment/ament_prefix_path.dsv\n'}
[0.571656] (task_1b) StdoutLine: {'line': b'-- Up-to-date: /home/aayush/eYRC/Software/workspace/install/task_1b/share/task_1b/environment/path.sh\n'}
[0.571682] (task_1b) StdoutLine: {'line': b'-- Up-to-date: /home/aayush/eYRC/Software/workspace/install/task_1b/share/task_1b/environment/path.dsv\n'}
[0.571725] (task_1b) StdoutLine: {'line': b'-- Up-to-date: /home/aayush/eYRC/Software/workspace/install/task_1b/share/task_1b/local_setup.bash\n'}
[0.571750] (task_1b) StdoutLine: {'line': b'-- Up-to-date: /home/aayush/eYRC/Software/workspace/install/task_1b/share/task_1b/local_setup.sh\n'}
[0.571798] (task_1b) StdoutLine: {'line': b'-- Up-to-date: /home/aayush/eYRC/Software/workspace/install/task_1b/share/task_1b/local_setup.zsh\n'}
[0.571825] (task_1b) StdoutLine: {'line': b'-- Up-to-date: /home/aayush/eYRC/Software/workspace/install/task_1b/share/task_1b/local_setup.dsv\n'}
[0.571848] (task_1b) StdoutLine: {'line': b'-- Installing: /home/aayush/eYRC/Software/workspace/install/task_1b/share/task_1b/package.dsv\n'}
[0.571918] (task_1b) StdoutLine: {'line': b'-- Up-to-date: /home/aayush/eYRC/Software/workspace/install/task_1b/share/ament_index/resource_index/packages/task_1b\n'}
[0.571972] (task_1b) StdoutLine: {'line': b'-- Up-to-date: /home/aayush/eYRC/Software/workspace/install/task_1b/share/task_1b/cmake/task_1bConfig.cmake\n'}
[0.572014] (task_1b) StdoutLine: {'line': b'-- Up-to-date: /home/aayush/eYRC/Software/workspace/install/task_1b/share/task_1b/cmake/task_1bConfig-version.cmake\n'}
[0.572056] (task_1b) StdoutLine: {'line': b'-- Up-to-date: /home/aayush/eYRC/Software/workspace/install/task_1b/share/task_1b/package.xml\n'}
[0.574477] (task_1b) CommandEnded: {'returncode': 0}
[0.599360] (shape_interface) StdoutLine: {'line': b'-- Up-to-date: /home/aayush/eYRC/Software/workspace/install/shape_interface/include/shape_interface/shape_interface/srv/detail/get_shape__type_support.c\n'}
[0.599647] (shape_interface) StdoutLine: {'line': b'-- Up-to-date: /home/aayush/eYRC/Software/workspace/install/shape_interface/include/shape_interface/shape_interface/srv/detail/pixel_to_world__type_support.c\n'}
[0.599742] (shape_interface) StdoutLine: {'line': b'-- Up-to-date: /home/aayush/eYRC/Software/workspace/install/shape_interface/include/shape_interface/shape_interface/srv/detail/get_shape__rosidl_typesupport_introspection_c.h\n'}
[0.599871] (shape_interface) StdoutLine: {'line': b'-- Up-to-date: /home/aayush/eYRC/Software/workspace/install/shape_interface/include/shape_interface/shape_interface/msg\n'}
[0.600062] (shape_interface) StdoutLine: {'line': b'-- Up-to-date: /home/aayush/eYRC/Software/workspace/install/shape_interface/include/shape_interface/shape_interface/msg/rosidl_typesupport_introspection_c__visibility_control.h\n'}
[0.600361] (shape_interface) StdoutLine: {'line': b'-- Up-to-date: /home/aayush/eYRC/Software/workspace/install/shape_interface/include/shape_interface/shape_interface/msg/detail\n'}
[0.600510] (shape_interface) StdoutLine: {'line': b'-- Up-to-date: /home/aayush/eYRC/Software/workspace/install/shape_interface/include/shape_interface/shape_interface/msg/detail/shape__rosidl_typesupport_introspection_c.h\n'}
[0.600589] (shape_interface) StdoutLine: {'line': b'-- Up-to-date: /home/aayush/eYRC/Software/workspace/install/shape_interface/include/shape_interface/shape_interface/msg/detail/shape__type_support.c\n'}
[0.600733] (shape_interface) StdoutLine: {'line': b'-- Up-to-date: /home/aayush/eYRC/Software/workspace/install/shape_interface/lib/libshape_interface__rosidl_typesupport_introspection_c.so\n'}
[0.600822] (shape_interface) StdoutLine: {'line': b'-- Up-to-date: /home/aayush/eYRC/Software/workspace/install/shape_interface/lib/libshape_interface__rosidl_typesupport_c.so\n'}
[0.600911] (shape_interface) StdoutLine: {'line': b'-- Up-to-date: /home/aayush/eYRC/Software/workspace/install/shape_interface/include/shape_interface/shape_interface\n'}
[0.601101] (shape_interface) StdoutLine: {'line': b'-- Up-to-date: /home/aayush/eYRC/Software/workspace/install/shape_interface/include/shape_interface/shape_interface/srv\n'}
[0.601221] (-) TimerEvent: {}
[0.601389] (shape_interface) StdoutLine: {'line': b'-- Up-to-date: /home/aayush/eYRC/Software/workspace/install/shape_interface/include/shape_interface/shape_interface/srv/detail\n'}
[0.601512] (shape_interface) StdoutLine: {'line': b'-- Up-to-date: /home/aayush/eYRC/Software/workspace/install/shape_interface/include/shape_interface/shape_interface/srv/detail/pixel_to_world__type_support.hpp\n'}
[0.601599] (shape_interface) StdoutLine: {'line': b'-- Up-to-date: /home/aayush/eYRC/Software/workspace/install/shape_interface/include/shape_interface/shape_interface/srv/detail/pixel_to_world__struct.hpp\n'}
[0.601846] (shape_interface) StdoutLine: {'line': b'-- Up-to-date: /home/aayush/eYRC/Software/workspace/install/shape_interface/include/shape_interface/shape_interface/srv/detail/get_shape__type_support.hpp\n'}
[0.601965] (shape_interface) StdoutLine: {'line': b'-- Up-to-date: /home/aayush/eYRC/Software/workspace/install/shape_interface/include/shape_interface/shape_interface/srv/detail/pixel_to_world__builder.hpp\n'}
[0.602052] (shape_interface) StdoutLine: {'line': b'-- Up-to-date: /home/aayush/eYRC/Software/workspace/install/shape_interface/include/shape_interface/shape_interface/srv/detail/pixel_to_world__traits.hpp\n'}
[0.602213] (shape_interface) StdoutLine: {'line': b'-- Up-to-date: /home/aayush/eYRC/Software/workspace/install/shape_interface/include/shape_interface/shape_interface/srv/detail/get_shape__struct.hpp\n'}
[0.602317] (shape_interface) StdoutLine: {'line': b'-- Up-to-date: /home/aayush/eYRC/Software/workspace/install/shape_interface/include/shape_interface/shape_interface/srv/detail/get_shape__builder.hpp\n'}
[0.602394] (shape_interface) StdoutLine: {'line': b'-- Up-to-date: /home/aayush/eYRC/Software/workspace/install/shape_interface/include/shape_interface/shape_interface/srv/detail/get_shape__traits.hpp\n'}
[0.602620] (shape_interface) StdoutLine: {'line': b'-- Up-to-date: /home/aayush/eYRC/Software/workspace/install/shape_interface/include/shape_interface/shape_interface/srv/get_shape.hpp\n'}
[0.602748] (shape_interface) StdoutLine: {'line': b'-- Up-to-date: /home/aayush/eYRC/Software/workspace/install/shape_interface/include/shape_interface/shape_interface/srv/pixel_to_world.hpp\n'}
[0.602832] (shape_interface) StdoutLine: {'line': b'-- Up-to-date: /home/aayush/eYRC/Software/workspace/install/shape_interface/include/shape_interface/shape_interface/msg\n'}
[0.603080] (shape_interface) StdoutLine: {'line': b'-- Up-to-date: /home/aayush/eYRC/Software/workspace/install/shape_interface/include/shape_interface/shape_interface/msg/rosidl_generator_cpp__visibility_control.hpp\n'}
[0.603227] (shape_interface) StdoutLine: {'line': b'-- Up-to-date: /home/aayush/eYRC/Software/workspace/install/shape_interface/include/shape_interface/shape_interface/msg/shape.hpp\n'}
[0.603348] (shape_interface) StdoutLine: {'line': b'-- Up-to-date: /home/aayush/eYRC/Software/workspace/install/shape_interface/include/shape_interface/shape_interface/msg/detail\n'}
[0.603410] (shape_interface) StdoutLine: {'line': b'-- Up-to-date: /home/aayush/eYRC/Software/workspace/install/shape_interface/include/shape_interface/shape_interface/msg/detail/shape__struct.hpp\n'}
[0.603481] (shape_interface) StdoutLine: {'line': b'-- Up-to-date: /home/aayush/eYRC/Software/workspace/install/shape_interface/include/shape_interface/shape_interface/msg/detail/shape__type_support.hpp\n'}
[0.603597] (shape_interface) StdoutLine: {'line': b'-- Up-to-date: /home/aayush/eYRC/Software/workspace/install/shape_interface/include/shape_interface/shape_interface/msg/detail/shape__traits.hpp\n'}
[0.603660] (shape_interface) StdoutLine: {'line': b'-- Up-to-date: /home/aayush/eYRC/Software/workspace/install/shape_interface/include/shape_interface/shape_interface/msg/detail/shape__builder.hpp\n'}
[0.603721] (shape_interface) StdoutLine: {'line': b'-- Up-to-date: /home/aayush/eYRC/Software/workspace/install/shape_interface/include/shape_interface/shape_interface\n'}
[0.603783] (shape_interface) StdoutLine: {'line': b'-- Up-to-date: /home/aayush/eYRC/Software/workspace/install/shape_interface/include/shape_interface/shape_interface/srv\n'}
[0.603848] (shape_interface) StdoutLine: {'line': b'-- Up-to-date: /home/aayush/eYRC/Software/workspace/install/shape_interface/include/shape_interface/shape_interface/srv/detail\n'}
[0.604006] (shape_interface) StdoutLine: {'line': b'-- Up-to-date: /home/aayush/eYRC/Software/workspace/install/shape_interface/include/shape_interface/shape_interface/srv/detail/dds_fastrtps\n'}
[0.604110] (shape_interface) StdoutLine: {'line': b'-- Up-to-date: /home/aayush/eYRC/Software/workspace/install/shape_interface/include/shape_interface/shape_interface/srv/detail/pixel_to_world__rosidl_typesupport_fastrtps_cpp.hpp\n'}
[0.604176] (shape_interface) StdoutLine: {'line': b'-- Up-to-date: /home/aayush/eYRC/Software/workspace/install/shape_interface/include/shape_interface/shape_interface/srv/detail/get_shape__rosidl_typesupport_fastrtps_cpp.hpp\n'}
[0.604240] (shape_interface) StdoutLine: {'line': b'-- Up-to-date: /home/aayush/eYRC/Software/workspace/install/shape_interface/include/shape_interface/shape_interface/msg\n'}
[0.604362] (shape_interface) StdoutLine: {'line': b'-- Up-to-date: /home/aayush/eYRC/Software/workspace/install/shape_interface/include/shape_interface/shape_interface/msg/detail\n'}
[0.604434] (shape_interface) StdoutLine: {'line': b'-- Up-to-date: /home/aayush/eYRC/Software/workspace/install/shape_interface/include/shape_interface/shape_interface/msg/detail/shape__rosidl_typesupport_fastrtps_cpp.hpp\n'}
[0.604495] (shape_interface) StdoutLine: {'line': b'-- Up-to-date: /home/aayush/eYRC/Software/workspace/install/shape_interface/include/shape_interface/shape_interface/msg/detail/dds_fastrtps\n'}
[0.604568] (shape_interface) StdoutLine: {'line': b'-- Up-to-date: /home/aayush/eYRC/Software/workspace/install/shape_interface/include/shape_interface/shape_interface/msg/rosidl_typesupport_fastrtps_cpp__visibility_control.h\n'}
[0.604708] (shape_interface) StdoutLine: {'line': b'-- Up-to-date: /home/aayush/eYRC/Software/workspace/install/shape_interface/lib/libshape_interface__rosidl_typesupport_fastrtps_cpp.so\n'}
[0.604774] (shape_interface) StdoutLine: {'line': b'-- Up-to-date: /home/aayush/eYRC/Software/workspace/install/shape_interface/include/shape_interface/shape_interface\n'}
[0.604850] (shape_interface) StdoutLine: {'line': b'-- Up-to-date: /home/aayush/eYRC/Software/workspace/install/shape_interface/include/shape_interface/shape_interface/srv\n'}
[0.604941] (shape_interface) StdoutLine: {'line': b'-- Up-to-date: /home/aayush/eYRC/Software/workspace/install/shape_interface/include/shape_interface/shape_interface/srv/detail\n'}
[0.605171] (shape_interface) StdoutLine: {'line': b'-- Up-to-date: /home/aayush/eYRC/Software/workspace/install/shape_interface/include/shape_interface/shape_interface/srv/detail/pixel_to_world__rosidl_typesupport_introspection_cpp.hpp\n'}
[0.605269] (shape_interface) StdoutLine: {'line': b'-- Up-to-date: /home/aayush/eYRC/Software/workspace/install/shape_interface/include/shape_interface/shape_interface/srv/detail/get_shape__type_support.cpp\n'}
[0.605330] (shape_interface) StdoutLine: {'line': b'-- Up-to-date: /home/aayush/eYRC/Software/workspace/install/shape_interface/include/shape_interface/shape_interface/srv/detail/get_shape__rosidl_typesupport_introspection_cpp.hpp\n'}
[0.605390] (shape_interface) StdoutLine: {'line': b'-- Up-to-date: /home/aayush/eYRC/Software/workspace/install/shape_interface/include/shape_interface/shape_interface/srv/detail/pixel_to_world__type_support.cpp\n'}
[0.605453] (shape_interface) StdoutLine: {'line': b'-- Up-to-date: /home/aayush/eYRC/Software/workspace/install/shape_interface/include/shape_interface/shape_interface/msg\n'}
[0.605562] (shape_interface) StdoutLine: {'line': b'-- Up-to-date: /home/aayush/eYRC/Software/workspace/install/shape_interface/include/shape_interface/shape_interface/msg/detail\n'}
[0.605622] (shape_interface) StdoutLine: {'line': b'-- Up-to-date: /home/aayush/eYRC/Software/workspace/install/shape_interface/include/shape_interface/shape_interface/msg/detail/shape__rosidl_typesupport_introspection_cpp.hpp\n'}
[0.605685] (shape_interface) StdoutLine: {'line': b'-- Up-to-date: /home/aayush/eYRC/Software/workspace/install/shape_interface/include/shape_interface/shape_interface/msg/detail/shape__type_support.cpp\n'}
[0.605767] (shape_interface) StdoutLine: {'line': b'-- Up-to-date: /home/aayush/eYRC/Software/workspace/install/shape_interface/lib/libshape_interface__rosidl_typesupport_introspection_cpp.so\n'}
[0.605841] (shape_interface) StdoutLine: {'line': b'-- Up-to-date: /home/aayush/eYRC/Software/workspace/install/shape_interface/lib/libshape_interface__rosidl_typesupport_cpp.so\n'}
[0.605999] (shape_interface) StdoutLine: {'line': b'-- Up-to-date: /home/aayush/eYRC/Software/workspace/install/shape_interface/share/shape_interface/environment/pythonpath.sh\n'}
[0.606075] (shape_interface) StdoutLine: {'line': b'-- Up-to-date: /home/aayush/eYRC/Software/workspace/install/shape_interface/share/shape_interface/environment/pythonpath.dsv\n'}
[0.606260] (shape_interface) StdoutLine: {'line': b'-- Up-to-date: /home/aayush/eYRC/Software/workspace/install/shape_interface/local/lib/python3.10/dist-packages/shape_interface-0.0.0-py3.10.egg-info\n'}
[0.606314] (shape_interface) StdoutLine: {'line': b'-- Installing: /home/aayush/eYRC/Software/workspace/install/shape_interface/local/lib/python3.10/dist-packages/shape_interface-0.0.0-py3.10.egg-info/SOURCES.txt\n'}
[0.606353] (shape_interface) StdoutLine: {'line': b'-- Installing: /home/aayush/eYRC/Software/workspace/install/shape_interface/local/lib/python3.10/dist-packages/shape_interface-0.0.0-py3.10.egg-info/top_level.txt\n'}
[0.606387] (shape_interface) StdoutLine: {'line': b'-- Installing: /home/aayush/eYRC/Software/workspace/install/shape_interface/local/lib/python3.10/dist-packages/shape_interface-0.0.0-py3.10.egg-info/PKG-INFO\n'}
[0.606423] (shape_interface) StdoutLine: {'line': b'-- Installing: /home/aayush/eYRC/Software/workspace/install/shape_interface/local/lib/python3.10/dist-packages/shape_interface-0.0.0-py3.10.egg-info/dependency_links.txt\n'}
[0.606457] (shape_interface) StdoutLine: {'line': b'-- Up-to-date: /home/aayush/eYRC/Software/workspace/install/shape_interface/local/lib/python3.10/dist-packages/shape_interface\n'}
[0.606492] (shape_interface) StdoutLine: {'line': b'-- Up-to-date: /home/aayush/eYRC/Software/workspace/install/shape_interface/local/lib/python3.10/dist-packages/shape_interface/_shape_interface_s.ep.rosidl_typesupport_c.c\n'}
[0.606532] (shape_interface) StdoutLine: {'line': b'-- Up-to-date: /home/aayush/eYRC/Software/workspace/install/shape_interface/local/lib/python3.10/dist-packages/shape_interface/shape_interface_s__rosidl_typesupport_c.cpython-310-x86_64-linux-gnu.so\n'}
[0.606772] (shape_interface) StdoutLine: {'line': b'-- Up-to-date: /home/aayush/eYRC/Software/workspace/install/shape_interface/local/lib/python3.10/dist-packages/shape_interface/shape_interface_s__rosidl_typesupport_introspection_c.cpython-310-x86_64-linux-gnu.so\n'}
[0.606855] (shape_interface) StdoutLine: {'line': b'-- Up-to-date: /home/aayush/eYRC/Software/workspace/install/shape_interface/local/lib/python3.10/dist-packages/shape_interface/_shape_interface_s.ep.rosidl_typesupport_introspection_c.c\n'}
[0.606892] (shape_interface) StdoutLine: {'line': b'-- Up-to-date: /home/aayush/eYRC/Software/workspace/install/shape_interface/local/lib/python3.10/dist-packages/shape_interface/srv\n'}
[0.606930] (shape_interface) StdoutLine: {'line': b'-- Up-to-date: /home/aayush/eYRC/Software/workspace/install/shape_interface/local/lib/python3.10/dist-packages/shape_interface/srv/_get_shape_s.c\n'}
[0.607340] (shape_interface) StdoutLine: {'line': b'-- Up-to-date: /home/aayush/eYRC/Software/workspace/install/shape_interface/local/lib/python3.10/dist-packages/shape_interface/srv/_pixel_to_world_s.c\n'}
[0.607431] (shape_interface) StdoutLine: {'line': b'-- Up-to-date: /home/aayush/eYRC/Software/workspace/install/shape_interface/local/lib/python3.10/dist-packages/shape_interface/srv/__init__.py\n'}
[0.607468] (shape_interface) StdoutLine: {'line': b'-- Up-to-date: /home/aayush/eYRC/Software/workspace/install/shape_interface/local/lib/python3.10/dist-packages/shape_interface/srv/_pixel_to_world.py\n'}
[0.607512] (shape_interface) StdoutLine: {'line': b'-- Up-to-date: /home/aayush/eYRC/Software/workspace/install/shape_interface/local/lib/python3.10/dist-packages/shape_interface/srv/_get_shape.py\n'}
[0.607544] (shape_interface) StdoutLine: {'line': b'-- Up-to-date: /home/aayush/eYRC/Software/workspace/install/shape_interface/local/lib/python3.10/dist-packages/shape_interface/shape_interface_s__rosidl_typesupport_fastrtps_c.cpython-310-x86_64-linux-gnu.so\n'}
[0.607577] (shape_interface) StdoutLine: {'line': b'-- Up-to-date: /home/aayush/eYRC/Software/workspace/install/shape_interface/local/lib/python3.10/dist-packages/shape_interface/msg\n'}
[0.607610] (shape_interface) StdoutLine: {'line': b'-- Up-to-date: /home/aayush/eYRC/Software/workspace/install/shape_interface/local/lib/python3.10/dist-packages/shape_interface/msg/_shape_s.c\n'}
[0.607641] (shape_interface) StdoutLine: {'line': b'-- Up-to-date: /home/aayush/eYRC/Software/workspace/install/shape_interface/local/lib/python3.10/dist-packages/shape_interface/msg/_shape.py\n'}
[0.607673] (shape_interface) StdoutLine: {'line': b'-- Up-to-date: /home/aayush/eYRC/Software/workspace/install/shape_interface/local/lib/python3.10/dist-packages/shape_interface/msg/__init__.py\n'}
[0.607708] (shape_interface) StdoutLine: {'line': b'-- Up-to-date: /home/aayush/eYRC/Software/workspace/install/shape_interface/local/lib/python3.10/dist-packages/shape_interface/libshape_interface__rosidl_generator_py.so\n'}
[0.607740] (shape_interface) StdoutLine: {'line': b'-- Up-to-date: /home/aayush/eYRC/Software/workspace/install/shape_interface/local/lib/python3.10/dist-packages/shape_interface/__init__.py\n'}
[0.607771] (shape_interface) StdoutLine: {'line': b'-- Up-to-date: /home/aayush/eYRC/Software/workspace/install/shape_interface/local/lib/python3.10/dist-packages/shape_interface/_shape_interface_s.ep.rosidl_typesupport_fastrtps_c.c\n'}
[0.615797] (task_1b) JobEnded: {'identifier': 'task_1b', 'rc': 0}
[0.634896] (shape_interface) StdoutLine: {'line': b"Listing '/home/aayush/eYRC/Software/workspace/install/shape_interface/local/lib/python3.10/dist-packages/shape_interface'...\n"}
[0.635060] (shape_interface) StdoutLine: {'line': b"Listing '/home/aayush/eYRC/Software/workspace/install/shape_interface/local/lib/python3.10/dist-packages/shape_interface/msg'...\n"}
[0.635099] (shape_interface) StdoutLine: {'line': b"Listing '/home/aayush/eYRC/Software/workspace/install/shape_interface/local/lib/python3.10/dist-packages/shape_interface/srv'...\n"}
[0.639056] (shape_interface) StdoutLine: {'line': b'-- Up-to-date: /home/aayush/eYRC/Software/workspace/install/shape_interface/local/lib/python3.10/dist-packages/shape_interface/shape_interface_s__rosidl_typesupport_fastrtps_c.cpython-310-x86_64-linux-gnu.so\n'}
[0.639232] (shape_interface) StdoutLine: {'line': b'-- Up-to-date: /home/aayush/eYRC/Software/workspace/install/shape_interface/local/lib/python3.10/dist-packages/shape_interface/shape_interface_s__rosidl_typesupport_introspection_c.cpython-310-x86_64-linux-gnu.so\n'}
[0.639496] (shape_interface) StdoutLine: {'line': b'-- Up-to-date: /home/aayush/eYRC/Software/workspace/install/shape_interface/local/lib/python3.10/dist-packages/shape_interface/shape_interface_s__rosidl_typesupport_c.cpython-310-x86_64-linux-gnu.so\n'}
[0.639745] (shape_interface) StdoutLine: {'line': b'-- Up-to-date: /home/aayush/eYRC/Software/workspace/install/shape_interface/lib/libshape_interface__rosidl_generator_py.so\n'}
[0.639911] (shape_interface) StdoutLine: {'line': b'-- Up-to-date: /home/aayush/eYRC/Software/workspace/install/shape_interface/share/shape_interface/rust\n'}
[0.639997] (shape_interface) StdoutLine: {'line': b'-- Up-to-date: /home/aayush/eYRC/Software/workspace/install/shape_interface/share/shape_interface/rust/src\n'}
[0.640067] (shape_interface) StdoutLine: {'line': b'-- Up-to-date: /home/aayush/eYRC/Software/workspace/install/shape_interface/share/shape_interface/rust/src/srv.rs\n'}
[0.640109] (shape_interface) StdoutLine: {'line': b'-- Up-to-date: /home/aayush/eYRC/Software/workspace/install/shape_interface/share/shape_interface/rust/src/srv\n'}
[0.640207] (shape_interface) StdoutLine: {'line': b'-- Up-to-date: /home/aayush/eYRC/Software/workspace/install/shape_interface/share/shape_interface/rust/src/srv/rmw.rs\n'}
[0.640251] (shape_interface) StdoutLine: {'line': b'-- Up-to-date: /home/aayush/eYRC/Software/workspace/install/shape_interface/share/shape_interface/rust/src/msg\n'}
[0.640300] (shape_interface) StdoutLine: {'line': b'-- Up-to-date: /home/aayush/eYRC/Software/workspace/install/shape_interface/share/shape_interface/rust/src/msg/rmw.rs\n'}
[0.640363] (shape_interface) StdoutLine: {'line': b'-- Up-to-date: /home/aayush/eYRC/Software/workspace/install/shape_interface/share/shape_interface/rust/src/msg.rs\n'}
[0.640398] (shape_interface) StdoutLine: {'line': b'-- Up-to-date: /home/aayush/eYRC/Software/workspace/install/shape_interface/share/shape_interface/rust/src/lib.rs\n'}
[0.640431] (shape_interface) StdoutLine: {'line': b'-- Up-to-date: /home/aayush/eYRC/Software/workspace/install/shape_interface/share/shape_interface/rust/build.rs\n'}
[0.640462] (shape_interface) StdoutLine: {'line': b'-- Up-to-date: /home/aayush/eYRC/Software/workspace/install/shape_interface/share/shape_interface/rust/Cargo.toml\n'}
[0.640494] (shape_interface) StdoutLine: {'line': b'-- Up-to-date: /home/aayush/eYRC/Software/workspace/install/shape_interface/share/shape_interface/srv/GetShape.idl\n'}
[0.640535] (shape_interface) StdoutLine: {'line': b'-- Up-to-date: /home/aayush/eYRC/Software/workspace/install/shape_interface/share/shape_interface/srv/PixelToWorld.idl\n'}
[0.640591] (shape_interface) StdoutLine: {'line': b'-- Up-to-date: /home/aayush/eYRC/Software/workspace/install/shape_interface/share/shape_interface/msg/Shape.idl\n'}
[0.640625] (shape_interface) StdoutLine: {'line': b'-- Up-to-date: /home/aayush/eYRC/Software/workspace/install/shape_interface/share/shape_interface/srv/GetShape.srv\n'}
[0.640657] (shape_interface) StdoutLine: {'line': b'-- Up-to-date: /home/aayush/eYRC/Software/workspace/install/shape_interface/share/shape_interface/srv/GetShape_Request.msg\n'}
[0.640688] (shape_interface) StdoutLine: {'line': b'-- Up-to-date: /home/aayush/eYRC/Software/workspace/install/shape_interface/share/shape_interface/srv/GetShape_Response.msg\n'}
[0.640719] (shape_interface) StdoutLine: {'line': b'-- Up-to-date: /home/aayush/eYRC/Software/workspace/install/shape_interface/share/shape_interface/srv/PixelToWorld.srv\n'}
[0.640760] (shape_interface) StdoutLine: {'line': b'-- Up-to-date: /home/aayush/eYRC/Software/workspace/install/shape_interface/share/shape_interface/srv/PixelToWorld_Request.msg\n'}
[0.640822] (shape_interface) StdoutLine: {'line': b'-- Up-to-date: /home/aayush/eYRC/Software/workspace/install/shape_interface/share/shape_interface/srv/PixelToWorld_Response.msg\n'}
[0.640861] (shape_interface) StdoutLine: {'line': b'-- Up-to-date: /home/aayush/eYRC/Software/workspace/install/shape_interface/share/shape_interface/msg/Shape.msg\n'}
[0.640893] (shape_interface) StdoutLine: {'line': b'-- Up-to-date: /home/aayush/eYRC/Software/workspace/install/shape_interface/share/ament_index/resource_index/package_run_dependencies/shape_interface\n'}
[0.640928] (shape_interface) StdoutLine: {'line': b'-- Up-to-date: /home/aayush/eYRC/Software/workspace/install/shape_interface/share/ament_index/resource_index/parent_prefix_path/shape_interface\n'}
[0.640979] (shape_interface) StdoutLine: {'line': b'-- Up-to-date: /home/aayush/eYRC/Software/workspace/install/shape_interface/share/shape_interface/environment/ament_prefix_path.sh\n'}
[0.641009] (shape_interface) StdoutLine: {'line': b'-- Up-to-date: /home/aayush/eYRC/Software/workspace/install/shape_interface/share/shape_interface/environment/ament_prefix_path.dsv\n'}
[0.641040] (shape_interface) StdoutLine: {'line': b'-- Up-to-date: /home/aayush/eYRC/Software/workspace/install/shape_interface/share/shape_interface/environment/path.sh\n'}
[0.641071] (shape_interface) StdoutLine: {'line': b'-- Up-to-date: /home/aayush/eYRC/Software/workspace/install/shape_interface/share/shape_interface/environment/path.dsv\n'}
[0.641119] (shape_interface) StdoutLine: {'line': b'-- Up-to-date: /home/aayush/eYRC/Software/workspace/install/shape_interface/share/shape_interface/local_setup.bash\n'}
[0.641153] (shape_interface) StdoutLine: {'line': b'-- Up-to-date: /home/aayush/eYRC/Software/workspace/install/shape_interface/share/shape_interface/local_setup.sh\n'}
[0.641186] (shape_interface) StdoutLine: {'line': b'-- Up-to-date: /home/aayush/eYRC/Software/workspace/install/shape_interface/share/shape_interface/local_setup.zsh\n'}
[0.641219] (shape_interface) StdoutLine: {'line': b'-- Up-to-date: /home/aayush/eYRC/Software/workspace/install/shape_interface/share/shape_interface/local_setup.dsv\n'}
[0.641262] (shape_interface) StdoutLine: {'line': b'-- Installing: /home/aayush/eYRC/Software/workspace/install/shape_interface/share/shape_interface/package.dsv\n'}
[0.641298] (shape_interface) StdoutLine: {'line': b'-- Up-to-date: /home/aayush/eYRC/Software/workspace/install/shape_interface/share/ament_index/resource_index/packages/shape_interface\n'}
[0.641394] (shape_interface) StdoutLine: {'line': b'-- Up-to-date: /home/aayush/eYRC/Software/workspace/install/shape_interface/share/shape_interface/cmake/export_shape_interface__rosidl_generator_cExport.cmake\n'}
[0.641438] (shape_interface) StdoutLine: {'line': b'-- Up-to-date: /home/aayush/eYRC/Software/workspace/install/shape_interface/share/shape_interface/cmake/export_shape_interface__rosidl_generator_cExport-noconfig.cmake\n'}
[0.641518] (shape_interface) StdoutLine: {'line': b'-- Up-to-date: /home/aayush/eYRC/Software/workspace/install/shape_interface/share/shape_interface/cmake/export_shape_interface__rosidl_typesupport_fastrtps_cExport.cmake\n'}
[0.641560] (shape_interface) StdoutLine: {'line': b'-- Up-to-date: /home/aayush/eYRC/Software/workspace/install/shape_interface/share/shape_interface/cmake/export_shape_interface__rosidl_typesupport_fastrtps_cExport-noconfig.cmake\n'}
[0.641644] (shape_interface) StdoutLine: {'line': b'-- Up-to-date: /home/aayush/eYRC/Software/workspace/install/shape_interface/share/shape_interface/cmake/shape_interface__rosidl_typesupport_introspection_cExport.cmake\n'}
[0.641785] (shape_interface) StdoutLine: {'line': b'-- Up-to-date: /home/aayush/eYRC/Software/workspace/install/shape_interface/share/shape_interface/cmake/shape_interface__rosidl_typesupport_introspection_cExport-noconfig.cmake\n'}
[0.641833] (shape_interface) StdoutLine: {'line': b'-- Up-to-date: /home/aayush/eYRC/Software/workspace/install/shape_interface/share/shape_interface/cmake/shape_interface__rosidl_typesupport_cExport.cmake\n'}
[0.641895] (shape_interface) StdoutLine: {'line': b'-- Up-to-date: /home/aayush/eYRC/Software/workspace/install/shape_interface/share/shape_interface/cmake/shape_interface__rosidl_typesupport_cExport-noconfig.cmake\n'}
[0.641950] (shape_interface) StdoutLine: {'line': b'-- Up-to-date: /home/aayush/eYRC/Software/workspace/install/shape_interface/share/shape_interface/cmake/export_shape_interface__rosidl_generator_cppExport.cmake\n'}
[0.641990] (shape_interface) StdoutLine: {'line': b'-- Up-to-date: /home/aayush/eYRC/Software/workspace/install/shape_interface/share/shape_interface/cmake/export_shape_interface__rosidl_typesupport_fastrtps_cppExport.cmake\n'}
[0.642033] (shape_interface) StdoutLine: {'line': b'-- Up-to-date: /home/aayush/eYRC/Software/workspace/install/shape_interface/share/shape_interface/cmake/export_shape_interface__rosidl_typesupport_fastrtps_cppExport-noconfig.cmake\n'}
[0.642097] (shape_interface) StdoutLine: {'line': b'-- Up-to-date: /home/aayush/eYRC/Software/workspace/install/shape_interface/share/shape_interface/cmake/shape_interface__rosidl_typesupport_introspection_cppExport.cmake\n'}
[0.642139] (shape_interface) StdoutLine: {'line': b'-- Up-to-date: /home/aayush/eYRC/Software/workspace/install/shape_interface/share/shape_interface/cmake/shape_interface__rosidl_typesupport_introspection_cppExport-noconfig.cmake\n'}
[0.642213] (shape_interface) StdoutLine: {'line': b'-- Up-to-date: /home/aayush/eYRC/Software/workspace/install/shape_interface/share/shape_interface/cmake/shape_interface__rosidl_typesupport_cppExport.cmake\n'}
[0.642257] (shape_interface) StdoutLine: {'line': b'-- Up-to-date: /home/aayush/eYRC/Software/workspace/install/shape_interface/share/shape_interface/cmake/shape_interface__rosidl_typesupport_cppExport-noconfig.cmake\n'}
[0.642330] (shape_interface) StdoutLine: {'line': b'-- Up-to-date: /home/aayush/eYRC/Software/workspace/install/shape_interface/share/shape_interface/cmake/export_shape_interface__rosidl_generator_pyExport.cmake\n'}
[0.642370] (shape_interface) StdoutLine: {'line': b'-- Up-to-date: /home/aayush/eYRC/Software/workspace/install/shape_interface/share/shape_interface/cmake/export_shape_interface__rosidl_generator_pyExport-noconfig.cmake\n'}
[0.642410] (shape_interface) StdoutLine: {'line': b'-- Up-to-date: /home/aayush/eYRC/Software/workspace/install/shape_interface/share/shape_interface/cmake/rosidl_cmake-extras.cmake\n'}
[0.642449] (shape_interface) StdoutLine: {'line': b'-- Up-to-date: /home/aayush/eYRC/Software/workspace/install/shape_interface/share/shape_interface/cmake/ament_cmake_export_include_directories-extras.cmake\n'}
[0.642490] (shape_interface) StdoutLine: {'line': b'-- Up-to-date: /home/aayush/eYRC/Software/workspace/install/shape_interface/share/shape_interface/cmake/ament_cmake_export_libraries-extras.cmake\n'}
[0.642536] (shape_interface) StdoutLine: {'line': b'-- Up-to-date: /home/aayush/eYRC/Software/workspace/install/shape_interface/share/shape_interface/cmake/ament_cmake_export_targets-extras.cmake\n'}
[0.642621] (shape_interface) StdoutLine: {'line': b'-- Up-to-date: /home/aayush/eYRC/Software/workspace/install/shape_interface/share/shape_interface/cmake/rosidl_cmake_export_typesupport_targets-extras.cmake\n'}
[0.642663] (shape_interface) StdoutLine: {'line': b'-- Up-to-date: /home/aayush/eYRC/Software/workspace/install/shape_interface/share/shape_interface/cmake/ament_cmake_export_dependencies-extras.cmake\n'}
[0.642718] (shape_interface) StdoutLine: {'line': b'-- Up-to-date: /home/aayush/eYRC/Software/workspace/install/shape_interface/share/shape_interface/cmake/rosidl_cmake_export_typesupport_libraries-extras.cmake\n'}
[0.642794] (shape_interface) StdoutLine: {'line': b'-- Up-to-date: /home/aayush/eYRC/Software/workspace/install/shape_interface/share/shape_interface/cmake/rosidl_cmake_aggregate_target-extras.cmake\n'}
[0.642841] (shape_interface) StdoutLine: {'line': b'-- Up-to-date: /home/aayush/eYRC/Software/workspace/install/shape_interface/share/shape_interface/cmake/shape_interfaceConfig.cmake\n'}
[0.642881] (shape_interface) StdoutLine: {'line': b'-- Up-to-date: /home/aayush/eYRC/Software/workspace/install/shape_interface/share/shape_interface/cmake/shape_interfaceConfig-version.cmake\n'}
[0.642919] (shape_interface) StdoutLine: {'line': b'-- Up-to-date: /home/aayush/eYRC/Software/workspace/install/shape_interface/share/shape_interface/package.xml\n'}
[0.645727] (shape_interface) CommandEnded: {'returncode': 0}
[0.701345] (-) TimerEvent: {}
[0.710514] (shape_interface) JobEnded: {'identifier': 'shape_interface', 'rc': 0}
[0.711013] (task_1a) JobStarted: {'identifier': 'task_1a'}
[0.712834] (task_1c) JobStarted: {'identifier': 'task_1c'}
[0.716992] (task_1a) JobProgress: {'identifier': 'task_1a', 'progress': 'cmake'}
[0.717558] (task_1a) JobProgress: {'identifier': 'task_1a', 'progress': 'build'}
[0.717879] (task_1a) Command: {'cmd': ['/usr/bin/cmake', '--build', '/home/aayush/eYRC/Software/workspace/build/task_1a', '--', '-j6', '-l6'], 'cwd': '/home/aayush/eYRC/Software/workspace/build/task_1a', 'env': OrderedDict([('LESSOPEN', '| /usr/bin/lesspipe %s'), ('LANGUAGE', 'en_IN:en'), ('USER', 'aayush'), ('XDG_SESSION_TYPE', 'wayland'), ('SHLVL', '1'), ('LD_LIBRARY_PATH', '/home/aayush/eYRC/Software/workspace/install/shape_interface/lib:/home/aayush/eYRC/Software/workspace/install/hb_description/lib:/opt/ros/humble/opt/rviz_ogre_vendor/lib:/opt/ros/humble/lib/x86_64-linux-gnu:/opt/ros/humble/lib:/opt/mujoco/lib'), ('HOME', '/home/aayush'), ('OLDPWD', '/home/aayush/eYRC/Software/workspace/src'), ('DESKTOP_SESSION', 'ubuntu'), ('ROS_PYTHON_VERSION', '3'), ('GNOME_SHELL_SESSION_MODE', 'ubuntu'), ('GTK_MODULES', 'gail:atk-bridge'), ('SYSTEMD_EXEC_PID', '1744'), ('DBUS_SESSION_BUS_ADDRESS', 'unix:path=/run/user/1000/bus'), ('COLORTERM', 'truecolor'), ('IM_CONFIG_PHASE', '1'), ('WAYLAND_DISPLAY', 'wayland-0'), ('COLCON_PREFIX_PATH', '/home/aayush/eYRC/Software/workspace/install'), ('ROS_DISTRO', 'humble'), ('LOGNAME', 'aayush'), ('_', '/usr/bin/colcon'), ('ROS_VERSION', '2'), ('XDG_SESSION_CLASS', 'user'), ('MUJOCO_HOME', '/opt/mujoco'), ('USERNAME', 'aayush'), ('TERM', 'xterm-256color'), ('GNOME_DESKTOP_SESSION_ID', 'this-is-deprecated'), ('ROS_LOCALHOST_ONLY', '0'), ('PATH', '/opt/ros/humble/bin:/usr/local/sbin:/usr/local/bin:/usr/sbin:/usr/bin:/sbin:/bin:/usr/games:/usr/local/games:/snap/bin:/snap/bin:/opt/mujoco/bin'), ('SESSION_MANAGER', 'local/aayush-Inspiron-15-3530:@/tmp/.ICE-unix/1526,unix/aayush-Inspiron-15-3530:/tmp/.ICE-unix/1526'), ('XDG_MENU_PREFIX', 'gnome-'), ('GNOME_TERMINAL_SCREEN', '/org/gnome/Terminal/screen/3aef74fe_2e12_4c3d_a376_35801467e145'), ('GNOME_SETUP_DISPLAY', ':1'), ('XDG_RUNTIME_DIR', '/run/user/1000'), ('DISPLAY', ':0'), ('LANG', 'en_US.UTF-8'), ('XDG_CURRENT_DESKTOP', 'ubuntu:GNOME'), ('XMODIFIERS', '@im=ibus'), ('XDG_SESSION_DESKTOP', 'ubuntu'), ('XAUTHORITY', '/run/user/1000/.mutter-Xwaylandauth.2VPZW3'), ('LS_COLORS', 'rs=0:di=01;34:ln=01;36:mh=00:pi=40;33:so=01;35:do=01;35:bd=40;33;01:cd=40;33;01:or=40;31;01:mi=00:su=37;41:sg=30;43:ca=30;41:tw=30;42:ow=34;42:st=37;44:ex=01;32:*.tar=01;31:*.tgz=01;31:*.arc=01;31:*.arj=01;31:*.taz=01;31:*.lha=01;31:*.lz4=01;31:*.lzh=01;31:*.lzma=01;31:*.tlz=01;31:*.txz=01;31:*.tzo=01;31:*.t7z=01;31:*.zip=01;31:*.z=01;31:*.dz=01;31:*.gz=01;31:*.lrz=01;31:*.lz=01;31:*.lzo=01;31:*.xz=01;31:*.zst=01;31:*.tzst=01;31:*.bz2=01;31:*.bz=01;31:*.tbz=01;31:*.tbz2=01;31:*.tz=01;31:*.deb=01;31:*.rpm=01;31:*.jar=01;31:*.war=01;31:*.ear=01;31:*.sar=01;31:*.rar=01;31:*.alz=01;31:*.ace=01;31:*.zoo=01;31:*.cpio=01;31:*.7z=01;31:*.rz=01;31:*.cab=01;31:*.wim=01;31:*.swm=01;31:*.dwm=01;31:*.esd=01;31:*.jpg=01;35:*.jpeg=01;35:*.mjpg=01;35:*.mjpeg=01;35:*.gif=01;35:*.bmp=01;35:*.pbm=01;35:*.pgm=01;35:*.ppm=01;35:*.tga=01;35:*.xbm=01;35:*.xpm=01;35:*.tif=01;35:*.tiff=01;35:*.png=01;35:*.svg=01;35:*.svgz=01;35:*.mng=01;35:*.pcx=01;35:*.mov=01;35:*.mpg=01;35:*.mpeg=01;35:*.m2v=01;35:*.mkv=01;35:*.webm=01;35:*.webp=01;35:*.ogm=01;35:*.mp4=01;35:*.m4v=01;35:*.mp4v=01;35:*.vob=01;35:*.qt=01;35:*.nuv=01;35:*.wmv=01;35:*.asf=01;35:*.rm=01;35:*.rmvb=01;35:*.flc=01;35:*.avi=01;35:*.fli=01;35:*.flv=01;35:*.gl=01;35:*.dl=01;35:*.xcf=01;35:*.xwd=01;35:*.yuv=01;35:*.cgm=01;35:*.emf=01;35:*.ogv=01;35:*.ogx=01;35:*.aac=00;36:*.au=00;36:*.flac=00;36:*.m4a=00;36:*.mid=00;36:*.midi=00;36:*.mka=00;36:*.mp3=00;36:*.mpc=00;36:*.ogg=00;36:*.ra=00;36:*.wav=00;36:*.oga=00;36:*.opus=00;36:*.spx=00;36:*.xspf=00;36:'), ('GNOME_TERMINAL_SERVICE', ':1.102'), ('SSH_AGENT_LAUNCHER', 'gnome-keyring'), ('SSH_AUTH_SOCK', '/run/user/1000/keyring/ssh'), ('AMENT_PREFIX_PATH', '/home/aayush/eYRC/Software/workspace/install/task_1c:/home/aayush/eYRC/Software/workspace/install/task_1b:/home/aayush/eYRC/Software/workspace/install/hb_description:/home/aayush/eYRC/Software/workspace/install/task_1a:/home/aayush/eYRC/Software/workspace/install/shape_interface:/opt/ros/humble'), ('SHELL', '/bin/bash'), ('QT_ACCESSIBILITY', '1'), ('GDMSESSION', 'ubuntu'), ('LESSCLOSE', '/usr/bin/lesspipe %s %s'), ('QT_IM_MODULE', 'ibus'), ('PWD', '/home/aayush/eYRC/Software/workspace/build/task_1a'), ('LC_ALL', 'en_US.UTF-8'), ('XDG_CONFIG_DIRS', '/etc/xdg/xdg-ubuntu:/etc/xdg'), ('XDG_DATA_DIRS', '/usr/share/ubuntu:/usr/local/share/:/usr/share/:/var/lib/snapd/desktop'), ('PYTHONPATH', '/home/aayush/eYRC/Software/workspace/install/task_1b/local/lib/python3.10/dist-packages:/home/aayush/eYRC/Software/workspace/install/task_1a/local/lib/python3.10/dist-packages:/home/aayush/eYRC/Software/workspace/install/shape_interface/local/lib/python3.10/dist-packages:/opt/ros/humble/lib/python3.10/site-packages:/opt/ros/humble/local/lib/python3.10/dist-packages'), ('COLCON', '1'), ('VTE_VERSION', '6800'), ('CMAKE_PREFIX_PATH', '/home/aayush/eYRC/Software/workspace/install/shape_interface:/home/aayush/eYRC/Software/workspace/install/task_1c:/home/aayush/eYRC/Software/workspace/install/task_1b:/home/aayush/eYRC/Software/workspace/install/hb_description:/home/aayush/eYRC/Software/workspace/install/task_1a:/opt/ros/humble')]), 'shell': False}
[0.720314] (task_1c) JobProgress: {'identifier': 'task_1c', 'progress': 'cmake'}
[0.720659] (task_1c) JobProgress: {'identifier': 'task_1c', 'progress': 'build'}
[0.720800] (task_1c) Command: {'cmd': ['/usr/bin/cmake', '--build', '/home/aayush/eYRC/Software/workspace/build/task_1c', '--', '-j6', '-l6'], 'cwd': '/home/aayush/eYRC/Software/workspace/build/task_1c', 'env': OrderedDict([('LESSOPEN', '| /usr/bin/lesspipe %s'), ('LANGUAGE', 'en_IN:en'), ('USER', 'aayush'), ('XDG_SESSION_TYPE', 'wayland'), ('SHLVL', '1'), ('LD_LIBRARY_PATH', '/home/aayush/eYRC/Software/workspace/install/shape_interface/lib:/home/aayush/eYRC/Software/workspace/install/hb_description/lib:/opt/ros/humble/opt/rviz_ogre_vendor/lib:/opt/ros/humble/lib/x86_64-linux-gnu:/opt/ros/humble/lib:/opt/mujoco/lib'), ('HOME', '/home/aayush'), ('OLDPWD', '/home/aayush/eYRC/Software/workspace/src'), ('DESKTOP_SESSION', 'ubuntu'), ('ROS_PYTHON_VERSION', '3'), ('GNOME_SHELL_SESSION_MODE', 'ubuntu'), ('GTK_MODULES', 'gail:atk-bridge'), ('SYSTEMD_EXEC_PID', '1744'), ('DBUS_SESSION_BUS_ADDRESS', 'unix:path=/run/user/1000/bus'), ('COLORTERM', 'truecolor'), ('IM_CONFIG_PHASE', '1'), ('WAYLAND_DISPLAY', 'wayland-0'), ('COLCON_PREFIX_PATH', '/home/aayush/eYRC/Software/workspace/install'), ('ROS_DISTRO', 'humble'), ('LOGNAME', 'aayush'), ('_', '/usr/bin/colcon'), ('ROS_VERSION', '2'), ('XDG_SESSION_CLASS', 'user'), ('MUJOCO_HOME', '/opt/mujoco'), ('USERNAME', 'aayush'), ('TERM', 'xterm-256color'), ('GNOME_DESKTOP_SESSION_ID', 'this-is-deprecated'), ('ROS_LOCALHOST_ONLY', '0'), ('PATH', '/opt/ros/humble/bin:/usr/local/sbin:/usr/local/bin:/usr/sbin:/usr/bin:/sbin:/bin:/usr/games:/usr/local/games:/snap/bin:/snap/bin:/opt/mujoco/bin'), ('SESSION_MANAGER', 'local/aayush-Inspiron-15-3530:@/tmp/.ICE-unix/1526,unix/aayush-Inspiron-15-3530:/tmp/.ICE-unix/1526'), ('XDG_MENU_PREFIX', 'gnome-'), ('GNOME_TERMINAL_SCREEN', '/org/gnome/Terminal/screen/3aef74fe_2e12_4c3d_a376_35801467e145'), ('GNOME_SETUP_DISPLAY', ':1'), ('XDG_RUNTIME_DIR', '/run/user/1000'), ('DISPLAY', ':0'), ('LANG', 'en_US.UTF-8'), ('XDG_CURRENT_DESKTOP', 'ubuntu:GNOME'), ('XMODIFIERS', '@im=ibus'), ('XDG_SESSION_DESKTOP', 'ubuntu'), ('XAUTHORITY', '/run/user/1000/.mutter-Xwaylandauth.2VPZW3'), ('LS_COLORS', 'rs=0:di=01;34:ln=01;36:mh=00:pi=40;33:so=01;35:do=01;35:bd=40;33;01:cd=40;33;01:or=40;31;01:mi=00:su=37;41:sg=30;43:ca=30;41:tw=30;42:ow=34;42:st=37;44:ex=01;32:*.tar=01;31:*.tgz=01;31:*.arc=01;31:*.arj=01;31:*.taz=01;31:*.lha=01;31:*.lz4=01;31:*.lzh=01;31:*.lzma=01;31:*.tlz=01;31:*.txz=01;31:*.tzo=01;31:*.t7z=01;31:*.zip=01;31:*.z=01;31:*.dz=01;31:*.gz=01;31:*.lrz=01;31:*.lz=01;31:*.lzo=01;31:*.xz=01;31:*.zst=01;31:*.tzst=01;31:*.bz2=01;31:*.bz=01;31:*.tbz=01;31:*.tbz2=01;31:*.tz=01;31:*.deb=01;31:*.rpm=01;31:*.jar=01;31:*.war=01;31:*.ear=01;31:*.sar=01;31:*.rar=01;31:*.alz=01;31:*.ace=01;31:*.zoo=01;31:*.cpio=01;31:*.7z=01;31:*.rz=01;31:*.cab=01;31:*.wim=01;31:*.swm=01;31:*.dwm=01;31:*.esd=01;31:*.jpg=01;35:*.jpeg=01;35:*.mjpg=01;35:*.mjpeg=01;35:*.gif=01;35:*.bmp=01;35:*.pbm=01;35:*.pgm=01;35:*.ppm=01;35:*.tga=01;35:*.xbm=01;35:*.xpm=01;35:*.tif=01;35:*.tiff=01;35:*.png=01;35:*.svg=01;35:*.svgz=01;35:*.mng=01;35:*.pcx=01;35:*.mov=01;35:*.mpg=01;35:*.mpeg=01;35:*.m2v=01;35:*.mkv=01;35:*.webm=01;35:*.webp=01;35:*.ogm=01;35:*.mp4=01;35:*.m4v=01;35:*.mp4v=01;35:*.vob=01;35:*.qt=01;35:*.nuv=01;35:*.wmv=01;35:*.asf=01;35:*.rm=01;35:*.rmvb=01;35:*.flc=01;35:*.avi=01;35:*.fli=01;35:*.flv=01;35:*.gl=01;35:*.dl=01;35:*.xcf=01;35:*.xwd=01;35:*.yuv=01;35:*.cgm=01;35:*.emf=01;35:*.ogv=01;35:*.ogx=01;35:*.aac=00;36:*.au=00;36:*.flac=00;36:*.m4a=00;36:*.mid=00;36:*.midi=00;36:*.mka=00;36:*.mp3=00;36:*.mpc=00;36:*.ogg=00;36:*.ra=00;36:*.wav=00;36:*.oga=00;36:*.opus=00;36:*.spx=00;36:*.xspf=00;36:'), ('GNOME_TERMINAL_SERVICE', ':1.102'), ('SSH_AGENT_LAUNCHER', 'gnome-keyring'), ('SSH_AUTH_SOCK', '/run/user/1000/keyring/ssh'), ('AMENT_PREFIX_PATH', '/home/aayush/eYRC/Software/workspace/install/task_1c:/home/aayush/eYRC/Software/workspace/install/task_1b:/home/aayush/eYRC/Software/workspace/install/hb_description:/home/aayush/eYRC/Software/workspace/install/task_1a:/home/aayush/eYRC/Software/workspace/install/shape_interface:/opt/ros/humble'), ('SHELL', '/bin/bash'), ('QT_ACCESSIBILITY', '1'), ('GDMSESSION', 'ubuntu'), ('LESSCLOSE', '/usr/bin/lesspipe %s %s'), ('QT_IM_MODULE', 'ibus'), ('PWD', '/home/aayush/eYRC/Software/workspace/build/task_1c'), ('LC_ALL', 'en_US.UTF-8'), ('XDG_CONFIG_DIRS', '/etc/xdg/xdg-ubuntu:/etc/xdg'), ('XDG_DATA_DIRS', '/usr/share/ubuntu:/usr/local/share/:/usr/share/:/var/lib/snapd/desktop'), ('PYTHONPATH', '/home/aayush/eYRC/Software/workspace/install/task_1b/local/lib/python3.10/dist-packages:/home/aayush/eYRC/Software/workspace/install/task_1a/local/lib/python3.10/dist-packages:/home/aayush/eYRC/Software/workspace/install/shape_interface/local/lib/python3.10/dist-packages:/opt/ros/humble/lib/python3.10/site-packages:/opt/ros/humble/local/lib/python3.10/dist-packages'), ('COLCON', '1'), ('VTE_VERSION', '6800'), ('CMAKE_PREFIX_PATH', '/home/aayush/eYRC/Software/workspace/install/shape_interface:/home/aayush/eYRC/Software/workspace/install/task_1c:/home/aayush/eYRC/Software/workspace/install/task_1b:/home/aayush/eYRC/Software/workspace/install/hb_description:/home/aayush/eYRC/Software/workspace/install/task_1a:/opt/ros/humble')]), 'shell': False}
[0.759185] (task_1c) CommandEnded: {'returncode': 0}
[0.759881] (task_1c) JobProgress: {'identifier': 'task_1c', 'progress': 'install'}
[0.760058] (task_1c) Command: {'cmd': ['/usr/bin/cmake', '--install', '/home/aayush/eYRC/Software/workspace/build/task_1c'], 'cwd': '/home/aayush/eYRC/Software/workspace/build/task_1c', 'env': OrderedDict([('LESSOPEN', '| /usr/bin/lesspipe %s'), ('LANGUAGE', 'en_IN:en'), ('USER', 'aayush'), ('XDG_SESSION_TYPE', 'wayland'), ('SHLVL', '1'), ('LD_LIBRARY_PATH', '/home/aayush/eYRC/Software/workspace/install/shape_interface/lib:/home/aayush/eYRC/Software/workspace/install/hb_description/lib:/opt/ros/humble/opt/rviz_ogre_vendor/lib:/opt/ros/humble/lib/x86_64-linux-gnu:/opt/ros/humble/lib:/opt/mujoco/lib'), ('HOME', '/home/aayush'), ('OLDPWD', '/home/aayush/eYRC/Software/workspace/src'), ('DESKTOP_SESSION', 'ubuntu'), ('ROS_PYTHON_VERSION', '3'), ('GNOME_SHELL_SESSION_MODE', 'ubuntu'), ('GTK_MODULES', 'gail:atk-bridge'), ('SYSTEMD_EXEC_PID', '1744'), ('DBUS_SESSION_BUS_ADDRESS', 'unix:path=/run/user/1000/bus'), ('COLORTERM', 'truecolor'), ('IM_CONFIG_PHASE', '1'), ('WAYLAND_DISPLAY', 'wayland-0'), ('COLCON_PREFIX_PATH', '/home/aayush/eYRC/Software/workspace/install'), ('ROS_DISTRO', 'humble'), ('LOGNAME', 'aayush'), ('_', '/usr/bin/colcon'), ('ROS_VERSION', '2'), ('XDG_SESSION_CLASS', 'user'), ('MUJOCO_HOME', '/opt/mujoco'), ('USERNAME', 'aayush'), ('TERM', 'xterm-256color'), ('GNOME_DESKTOP_SESSION_ID', 'this-is-deprecated'), ('ROS_LOCALHOST_ONLY', '0'), ('PATH', '/opt/ros/humble/bin:/usr/local/sbin:/usr/local/bin:/usr/sbin:/usr/bin:/sbin:/bin:/usr/games:/usr/local/games:/snap/bin:/snap/bin:/opt/mujoco/bin'), ('SESSION_MANAGER', 'local/aayush-Inspiron-15-3530:@/tmp/.ICE-unix/1526,unix/aayush-Inspiron-15-3530:/tmp/.ICE-unix/1526'), ('XDG_MENU_PREFIX', 'gnome-'), ('GNOME_TERMINAL_SCREEN', '/org/gnome/Terminal/screen/3aef74fe_2e12_4c3d_a376_35801467e145'), ('GNOME_SETUP_DISPLAY', ':1'), ('XDG_RUNTIME_DIR', '/run/user/1000'), ('DISPLAY', ':0'), ('LANG', 'en_US.UTF-8'), ('XDG_CURRENT_DESKTOP', 'ubuntu:GNOME'), ('XMODIFIERS', '@im=ibus'), ('XDG_SESSION_DESKTOP', 'ubuntu'), ('XAUTHORITY', '/run/user/1000/.mutter-Xwaylandauth.2VPZW3'), ('LS_COLORS', 'rs=0:di=01;34:ln=01;36:mh=00:pi=40;33:so=01;35:do=01;35:bd=40;33;01:cd=40;33;01:or=40;31;01:mi=00:su=37;41:sg=30;43:ca=30;41:tw=30;42:ow=34;42:st=37;44:ex=01;32:*.tar=01;31:*.tgz=01;31:*.arc=01;31:*.arj=01;31:*.taz=01;31:*.lha=01;31:*.lz4=01;31:*.lzh=01;31:*.lzma=01;31:*.tlz=01;31:*.txz=01;31:*.tzo=01;31:*.t7z=01;31:*.zip=01;31:*.z=01;31:*.dz=01;31:*.gz=01;31:*.lrz=01;31:*.lz=01;31:*.lzo=01;31:*.xz=01;31:*.zst=01;31:*.tzst=01;31:*.bz2=01;31:*.bz=01;31:*.tbz=01;31:*.tbz2=01;31:*.tz=01;31:*.deb=01;31:*.rpm=01;31:*.jar=01;31:*.war=01;31:*.ear=01;31:*.sar=01;31:*.rar=01;31:*.alz=01;31:*.ace=01;31:*.zoo=01;31:*.cpio=01;31:*.7z=01;31:*.rz=01;31:*.cab=01;31:*.wim=01;31:*.swm=01;31:*.dwm=01;31:*.esd=01;31:*.jpg=01;35:*.jpeg=01;35:*.mjpg=01;35:*.mjpeg=01;35:*.gif=01;35:*.bmp=01;35:*.pbm=01;35:*.pgm=01;35:*.ppm=01;35:*.tga=01;35:*.xbm=01;35:*.xpm=01;35:*.tif=01;35:*.tiff=01;35:*.png=01;35:*.svg=01;35:*.svgz=01;35:*.mng=01;35:*.pcx=01;35:*.mov=01;35:*.mpg=01;35:*.mpeg=01;35:*.m2v=01;35:*.mkv=01;35:*.webm=01;35:*.webp=01;35:*.ogm=01;35:*.mp4=01;35:*.m4v=01;35:*.mp4v=01;35:*.vob=01;35:*.qt=01;35:*.nuv=01;35:*.wmv=01;35:*.asf=01;35:*.rm=01;35:*.rmvb=01;35:*.flc=01;35:*.avi=01;35:*.fli=01;35:*.flv=01;35:*.gl=01;35:*.dl=01;35:*.xcf=01;35:*.xwd=01;35:*.yuv=01;35:*.cgm=01;35:*.emf=01;35:*.ogv=01;35:*.ogx=01;35:*.aac=00;36:*.au=00;36:*.flac=00;36:*.m4a=00;36:*.mid=00;36:*.midi=00;36:*.mka=00;36:*.mp3=00;36:*.mpc=00;36:*.ogg=00;36:*.ra=00;36:*.wav=00;36:*.oga=00;36:*.opus=00;36:*.spx=00;36:*.xspf=00;36:'), ('GNOME_TERMINAL_SERVICE', ':1.102'), ('SSH_AGENT_LAUNCHER', 'gnome-keyring'), ('SSH_AUTH_SOCK', '/run/user/1000/keyring/ssh'), ('AMENT_PREFIX_PATH', '/home/aayush/eYRC/Software/workspace/install/task_1c:/home/aayush/eYRC/Software/workspace/install/task_1b:/home/aayush/eYRC/Software/workspace/install/hb_description:/home/aayush/eYRC/Software/workspace/install/task_1a:/home/aayush/eYRC/Software/workspace/install/shape_interface:/opt/ros/humble'), ('SHELL', '/bin/bash'), ('QT_ACCESSIBILITY', '1'), ('GDMSESSION', 'ubuntu'), ('LESSCLOSE', '/usr/bin/lesspipe %s %s'), ('QT_IM_MODULE', 'ibus'), ('PWD', '/home/aayush/eYRC/Software/workspace/build/task_1c'), ('LC_ALL', 'en_US.UTF-8'), ('XDG_CONFIG_DIRS', '/etc/xdg/xdg-ubuntu:/etc/xdg'), ('XDG_DATA_DIRS', '/usr/share/ubuntu:/usr/local/share/:/usr/share/:/var/lib/snapd/desktop'), ('PYTHONPATH', '/home/aayush/eYRC/Software/workspace/install/task_1b/local/lib/python3.10/dist-packages:/home/aayush/eYRC/Software/workspace/install/task_1a/local/lib/python3.10/dist-packages:/home/aayush/eYRC/Software/workspace/install/shape_interface/local/lib/python3.10/dist-packages:/opt/ros/humble/lib/python3.10/site-packages:/opt/ros/humble/local/lib/python3.10/dist-packages'), ('COLCON', '1'), ('VTE_VERSION', '6800'), ('CMAKE_PREFIX_PATH', '/home/aayush/eYRC/Software/workspace/install/shape_interface:/home/aayush/eYRC/Software/workspace/install/task_1c:/home/aayush/eYRC/Software/workspace/install/task_1b:/home/aayush/eYRC/Software/workspace/install/hb_description:/home/aayush/eYRC/Software/workspace/install/task_1a:/opt/ros/humble')]), 'shell': False}
[0.768100] (task_1c) StdoutLine: {'line': b'-- Install configuration: ""\n'}
[0.768455] (task_1c) StdoutLine: {'line': b'-- Up-to-date: /home/aayush/eYRC/Software/workspace/install/task_1c/lib/task_1c/sim_control\n'}
[0.768568] (task_1c) StdoutLine: {'line': b'-- Up-to-date: /home/aayush/eYRC/Software/workspace/install/task_1c/lib/task_1c/shape_service\n'}
[0.768654] (task_1c) StdoutLine: {'line': b'-- Up-to-date: /home/aayush/eYRC/Software/workspace/install/task_1c/share/ament_index/resource_index/package_run_dependencies/task_1c\n'}
[0.768719] (task_1c) StdoutLine: {'line': b'-- Up-to-date: /home/aayush/eYRC/Software/workspace/install/task_1c/share/ament_index/resource_index/parent_prefix_path/task_1c\n'}
[0.768783] (task_1c) StdoutLine: {'line': b'-- Up-to-date: /home/aayush/eYRC/Software/workspace/install/task_1c/share/task_1c/environment/ament_prefix_path.sh\n'}
[0.768857] (task_1c) StdoutLine: {'line': b'-- Up-to-date: /home/aayush/eYRC/Software/workspace/install/task_1c/share/task_1c/environment/ament_prefix_path.dsv\n'}
[0.768957] (task_1c) StdoutLine: {'line': b'-- Up-to-date: /home/aayush/eYRC/Software/workspace/install/task_1c/share/task_1c/environment/path.sh\n'}
[0.769035] (task_1c) StdoutLine: {'line': b'-- Up-to-date: /home/aayush/eYRC/Software/workspace/install/task_1c/share/task_1c/environment/path.dsv\n'}
[0.769099] (task_1c) StdoutLine: {'line': b'-- Up-to-date: /home/aayush/eYRC/Software/workspace/install/task_1c/share/task_1c/local_setup.bash\n'}
[0.769162] (task_1c) StdoutLine: {'line': b'-- Up-to-date: /home/aayush/eYRC/Software/workspace/install/task_1c/share/task_1c/local_setup.sh\n'}
[0.769223] (task_1c) StdoutLine: {'line': b'-- Up-to-date: /home/aayush/eYRC/Software/workspace/install/task_1c/share/task_1c/local_setup.zsh\n'}
[0.769286] (task_1c) StdoutLine: {'line': b'-- Up-to-date: /home/aayush/eYRC/Software/workspace/install/task_1c/share/task_1c/local_setup.dsv\n'}
[0.769348] (task_1c) StdoutLine: {'line': b'-- Installing: /home/aayush/eYRC/Software/workspace/install/task_1c/share/task_1c/package.dsv\n'}
[0.769409] (task_1c) StdoutLine: {'line': b'-- Up-to-date: /home/aayush/eYRC/Software/workspace/install/task_1c/share/ament_index/resource_index/packages/task_1c\n'}
[0.769474] (task_1c) StdoutLine: {'line': b'-- Up-to-date: /home/aayush/eYRC/Software/workspace/install/task_1c/share/task_1c/cmake/task_1cConfig.cmake\n'}
[0.769537] (task_1c) StdoutLine: {'line': b'-- Up-to-date: /home/aayush/eYRC/Software/workspace/install/task_1c/share/task_1c/cmake/task_1cConfig-version.cmake\n'}
[0.769632] (task_1c) StdoutLine: {'line': b'-- Up-to-date: /home/aayush/eYRC/Software/workspace/install/task_1c/share/task_1c/package.xml\n'}
[0.770565] (task_1c) CommandEnded: {'returncode': 0}
[0.772341] (task_1a) StdoutLine: {'line': b'Built target ament_cmake_python_copy_task_1a\n'}
[0.778971] (task_1c) JobEnded: {'identifier': 'task_1c', 'rc': 0}
[0.801435] (-) TimerEvent: {}
[0.901746] (-) TimerEvent: {}
[0.930917] (task_1a) StdoutLine: {'line': b'running egg_info\n'}
[0.932003] (task_1a) StdoutLine: {'line': b'writing task_1a.egg-info/PKG-INFO\n'}
[0.932290] (task_1a) StdoutLine: {'line': b'writing dependency_links to task_1a.egg-info/dependency_links.txt\n'}
[0.932836] (task_1a) StdoutLine: {'line': b'writing top-level names to task_1a.egg-info/top_level.txt\n'}
[0.935949] (task_1a) StdoutLine: {'line': b"reading manifest file 'task_1a.egg-info/SOURCES.txt'\n"}
[0.936447] (task_1a) StdoutLine: {'line': b"writing manifest file 'task_1a.egg-info/SOURCES.txt'\n"}
[0.988306] (task_1a) StdoutLine: {'line': b'Built target ament_cmake_python_build_task_1a_egg\n'}
[1.000409] (task_1a) CommandEnded: {'returncode': 0}
[1.001050] (task_1a) JobProgress: {'identifier': 'task_1a', 'progress': 'install'}
[1.001195] (task_1a) Command: {'cmd': ['/usr/bin/cmake', '--install', '/home/aayush/eYRC/Software/workspace/build/task_1a'], 'cwd': '/home/aayush/eYRC/Software/workspace/build/task_1a', 'env': OrderedDict([('LESSOPEN', '| /usr/bin/lesspipe %s'), ('LANGUAGE', 'en_IN:en'), ('USER', 'aayush'), ('XDG_SESSION_TYPE', 'wayland'), ('SHLVL', '1'), ('LD_LIBRARY_PATH', '/home/aayush/eYRC/Software/workspace/install/shape_interface/lib:/home/aayush/eYRC/Software/workspace/install/hb_description/lib:/opt/ros/humble/opt/rviz_ogre_vendor/lib:/opt/ros/humble/lib/x86_64-linux-gnu:/opt/ros/humble/lib:/opt/mujoco/lib'), ('HOME', '/home/aayush'), ('OLDPWD', '/home/aayush/eYRC/Software/workspace/src'), ('DESKTOP_SESSION', 'ubuntu'), ('ROS_PYTHON_VERSION', '3'), ('GNOME_SHELL_SESSION_MODE', 'ubuntu'), ('GTK_MODULES', 'gail:atk-bridge'), ('SYSTEMD_EXEC_PID', '1744'), ('DBUS_SESSION_BUS_ADDRESS', 'unix:path=/run/user/1000/bus'), ('COLORTERM', 'truecolor'), ('IM_CONFIG_PHASE', '1'), ('WAYLAND_DISPLAY', 'wayland-0'), ('COLCON_PREFIX_PATH', '/home/aayush/eYRC/Software/workspace/install'), ('ROS_DISTRO', 'humble'), ('LOGNAME', 'aayush'), ('_', '/usr/bin/colcon'), ('ROS_VERSION', '2'), ('XDG_SESSION_CLASS', 'user'), ('MUJOCO_HOME', '/opt/mujoco'), ('USERNAME', 'aayush'), ('TERM', 'xterm-256color'), ('GNOME_DESKTOP_SESSION_ID', 'this-is-deprecated'), ('ROS_LOCALHOST_ONLY', '0'), ('PATH', '/opt/ros/humble/bin:/usr/local/sbin:/usr/local/bin:/usr/sbin:/usr/bin:/sbin:/bin:/usr/games:/usr/local/games:/snap/bin:/snap/bin:/opt/mujoco/bin'), ('SESSION_MANAGER', 'local/aayush-Inspiron-15-3530:@/tmp/.ICE-unix/1526,unix/aayush-Inspiron-15-3530:/tmp/.ICE-unix/1526'), ('XDG_MENU_PREFIX', 'gnome-'), ('GNOME_TERMINAL_SCREEN', '/org/gnome/Terminal/screen/3aef74fe_2e12_4c3d_a376_35801467e145'), ('GNOME_SETUP_DISPLAY', ':1'), ('XDG_RUNTIME_DIR', '/run/user/1000'), ('DISPLAY', ':0'), ('LANG', 'en_US.UTF-8'), ('XDG_CURRENT_DESKTOP', 'ubuntu:GNOME'), ('XMODIFIERS', '@im=ibus'), ('XDG_SESSION_DESKTOP', 'ubuntu'), ('XAUTHORITY', '/run/user/1000/.mutter-Xwaylandauth.2VPZW3'), ('LS_COLORS', 'rs=0:di=01;34:ln=01;36:mh=00:pi=40;33:so=01;35:do=01;35:bd=40;33;01:cd=40;33;01:or=40;31;01:mi=00:su=37;41:sg=30;43:ca=30;41:tw=30;42:ow=34;42:st=37;44:ex=01;32:*.tar=01;31:*.tgz=01;31:*.arc=01;31:*.arj=01;31:*.taz=01;31:*.lha=01;31:*.lz4=01;31:*.lzh=01;31:*.lzma=01;31:*.tlz=01;31:*.txz=01;31:*.tzo=01;31:*.t7z=01;31:*.zip=01;31:*.z=01;31:*.dz=01;31:*.gz=01;31:*.lrz=01;31:*.lz=01;31:*.lzo=01;31:*.xz=01;31:*.zst=01;31:*.tzst=01;31:*.bz2=01;31:*.bz=01;31:*.tbz=01;31:*.tbz2=01;31:*.tz=01;31:*.deb=01;31:*.rpm=01;31:*.jar=01;31:*.war=01;31:*.ear=01;31:*.sar=01;31:*.rar=01;31:*.alz=01;31:*.ace=01;31:*.zoo=01;31:*.cpio=01;31:*.7z=01;31:*.rz=01;31:*.cab=01;31:*.wim=01;31:*.swm=01;31:*.dwm=01;31:*.esd=01;31:*.jpg=01;35:*.jpeg=01;35:*.mjpg=01;35:*.mjpeg=01;35:*.gif=01;35:*.bmp=01;35:*.pbm=01;35:*.pgm=01;35:*.ppm=01;35:*.tga=01;35:*.xbm=01;35:*.xpm=01;35:*.tif=01;35:*.tiff=01;35:*.png=01;35:*.svg=01;35:*.svgz=01;35:*.mng=01;35:*.pcx=01;35:*.mov=01;35:*.mpg=01;35:*.mpeg=01;35:*.m2v=01;35:*.mkv=01;35:*.webm=01;35:*.webp=01;35:*.ogm=01;35:*.mp4=01;35:*.m4v=01;35:*.mp4v=01;35:*.vob=01;35:*.qt=01;35:*.nuv=01;35:*.wmv=01;35:*.asf=01;35:*.rm=01;35:*.rmvb=01;35:*.flc=01;35:*.avi=01;35:*.fli=01;35:*.flv=01;35:*.gl=01;35:*.dl=01;35:*.xcf=01;35:*.xwd=01;35:*.yuv=01;35:*.cgm=01;35:*.emf=01;35:*.ogv=01;35:*.ogx=01;35:*.aac=00;36:*.au=00;36:*.flac=00;36:*.m4a=00;36:*.mid=00;36:*.midi=00;36:*.mka=00;36:*.mp3=00;36:*.mpc=00;36:*.ogg=00;36:*.ra=00;36:*.wav=00;36:*.oga=00;36:*.opus=00;36:*.spx=00;36:*.xspf=00;36:'), ('GNOME_TERMINAL_SERVICE', ':1.102'), ('SSH_AGENT_LAUNCHER', 'gnome-keyring'), ('SSH_AUTH_SOCK', '/run/user/1000/keyring/ssh'), ('AMENT_PREFIX_PATH', '/home/aayush/eYRC/Software/workspace/install/task_1c:/home/aayush/eYRC/Software/workspace/install/task_1b:/home/aayush/eYRC/Software/workspace/install/hb_description:/home/aayush/eYRC/Software/workspace/install/task_1a:/home/aayush/eYRC/Software/workspace/install/shape_interface:/opt/ros/humble'), ('SHELL', '/bin/bash'), ('QT_ACCESSIBILITY', '1'), ('GDMSESSION', 'ubuntu'), ('LESSCLOSE', '/usr/bin/lesspipe %s %s'), ('QT_IM_MODULE', 'ibus'), ('PWD', '/home/aayush/eYRC/Software/workspace/build/task_1a'), ('LC_ALL', 'en_US.UTF-8'), ('XDG_CONFIG_DIRS', '/etc/xdg/xdg-ubuntu:/etc/xdg'), ('XDG_DATA_DIRS', '/usr/share/ubuntu:/usr/local/share/:/usr/share/:/var/lib/snapd/desktop'), ('PYTHONPATH', '/home/aayush/eYRC/Software/workspace/install/task_1b/local/lib/python3.10/dist-packages:/home/aayush/eYRC/Software/workspace/install/task_1a/local/lib/python3.10/dist-packages:/home/aayush/eYRC/Software/workspace/install/shape_interface/local/lib/python3.10/dist-packages:/opt/ros/humble/lib/python3.10/site-packages:/opt/ros/humble/local/lib/python3.10/dist-packages'), ('COLCON', '1'), ('VTE_VERSION', '6800'), ('CMAKE_PREFIX_PATH', '/home/aayush/eYRC/Software/workspace/install/shape_interface:/home/aayush/eYRC/Software/workspace/install/task_1c:/home/aayush/eYRC/Software/workspace/install/task_1b:/home/aayush/eYRC/Software/workspace/install/hb_description:/home/aayush/eYRC/Software/workspace/install/task_1a:/opt/ros/humble')]), 'shell': False}
[1.001759] (-) TimerEvent: {}
[1.011235] (task_1a) StdoutLine: {'line': b'-- Install configuration: ""\n'}
[1.011555] (task_1a) StdoutLine: {'line': b'-- Up-to-date: /home/aayush/eYRC/Software/workspace/install/task_1a/lib/task_1a/pixel_to_world_service\n'}
[1.011633] (task_1a) StdoutLine: {'line': b'-- Up-to-date: /home/aayush/eYRC/Software/workspace/install/task_1a/share/task_1a/environment/pythonpath.sh\n'}
[1.011722] (task_1a) StdoutLine: {'line': b'-- Up-to-date: /home/aayush/eYRC/Software/workspace/install/task_1a/share/task_1a/environment/pythonpath.dsv\n'}
[1.011804] (task_1a) StdoutLine: {'line': b'-- Up-to-date: /home/aayush/eYRC/Software/workspace/install/task_1a/local/lib/python3.10/dist-packages/task_1a-0.0.1-py3.10.egg-info\n'}
[1.011868] (task_1a) StdoutLine: {'line': b'-- Installing: /home/aayush/eYRC/Software/workspace/install/task_1a/local/lib/python3.10/dist-packages/task_1a-0.0.1-py3.10.egg-info/SOURCES.txt\n'}
[1.011957] (task_1a) StdoutLine: {'line': b'-- Installing: /home/aayush/eYRC/Software/workspace/install/task_1a/local/lib/python3.10/dist-packages/task_1a-0.0.1-py3.10.egg-info/top_level.txt\n'}
[1.012036] (task_1a) StdoutLine: {'line': b'-- Installing: /home/aayush/eYRC/Software/workspace/install/task_1a/local/lib/python3.10/dist-packages/task_1a-0.0.1-py3.10.egg-info/PKG-INFO\n'}
[1.012099] (task_1a) StdoutLine: {'line': b'-- Installing: /home/aayush/eYRC/Software/workspace/install/task_1a/local/lib/python3.10/dist-packages/task_1a-0.0.1-py3.10.egg-info/dependency_links.txt\n'}
[1.012182] (task_1a) StdoutLine: {'line': b'-- Up-to-date: /home/aayush/eYRC/Software/workspace/install/task_1a/local/lib/python3.10/dist-packages/task_1a\n'}
[1.012270] (task_1a) StdoutLine: {'line': b'-- Up-to-date: /home/aayush/eYRC/Software/workspace/install/task_1a/local/lib/python3.10/dist-packages/task_1a/__init__.py\n'}
[1.012333] (task_1a) StdoutLine: {'line': b'-- Up-to-date: /home/aayush/eYRC/Software/workspace/install/task_1a/local/lib/python3.10/dist-packages/task_1a/camera_detection_task1a_ready.py\n'}
[1.012400] (task_1a) StdoutLine: {'line': b'-- Installing: /home/aayush/eYRC/Software/workspace/install/task_1a/local/lib/python3.10/dist-packages/task_1a/camera_detection.py\n'}
[1.053256] (task_1a) StdoutLine: {'line': b"Listing '/home/aayush/eYRC/Software/workspace/install/task_1a/local/lib/python3.10/dist-packages/task_1a'...\n"}
[1.053702] (task_1a) StdoutLine: {'line': b"Compiling '/home/aayush/eYRC/Software/workspace/install/task_1a/local/lib/python3.10/dist-packages/task_1a/camera_detection.py'...\n"}
[1.057163] (task_1a) StdoutLine: {'line': b'-- Installing: /home/aayush/eYRC/Software/workspace/install/task_1a/lib/task_1a/camera_detection\n'}
[1.057836] (task_1a) StdoutLine: {'line': b'-- Up-to-date: /home/aayush/eYRC/Software/workspace/install/task_1a/share/ament_index/resource_index/package_run_dependencies/task_1a\n'}
[1.058003] (task_1a) StdoutLine: {'line': b'-- Up-to-date: /home/aayush/eYRC/Software/workspace/install/task_1a/share/ament_index/resource_index/parent_prefix_path/task_1a\n'}
[1.058074] (task_1a) StdoutLine: {'line': b'-- Up-to-date: /home/aayush/eYRC/Software/workspace/install/task_1a/share/task_1a/environment/ament_prefix_path.sh\n'}
[1.058139] (task_1a) StdoutLine: {'line': b'-- Up-to-date: /home/aayush/eYRC/Software/workspace/install/task_1a/share/task_1a/environment/ament_prefix_path.dsv\n'}
[1.058201] (task_1a) StdoutLine: {'line': b'-- Up-to-date: /home/aayush/eYRC/Software/workspace/install/task_1a/share/task_1a/environment/path.sh\n'}
[1.058262] (task_1a) StdoutLine: {'line': b'-- Up-to-date: /home/aayush/eYRC/Software/workspace/install/task_1a/share/task_1a/environment/path.dsv\n'}
[1.058349] (task_1a) StdoutLine: {'line': b'-- Up-to-date: /home/aayush/eYRC/Software/workspace/install/task_1a/share/task_1a/local_setup.bash\n'}
[1.058413] (task_1a) StdoutLine: {'line': b'-- Up-to-date: /home/aayush/eYRC/Software/workspace/install/task_1a/share/task_1a/local_setup.sh\n'}
[1.058614] (task_1a) StdoutLine: {'line': b'-- Up-to-date: /home/aayush/eYRC/Software/workspace/install/task_1a/share/task_1a/local_setup.zsh\n'}
[1.058737] (task_1a) StdoutLine: {'line': b'-- Up-to-date: /home/aayush/eYRC/Software/workspace/install/task_1a/share/task_1a/local_setup.dsv\n'}
[1.058810] (task_1a) StdoutLine: {'line': b'-- Installing: /home/aayush/eYRC/Software/workspace/install/task_1a/share/task_1a/package.dsv\n'}
[1.058875] (task_1a) StdoutLine: {'line': b'-- Up-to-date: /home/aayush/eYRC/Software/workspace/install/task_1a/share/ament_index/resource_index/packages/task_1a\n'}
[1.058964] (task_1a) StdoutLine: {'line': b'-- Up-to-date: /home/aayush/eYRC/Software/workspace/install/task_1a/share/task_1a/cmake/task_1aConfig.cmake\n'}
[1.059030] (task_1a) StdoutLine: {'line': b'-- Up-to-date: /home/aayush/eYRC/Software/workspace/install/task_1a/share/task_1a/cmake/task_1aConfig-version.cmake\n'}
[1.059091] (task_1a) StdoutLine: {'line': b'-- Up-to-date: /home/aayush/eYRC/Software/workspace/install/task_1a/share/task_1a/package.xml\n'}
[1.061422] (task_1a) CommandEnded: {'returncode': 0}
[1.070136] (task_1a) JobEnded: {'identifier': 'task_1a', 'rc': 0}
[1.071213] (hb_description) JobStarted: {'identifier': 'hb_description'}
[1.077023] (hb_description) JobProgress: {'identifier': 'hb_description', 'progress': 'cmake'}
[1.078296] (hb_description) JobProgress: {'identifier': 'hb_description', 'progress': 'build'}
[1.078448] (hb_description) Command: {'cmd': ['/usr/bin/cmake', '--build', '/home/aayush/eYRC/Software/workspace/build/hb_description', '--', '-j6', '-l6'], 'cwd': '/home/aayush/eYRC/Software/workspace/build/hb_description', 'env': OrderedDict([('LESSOPEN', '| /usr/bin/lesspipe %s'), ('LANGUAGE', 'en_IN:en'), ('USER', 'aayush'), ('XDG_SESSION_TYPE', 'wayland'), ('SHLVL', '1'), ('LD_LIBRARY_PATH', '/home/aayush/eYRC/Software/workspace/install/shape_interface/lib:/home/aayush/eYRC/Software/workspace/install/hb_description/lib:/opt/ros/humble/opt/rviz_ogre_vendor/lib:/opt/ros/humble/lib/x86_64-linux-gnu:/opt/ros/humble/lib:/opt/mujoco/lib'), ('HOME', '/home/aayush'), ('OLDPWD', '/home/aayush/eYRC/Software/workspace/src'), ('DESKTOP_SESSION', 'ubuntu'), ('ROS_PYTHON_VERSION', '3'), ('GNOME_SHELL_SESSION_MODE', 'ubuntu'), ('GTK_MODULES', 'gail:atk-bridge'), ('SYSTEMD_EXEC_PID', '1744'), ('DBUS_SESSION_BUS_ADDRESS', 'unix:path=/run/user/1000/bus'), ('COLORTERM', 'truecolor'), ('IM_CONFIG_PHASE', '1'), ('WAYLAND_DISPLAY', 'wayland-0'), ('COLCON_PREFIX_PATH', '/home/aayush/eYRC/Software/workspace/install'), ('ROS_DISTRO', 'humble'), ('LOGNAME', 'aayush'), ('_', '/usr/bin/colcon'), ('ROS_VERSION', '2'), ('XDG_SESSION_CLASS', 'user'), ('MUJOCO_HOME', '/opt/mujoco'), ('USERNAME', 'aayush'), ('TERM', 'xterm-256color'), ('GNOME_DESKTOP_SESSION_ID', 'this-is-deprecated'), ('ROS_LOCALHOST_ONLY', '0'), ('PATH', '/opt/ros/humble/bin:/usr/local/sbin:/usr/local/bin:/usr/sbin:/usr/bin:/sbin:/bin:/usr/games:/usr/local/games:/snap/bin:/snap/bin:/opt/mujoco/bin'), ('SESSION_MANAGER', 'local/aayush-Inspiron-15-3530:@/tmp/.ICE-unix/1526,unix/aayush-Inspiron-15-3530:/tmp/.ICE-unix/1526'), ('XDG_MENU_PREFIX', 'gnome-'), ('GNOME_TERMINAL_SCREEN', '/org/gnome/Terminal/screen/3aef74fe_2e12_4c3d_a376_35801467e145'), ('GNOME_SETUP_DISPLAY', ':1'), ('XDG_RUNTIME_DIR', '/run/user/1000'), ('DISPLAY', ':0'), ('LANG', 'en_US.UTF-8'), ('XDG_CURRENT_DESKTOP', 'ubuntu:GNOME'), ('XMODIFIERS', '@im=ibus'), ('XDG_SESSION_DESKTOP', 'ubuntu'), ('XAUTHORITY', '/run/user/1000/.mutter-Xwaylandauth.2VPZW3'), ('LS_COLORS', 'rs=0:di=01;34:ln=01;36:mh=00:pi=40;33:so=01;35:do=01;35:bd=40;33;01:cd=40;33;01:or=40;31;01:mi=00:su=37;41:sg=30;43:ca=30;41:tw=30;42:ow=34;42:st=37;44:ex=01;32:*.tar=01;31:*.tgz=01;31:*.arc=01;31:*.arj=01;31:*.taz=01;31:*.lha=01;31:*.lz4=01;31:*.lzh=01;31:*.lzma=01;31:*.tlz=01;31:*.txz=01;31:*.tzo=01;31:*.t7z=01;31:*.zip=01;31:*.z=01;31:*.dz=01;31:*.gz=01;31:*.lrz=01;31:*.lz=01;31:*.lzo=01;31:*.xz=01;31:*.zst=01;31:*.tzst=01;31:*.bz2=01;31:*.bz=01;31:*.tbz=01;31:*.tbz2=01;31:*.tz=01;31:*.deb=01;31:*.rpm=01;31:*.jar=01;31:*.war=01;31:*.ear=01;31:*.sar=01;31:*.rar=01;31:*.alz=01;31:*.ace=01;31:*.zoo=01;31:*.cpio=01;31:*.7z=01;31:*.rz=01;31:*.cab=01;31:*.wim=01;31:*.swm=01;31:*.dwm=01;31:*.esd=01;31:*.jpg=01;35:*.jpeg=01;35:*.mjpg=01;35:*.mjpeg=01;35:*.gif=01;35:*.bmp=01;35:*.pbm=01;35:*.pgm=01;35:*.ppm=01;35:*.tga=01;35:*.xbm=01;35:*.xpm=01;35:*.tif=01;35:*.tiff=01;35:*.png=01;35:*.svg=01;35:*.svgz=01;35:*.mng=01;35:*.pcx=01;35:*.mov=01;35:*.mpg=01;35:*.mpeg=01;35:*.m2v=01;35:*.mkv=01;35:*.webm=01;35:*.webp=01;35:*.ogm=01;35:*.mp4=01;35:*.m4v=01;35:*.mp4v=01;35:*.vob=01;35:*.qt=01;35:*.nuv=01;35:*.wmv=01;35:*.asf=01;35:*.rm=01;35:*.rmvb=01;35:*.flc=01;35:*.avi=01;35:*.fli=01;35:*.flv=01;35:*.gl=01;35:*.dl=01;35:*.xcf=01;35:*.xwd=01;35:*.yuv=01;35:*.cgm=01;35:*.emf=01;35:*.ogv=01;35:*.ogx=01;35:*.aac=00;36:*.au=00;36:*.flac=00;36:*.m4a=00;36:*.mid=00;36:*.midi=00;36:*.mka=00;36:*.mp3=00;36:*.mpc=00;36:*.ogg=00;36:*.ra=00;36:*.wav=00;36:*.oga=00;36:*.opus=00;36:*.spx=00;36:*.xspf=00;36:'), ('GNOME_TERMINAL_SERVICE', ':1.102'), ('SSH_AGENT_LAUNCHER', 'gnome-keyring'), ('SSH_AUTH_SOCK', '/run/user/1000/keyring/ssh'), ('AMENT_PREFIX_PATH', '/home/aayush/eYRC/Software/workspace/install/task_1c:/home/aayush/eYRC/Software/workspace/install/task_1b:/home/aayush/eYRC/Software/workspace/install/hb_description:/home/aayush/eYRC/Software/workspace/install/task_1a:/home/aayush/eYRC/Software/workspace/install/shape_interface:/opt/ros/humble'), ('SHELL', '/bin/bash'), ('QT_ACCESSIBILITY', '1'), ('GDMSESSION', 'ubuntu'), ('LESSCLOSE', '/usr/bin/lesspipe %s %s'), ('QT_IM_MODULE', 'ibus'), ('PWD', '/home/aayush/eYRC/Software/workspace/build/hb_description'), ('LC_ALL', 'en_US.UTF-8'), ('XDG_CONFIG_DIRS', '/etc/xdg/xdg-ubuntu:/etc/xdg'), ('XDG_DATA_DIRS', '/usr/share/ubuntu:/usr/local/share/:/usr/share/:/var/lib/snapd/desktop'), ('PYTHONPATH', '/home/aayush/eYRC/Software/workspace/install/task_1b/local/lib/python3.10/dist-packages:/home/aayush/eYRC/Software/workspace/install/task_1a/local/lib/python3.10/dist-packages:/home/aayush/eYRC/Software/workspace/install/shape_interface/local/lib/python3.10/dist-packages:/opt/ros/humble/lib/python3.10/site-packages:/opt/ros/humble/local/lib/python3.10/dist-packages'), ('COLCON', '1'), ('VTE_VERSION', '6800'), ('CMAKE_PREFIX_PATH', '/home/aayush/eYRC/Software/workspace/install/task_1a:/home/aayush/eYRC/Software/workspace/install/shape_interface:/home/aayush/eYRC/Software/workspace/install/task_1c:/home/aayush/eYRC/Software/workspace/install/task_1b:/home/aayush/eYRC/Software/workspace/install/hb_description:/opt/ros/humble')]), 'shell': False}
[1.101932] (-) TimerEvent: {}
[1.126027] (hb_description) CommandEnded: {'returncode': 0}
[1.126647] (hb_description) JobProgress: {'identifier': 'hb_description', 'progress': 'install'}
[1.126684] (hb_description) Command: {'cmd': ['/usr/bin/cmake', '--install', '/home/aayush/eYRC/Software/workspace/build/hb_description'], 'cwd': '/home/aayush/eYRC/Software/workspace/build/hb_description', 'env': OrderedDict([('LESSOPEN', '| /usr/bin/lesspipe %s'), ('LANGUAGE', 'en_IN:en'), ('USER', 'aayush'), ('XDG_SESSION_TYPE', 'wayland'), ('SHLVL', '1'), ('LD_LIBRARY_PATH', '/home/aayush/eYRC/Software/workspace/install/shape_interface/lib:/home/aayush/eYRC/Software/workspace/install/hb_description/lib:/opt/ros/humble/opt/rviz_ogre_vendor/lib:/opt/ros/humble/lib/x86_64-linux-gnu:/opt/ros/humble/lib:/opt/mujoco/lib'), ('HOME', '/home/aayush'), ('OLDPWD', '/home/aayush/eYRC/Software/workspace/src'), ('DESKTOP_SESSION', 'ubuntu'), ('ROS_PYTHON_VERSION', '3'), ('GNOME_SHELL_SESSION_MODE', 'ubuntu'), ('GTK_MODULES', 'gail:atk-bridge'), ('SYSTEMD_EXEC_PID', '1744'), ('DBUS_SESSION_BUS_ADDRESS', 'unix:path=/run/user/1000/bus'), ('COLORTERM', 'truecolor'), ('IM_CONFIG_PHASE', '1'), ('WAYLAND_DISPLAY', 'wayland-0'), ('COLCON_PREFIX_PATH', '/home/aayush/eYRC/Software/workspace/install'), ('ROS_DISTRO', 'humble'), ('LOGNAME', 'aayush'), ('_', '/usr/bin/colcon'), ('ROS_VERSION', '2'), ('XDG_SESSION_CLASS', 'user'), ('MUJOCO_HOME', '/opt/mujoco'), ('USERNAME', 'aayush'), ('TERM', 'xterm-256color'), ('GNOME_DESKTOP_SESSION_ID', 'this-is-deprecated'), ('ROS_LOCALHOST_ONLY', '0'), ('PATH', '/opt/ros/humble/bin:/usr/local/sbin:/usr/local/bin:/usr/sbin:/usr/bin:/sbin:/bin:/usr/games:/usr/local/games:/snap/bin:/snap/bin:/opt/mujoco/bin'), ('SESSION_MANAGER', 'local/aayush-Inspiron-15-3530:@/tmp/.ICE-unix/1526,unix/aayush-Inspiron-15-3530:/tmp/.ICE-unix/1526'), ('XDG_MENU_PREFIX', 'gnome-'), ('GNOME_TERMINAL_SCREEN', '/org/gnome/Terminal/screen/3aef74fe_2e12_4c3d_a376_35801467e145'), ('GNOME_SETUP_DISPLAY', ':1'), ('XDG_RUNTIME_DIR', '/run/user/1000'), ('DISPLAY', ':0'), ('LANG', 'en_US.UTF-8'), ('XDG_CURRENT_DESKTOP', 'ubuntu:GNOME'), ('XMODIFIERS', '@im=ibus'), ('XDG_SESSION_DESKTOP', 'ubuntu'), ('XAUTHORITY', '/run/user/1000/.mutter-Xwaylandauth.2VPZW3'), ('LS_COLORS', 'rs=0:di=01;34:ln=01;36:mh=00:pi=40;33:so=01;35:do=01;35:bd=40;33;01:cd=40;33;01:or=40;31;01:mi=00:su=37;41:sg=30;43:ca=30;41:tw=30;42:ow=34;42:st=37;44:ex=01;32:*.tar=01;31:*.tgz=01;31:*.arc=01;31:*.arj=01;31:*.taz=01;31:*.lha=01;31:*.lz4=01;31:*.lzh=01;31:*.lzma=01;31:*.tlz=01;31:*.txz=01;31:*.tzo=01;31:*.t7z=01;31:*.zip=01;31:*.z=01;31:*.dz=01;31:*.gz=01;31:*.lrz=01;31:*.lz=01;31:*.lzo=01;31:*.xz=01;31:*.zst=01;31:*.tzst=01;31:*.bz2=01;31:*.bz=01;31:*.tbz=01;31:*.tbz2=01;31:*.tz=01;31:*.deb=01;31:*.rpm=01;31:*.jar=01;31:*.war=01;31:*.ear=01;31:*.sar=01;31:*.rar=01;31:*.alz=01;31:*.ace=01;31:*.zoo=01;31:*.cpio=01;31:*.7z=01;31:*.rz=01;31:*.cab=01;31:*.wim=01;31:*.swm=01;31:*.dwm=01;31:*.esd=01;31:*.jpg=01;35:*.jpeg=01;35:*.mjpg=01;35:*.mjpeg=01;35:*.gif=01;35:*.bmp=01;35:*.pbm=01;35:*.pgm=01;35:*.ppm=01;35:*.tga=01;35:*.xbm=01;35:*.xpm=01;35:*.tif=01;35:*.tiff=01;35:*.png=01;35:*.svg=01;35:*.svgz=01;35:*.mng=01;35:*.pcx=01;35:*.mov=01;35:*.mpg=01;35:*.mpeg=01;35:*.m2v=01;35:*.mkv=01;35:*.webm=01;35:*.webp=01;35:*.ogm=01;35:*.mp4=01;35:*.m4v=01;35:*.mp4v=01;35:*.vob=01;35:*.qt=01;35:*.nuv=01;35:*.wmv=01;35:*.asf=01;35:*.rm=01;35:*.rmvb=01;35:*.flc=01;35:*.avi=01;35:*.fli=01;35:*.flv=01;35:*.gl=01;35:*.dl=01;35:*.xcf=01;35:*.xwd=01;35:*.yuv=01;35:*.cgm=01;35:*.emf=01;35:*.ogv=01;35:*.ogx=01;35:*.aac=00;36:*.au=00;36:*.flac=00;36:*.m4a=00;36:*.mid=00;36:*.midi=00;36:*.mka=00;36:*.mp3=00;36:*.mpc=00;36:*.ogg=00;36:*.ra=00;36:*.wav=00;36:*.oga=00;36:*.opus=00;36:*.spx=00;36:*.xspf=00;36:'), ('GNOME_TERMINAL_SERVICE', ':1.102'), ('SSH_AGENT_LAUNCHER', 'gnome-keyring'), ('SSH_AUTH_SOCK', '/run/user/1000/keyring/ssh'), ('AMENT_PREFIX_PATH', '/home/aayush/eYRC/Software/workspace/install/task_1c:/home/aayush/eYRC/Software/workspace/install/task_1b:/home/aayush/eYRC/Software/workspace/install/hb_description:/home/aayush/eYRC/Software/workspace/install/task_1a:/home/aayush/eYRC/Software/workspace/install/shape_interface:/opt/ros/humble'), ('SHELL', '/bin/bash'), ('QT_ACCESSIBILITY', '1'), ('GDMSESSION', 'ubuntu'), ('LESSCLOSE', '/usr/bin/lesspipe %s %s'), ('QT_IM_MODULE', 'ibus'), ('PWD', '/home/aayush/eYRC/Software/workspace/build/hb_description'), ('LC_ALL', 'en_US.UTF-8'), ('XDG_CONFIG_DIRS', '/etc/xdg/xdg-ubuntu:/etc/xdg'), ('XDG_DATA_DIRS', '/usr/share/ubuntu:/usr/local/share/:/usr/share/:/var/lib/snapd/desktop'), ('PYTHONPATH', '/home/aayush/eYRC/Software/workspace/install/task_1b/local/lib/python3.10/dist-packages:/home/aayush/eYRC/Software/workspace/install/task_1a/local/lib/python3.10/dist-packages:/home/aayush/eYRC/Software/workspace/install/shape_interface/local/lib/python3.10/dist-packages:/opt/ros/humble/lib/python3.10/site-packages:/opt/ros/humble/local/lib/python3.10/dist-packages'), ('COLCON', '1'), ('VTE_VERSION', '6800'), ('CMAKE_PREFIX_PATH', '/home/aayush/eYRC/Software/workspace/install/task_1a:/home/aayush/eYRC/Software/workspace/install/shape_interface:/home/aayush/eYRC/Software/workspace/install/task_1c:/home/aayush/eYRC/Software/workspace/install/task_1b:/home/aayush/eYRC/Software/workspace/install/hb_description:/opt/ros/humble')]), 'shell': False}
[1.136452] (hb_description) StdoutLine: {'line': b'-- Install configuration: ""\n'}
[1.136770] (hb_description) StdoutLine: {'line': b'-- Up-to-date: /home/aayush/eYRC/Software/workspace/install/hb_description/lib/hb_description/task1a_bridge\n'}
[1.136869] (hb_description) StdoutLine: {'line': b'-- Up-to-date: /home/aayush/eYRC/Software/workspace/install/hb_description/lib/hb_description/task1a_camera\n'}
[1.137107] (hb_description) StdoutLine: {'line': b'-- Up-to-date: /home/aayush/eYRC/Software/workspace/install/hb_description/lib/hb_description/task1c_bridge\n'}
[1.137196] (hb_description) StdoutLine: {'line': b'-- Up-to-date: /home/aayush/eYRC/Software/workspace/install/hb_description/lib/hb_description/task1c_camera\n'}
[1.137282] (hb_description) StdoutLine: {'line': b'-- Up-to-date: /home/aayush/eYRC/Software/workspace/install/hb_description/lib/hb_description/camera_stream\n'}
[1.137351] (hb_description) StdoutLine: {'line': b'-- Up-to-date: /home/aayush/eYRC/Software/workspace/install/hb_description/lib\n'}
[1.195242] (hb_description) StdoutLine: {'line': b'-- Up-to-date: /home/aayush/eYRC/Software/workspace/install/hb_description/lib/libhb_source__rosidl_typesupport_introspection_cpp.so\n'}
[1.195883] (hb_description) StdoutLine: {'line': b'-- Up-to-date: /home/aayush/eYRC/Software/workspace/install/hb_description/lib/libhb_source__rosidl_generator_c.so\n'}
[1.196005] (hb_description) StdoutLine: {'line': b'-- Up-to-date: /home/aayush/eYRC/Software/workspace/install/hb_description/lib/libhb_source__rosidl_typesupport_introspection_c.so\n'}
[1.196081] (hb_description) StdoutLine: {'line': b'-- Up-to-date: /home/aayush/eYRC/Software/workspace/install/hb_description/lib/libhb_source__rosidl_typesupport_fastrtps_cpp.so\n'}
[1.196151] (hb_description) StdoutLine: {'line': b'-- Up-to-date: /home/aayush/eYRC/Software/workspace/install/hb_description/lib/libhb_source__rosidl_typesupport_c.so\n'}
[1.196219] (hb_description) StdoutLine: {'line': b'-- Up-to-date: /home/aayush/eYRC/Software/workspace/install/hb_description/lib/libhb_source__rosidl_typesupport_cpp.so\n'}
[1.196287] (hb_description) StdoutLine: {'line': b'-- Up-to-date: /home/aayush/eYRC/Software/workspace/install/hb_description/lib/libhb_source__rosidl_typesupport_fastrtps_c.so\n'}
[1.196356] (hb_description) StdoutLine: {'line': b'-- Up-to-date: /home/aayush/eYRC/Software/workspace/install/hb_description/lib/libhb_source__rosidl_generator_py.so\n'}
[1.196419] (hb_description) StdoutLine: {'line': b'-- Up-to-date: /home/aayush/eYRC/Software/workspace/install/hb_description/lib/libmujoco.so\n'}
[1.196502] (hb_description) StdoutLine: {'line': b'-- Up-to-date: /home/aayush/eYRC/Software/workspace/install/hb_description/lib/libmujoco.so.3.4.0\n'}
[1.196566] (hb_description) StdoutLine: {'line': b'-- Up-to-date: /home/aayush/eYRC/Software/workspace/install/hb_description/share/hb_description/launch\n'}
[1.196628] (hb_description) StdoutLine: {'line': b'-- Up-to-date: /home/aayush/eYRC/Software/workspace/install/hb_description/share/hb_description/launch/task1a.launch.py\n'}
[1.196689] (hb_description) StdoutLine: {'line': b'-- Up-to-date: /home/aayush/eYRC/Software/workspace/install/hb_description/share/hb_description/launch/task1c.launch.py\n'}
[1.196750] (hb_description) StdoutLine: {'line': b'-- Up-to-date: /home/aayush/eYRC/Software/workspace/install/hb_description/share/hb_description/launch/task1b.launch.py\n'}
[1.196811] (hb_description) StdoutLine: {'line': b'-- Up-to-date: /home/aayush/eYRC/Software/workspace/install/hb_description/share/ament_index/resource_index/package_run_dependencies/hb_description\n'}
[1.196872] (hb_description) StdoutLine: {'line': b'-- Up-to-date: /home/aayush/eYRC/Software/workspace/install/hb_description/share/ament_index/resource_index/parent_prefix_path/hb_description\n'}
[1.196940] (hb_description) StdoutLine: {'line': b'-- Up-to-date: /home/aayush/eYRC/Software/workspace/install/hb_description/share/hb_description/environment/ament_prefix_path.sh\n'}
[1.197010] (hb_description) StdoutLine: {'line': b'-- Up-to-date: /home/aayush/eYRC/Software/workspace/install/hb_description/share/hb_description/environment/ament_prefix_path.dsv\n'}
[1.197071] (hb_description) StdoutLine: {'line': b'-- Up-to-date: /home/aayush/eYRC/Software/workspace/install/hb_description/share/hb_description/environment/path.sh\n'}
[1.197132] (hb_description) StdoutLine: {'line': b'-- Up-to-date: /home/aayush/eYRC/Software/workspace/install/hb_description/share/hb_description/environment/path.dsv\n'}
[1.197192] (hb_description) StdoutLine: {'line': b'-- Up-to-date: /home/aayush/eYRC/Software/workspace/install/hb_description/share/hb_description/local_setup.bash\n'}
[1.197252] (hb_description) StdoutLine: {'line': b'-- Up-to-date: /home/aayush/eYRC/Software/workspace/install/hb_description/share/hb_description/local_setup.sh\n'}
[1.197324] (hb_description) StdoutLine: {'line': b'-- Up-to-date: /home/aayush/eYRC/Software/workspace/install/hb_description/share/hb_description/local_setup.zsh\n'}
[1.197384] (hb_description) StdoutLine: {'line': b'-- Up-to-date: /home/aayush/eYRC/Software/workspace/install/hb_description/share/hb_description/local_setup.dsv\n'}
[1.197443] (hb_description) StdoutLine: {'line': b'-- Installing: /home/aayush/eYRC/Software/workspace/install/hb_description/share/hb_description/package.dsv\n'}
[1.197505] (hb_description) StdoutLine: {'line': b'-- Up-to-date: /home/aayush/eYRC/Software/workspace/install/hb_description/share/ament_index/resource_index/packages/hb_description\n'}
[1.197568] (hb_description) StdoutLine: {'line': b'-- Up-to-date: /home/aayush/eYRC/Software/workspace/install/hb_description/share/hb_description/cmake/hb_descriptionConfig.cmake\n'}
[1.197629] (hb_description) StdoutLine: {'line': b'-- Up-to-date: /home/aayush/eYRC/Software/workspace/install/hb_description/share/hb_description/cmake/hb_descriptionConfig-version.cmake\n'}
[1.197690] (hb_description) StdoutLine: {'line': b'-- Up-to-date: /home/aayush/eYRC/Software/workspace/install/hb_description/share/hb_description/package.xml\n'}
[1.206115] (hb_description) CommandEnded: {'returncode': 0}
[1.206802] (-) TimerEvent: {}
[1.302481] (hb_description) JobEnded: {'identifier': 'hb_description', 'rc': 0}
[1.303155] (-) EventReactorShutdown: {}
