[0.000000] (-) TimerEvent: {}
[0.000502] (shape_interface) JobQueued: {'identifier': 'shape_interface', 'dependencies': OrderedDict()}
[0.000587] (task_1b) JobQueued: {'identifier': 'task_1b', 'dependencies': OrderedDict()}
[0.000614] (task_1a) JobQueued: {'identifier': 'task_1a', 'dependencies': OrderedDict([('shape_interface', '/home/aayush/eYRC/Software/workspace/install/shape_interface')])}
[0.000646] (task_1c) JobQueued: {'identifier': 'task_1c', 'dependencies': OrderedDict([('shape_interface', '/home/aayush/eYRC/Software/workspace/install/shape_interface')])}
[0.000802] (hb_description) JobQueued: {'identifier': 'hb_description', 'dependencies': OrderedDict([('shape_interface', '/home/aayush/eYRC/Software/workspace/install/shape_interface'), ('task_1a', '/home/aayush/eYRC/Software/workspace/install/task_1a')])}
[0.000905] (shape_interface) JobStarted: {'identifier': 'shape_interface'}
[0.003742] (task_1b) JobStarted: {'identifier': 'task_1b'}
[0.008045] (shape_interface) JobProgress: {'identifier': 'shape_interface', 'progress': 'cmake'}
[0.008642] (shape_interface) JobProgress: {'identifier': 'shape_interface', 'progress': 'build'}
[0.009242] (shape_interface) Command: {'cmd': ['/usr/bin/cmake', '--build', '/home/aayush/eYRC/Software/workspace/build/shape_interface', '--', '-j6', '-l6'], 'cwd': '/home/aayush/eYRC/Software/workspace/build/shape_interface', 'env': OrderedDict([('LESSOPEN', '| /usr/bin/lesspipe %s'), ('LANGUAGE', 'en_IN:en'), ('USER', 'aayush'), ('XDG_SESSION_TYPE', 'wayland'), ('SHLVL', '1'), ('LD_LIBRARY_PATH', '/home/aayush/eYRC/Software/workspace/install/hb_description/lib:/home/aayush/eYRC/Software/workspace/install/shape_interface/lib:/opt/ros/humble/opt/rviz_ogre_vendor/lib:/opt/ros/humble/lib/x86_64-linux-gnu:/opt/ros/humble/lib:/opt/mujoco/lib'), ('HOME', '/home/aayush'), ('OLDPWD', '/home/aayush/eYRC/Software/workspace/src'), ('DESKTOP_SESSION', 'ubuntu'), ('ROS_PYTHON_VERSION', '3'), ('GNOME_SHELL_SESSION_MODE', 'ubuntu'), ('GTK_MODULES', 'gail:atk-bridge'), ('SYSTEMD_EXEC_PID', '1744'), ('DBUS_SESSION_BUS_ADDRESS', 'unix:path=/run/user/1000/bus'), ('COLORTERM', 'truecolor'), ('IM_CONFIG_PHASE', '1'), ('WAYLAND_DISPLAY', 'wayland-0'), ('COLCON_PREFIX_PATH', '/home/aayush/eYRC/Software/workspace/install'), ('ROS_DISTRO', 'humble'), ('LOGNAME', 'aayush'), ('_', '/usr/bin/colcon'), ('ROS_VERSION', '2'), ('XDG_SESSION_CLASS', 'user'), ('MUJOCO_HOME', '/opt/mujoco'), ('USERNAME', 'aayush'), ('TERM', 'xterm-256color'), ('GNOME_DESKTOP_SESSION_ID', 'this-is-deprecated'), ('ROS_LOCALHOST_ONLY', '0'), ('PATH', '/opt/ros/humble/bin:/usr/local/sbin:/usr/local/bin:/usr/sbin:/usr/bin:/sbin:/bin:/usr/games:/usr/local/games:/snap/bin:/snap/bin:/opt/mujoco/bin'), ('SESSION_MANAGER', 'local/aayush-Inspiron-15-3530:@/tmp/.ICE-unix/1526,unix/aayush-Inspiron-15-3530:/tmp/.ICE-unix/1526'), ('XDG_MENU_PREFIX', 'gnome-'), ('GNOME_TERMINAL_SCREEN', '/org/gnome/Terminal/screen/3aef74fe_2e12_4c3d_a376_35801467e145'), ('GNOME_SETUP_DISPLAY', ':1'), ('XDG_RUNTIME_DIR', '/run/user/1000'), ('DISPLAY', ':0'), ('LANG', 'en_US.UTF-8'), ('XDG_CURRENT_DESKTOP', 'ubuntu:GNOME'), ('XMODIFIERS', '@im=ibus'), ('XDG_SESSION_DESKTOP', 'ubuntu'), ('XAUTHORITY', '/run/user/1000/.mutter-Xwaylandauth.2VPZW3'), ('LS_COLORS', 'rs=0:di=01;34:ln=01;36:mh=00:pi=40;33:so=01;35:do=01;35:bd=40;33;01:cd=40;33;01:or=40;31;01:mi=00:su=37;41:sg=30;43:ca=30;41:tw=30;42:ow=34;42:st=37;44:ex=01;32:*.tar=01;31:*.tgz=01;31:*.arc=01;31:*.arj=01;31:*.taz=01;31:*.lha=01;31:*.lz4=01;31:*.lzh=01;31:*.lzma=01;31:*.tlz=01;31:*.txz=01;31:*.tzo=01;31:*.t7z=01;31:*.zip=01;31:*.z=01;31:*.dz=01;31:*.gz=01;31:*.lrz=01;31:*.lz=01;31:*.lzo=01;31:*.xz=01;31:*.zst=01;31:*.tzst=01;31:*.bz2=01;31:*.bz=01;31:*.tbz=01;31:*.tbz2=01;31:*.tz=01;31:*.deb=01;31:*.rpm=01;31:*.jar=01;31:*.war=01;31:*.ear=01;31:*.sar=01;31:*.rar=01;31:*.alz=01;31:*.ace=01;31:*.zoo=01;31:*.cpio=01;31:*.7z=01;31:*.rz=01;31:*.cab=01;31:*.wim=01;31:*.swm=01;31:*.dwm=01;31:*.esd=01;31:*.jpg=01;35:*.jpeg=01;35:*.mjpg=01;35:*.mjpeg=01;35:*.gif=01;35:*.bmp=01;35:*.pbm=01;35:*.pgm=01;35:*.ppm=01;35:*.tga=01;35:*.xbm=01;35:*.xpm=01;35:*.tif=01;35:*.tiff=01;35:*.png=01;35:*.svg=01;35:*.svgz=01;35:*.mng=01;35:*.pcx=01;35:*.mov=01;35:*.mpg=01;35:*.mpeg=01;35:*.m2v=01;35:*.mkv=01;35:*.webm=01;35:*.webp=01;35:*.ogm=01;35:*.mp4=01;35:*.m4v=01;35:*.mp4v=01;35:*.vob=01;35:*.qt=01;35:*.nuv=01;35:*.wmv=01;35:*.asf=01;35:*.rm=01;35:*.rmvb=01;35:*.flc=01;35:*.avi=01;35:*.fli=01;35:*.flv=01;35:*.gl=01;35:*.dl=01;35:*.xcf=01;35:*.xwd=01;35:*.yuv=01;35:*.cgm=01;35:*.emf=01;35:*.ogv=01;35:*.ogx=01;35:*.aac=00;36:*.au=00;36:*.flac=00;36:*.m4a=00;36:*.mid=00;36:*.midi=00;36:*.mka=00;36:*.mp3=00;36:*.mpc=00;36:*.ogg=00;36:*.ra=00;36:*.wav=00;36:*.oga=00;36:*.opus=00;36:*.spx=00;36:*.xspf=00;36:'), ('GNOME_TERMINAL_SERVICE', ':1.102'), ('SSH_AGENT_LAUNCHER', 'gnome-keyring'), ('SSH_AUTH_SOCK', '/run/user/1000/keyring/ssh'), ('AMENT_PREFIX_PATH', '/home/aayush/eYRC/Software/workspace/install/task_1c:/home/aayush/eYRC/Software/workspace/install/task_1b:/home/aayush/eYRC/Software/workspace/install/hb_description:/home/aayush/eYRC/Software/workspace/install/task_1a:/home/aayush/eYRC/Software/workspace/install/shape_interface:/opt/ros/humble'), ('SHELL', '/bin/bash'), ('QT_ACCESSIBILITY', '1'), ('GDMSESSION', 'ubuntu'), ('LESSCLOSE', '/usr/bin/lesspipe %s %s'), ('QT_IM_MODULE', 'ibus'), ('PWD', '/home/aayush/eYRC/Software/workspace/build/shape_interface'), ('LC_ALL', 'en_US.UTF-8'), ('XDG_CONFIG_DIRS', '/etc/xdg/xdg-ubuntu:/etc/xdg'), ('XDG_DATA_DIRS', '/usr/share/ubuntu:/usr/local/share/:/usr/share/:/var/lib/snapd/desktop'), ('PYTHONPATH', '/home/aayush/eYRC/Software/workspace/install/task_1b/local/lib/python3.10/dist-packages:/home/aayush/eYRC/Software/workspace/install/task_1a/local/lib/python3.10/dist-packages:/home/aayush/eYRC/Software/workspace/install/shape_interface/local/lib/python3.10/dist-packages:/opt/ros/humble/lib/python3.10/site-packages:/opt/ros/humble/local/lib/python3.10/dist-packages'), ('COLCON', '1'), ('VTE_VERSION', '6800'), ('CMAKE_PREFIX_PATH', '/home/aayush/eYRC/Software/workspace/install/task_1c:/home/aayush/eYRC/Software/workspace/install/task_1b:/home/aayush/eYRC/Software/workspace/install/hb_description:/home/aayush/eYRC/Software/workspace/install/task_1a:/home/aayush/eYRC/Software/workspace/install/shape_interface:/opt/ros/humble')]), 'shell': False}
[0.011283] (task_1b) JobProgress: {'identifier': 'task_1b', 'progress': 'cmake'}
[0.011593] (task_1b) JobProgress: {'identifier': 'task_1b', 'progress': 'build'}
[0.012640] (task_1b) Command: {'cmd': ['/usr/bin/cmake', '--build', '/home/aayush/eYRC/Software/workspace/build/task_1b', '--', '-j6', '-l6'], 'cwd': '/home/aayush/eYRC/Software/workspace/build/task_1b', 'env': OrderedDict([('LESSOPEN', '| /usr/bin/lesspipe %s'), ('LANGUAGE', 'en_IN:en'), ('USER', 'aayush'), ('XDG_SESSION_TYPE', 'wayland'), ('SHLVL', '1'), ('LD_LIBRARY_PATH', '/home/aayush/eYRC/Software/workspace/install/hb_description/lib:/home/aayush/eYRC/Software/workspace/install/shape_interface/lib:/opt/ros/humble/opt/rviz_ogre_vendor/lib:/opt/ros/humble/lib/x86_64-linux-gnu:/opt/ros/humble/lib:/opt/mujoco/lib'), ('HOME', '/home/aayush'), ('OLDPWD', '/home/aayush/eYRC/Software/workspace/src'), ('DESKTOP_SESSION', 'ubuntu'), ('ROS_PYTHON_VERSION', '3'), ('GNOME_SHELL_SESSION_MODE', 'ubuntu'), ('GTK_MODULES', 'gail:atk-bridge'), ('SYSTEMD_EXEC_PID', '1744'), ('DBUS_SESSION_BUS_ADDRESS', 'unix:path=/run/user/1000/bus'), ('COLORTERM', 'truecolor'), ('IM_CONFIG_PHASE', '1'), ('WAYLAND_DISPLAY', 'wayland-0'), ('COLCON_PREFIX_PATH', '/home/aayush/eYRC/Software/workspace/install'), ('ROS_DISTRO', 'humble'), ('LOGNAME', 'aayush'), ('_', '/usr/bin/colcon'), ('ROS_VERSION', '2'), ('XDG_SESSION_CLASS', 'user'), ('MUJOCO_HOME', '/opt/mujoco'), ('USERNAME', 'aayush'), ('TERM', 'xterm-256color'), ('GNOME_DESKTOP_SESSION_ID', 'this-is-deprecated'), ('ROS_LOCALHOST_ONLY', '0'), ('PATH', '/opt/ros/humble/bin:/usr/local/sbin:/usr/local/bin:/usr/sbin:/usr/bin:/sbin:/bin:/usr/games:/usr/local/games:/snap/bin:/snap/bin:/opt/mujoco/bin'), ('SESSION_MANAGER', 'local/aayush-Inspiron-15-3530:@/tmp/.ICE-unix/1526,unix/aayush-Inspiron-15-3530:/tmp/.ICE-unix/1526'), ('XDG_MENU_PREFIX', 'gnome-'), ('GNOME_TERMINAL_SCREEN', '/org/gnome/Terminal/screen/3aef74fe_2e12_4c3d_a376_35801467e145'), ('GNOME_SETUP_DISPLAY', ':1'), ('XDG_RUNTIME_DIR', '/run/user/1000'), ('DISPLAY', ':0'), ('LANG', 'en_US.UTF-8'), ('XDG_CURRENT_DESKTOP', 'ubuntu:GNOME'), ('XMODIFIERS', '@im=ibus'), ('XDG_SESSION_DESKTOP', 'ubuntu'), ('XAUTHORITY', '/run/user/1000/.mutter-Xwaylandauth.2VPZW3'), ('LS_COLORS', 'rs=0:di=01;34:ln=01;36:mh=00:pi=40;33:so=01;35:do=01;35:bd=40;33;01:cd=40;33;01:or=40;31;01:mi=00:su=37;41:sg=30;43:ca=30;41:tw=30;42:ow=34;42:st=37;44:ex=01;32:*.tar=01;31:*.tgz=01;31:*.arc=01;31:*.arj=01;31:*.taz=01;31:*.lha=01;31:*.lz4=01;31:*.lzh=01;31:*.lzma=01;31:*.tlz=01;31:*.txz=01;31:*.tzo=01;31:*.t7z=01;31:*.zip=01;31:*.z=01;31:*.dz=01;31:*.gz=01;31:*.lrz=01;31:*.lz=01;31:*.lzo=01;31:*.xz=01;31:*.zst=01;31:*.tzst=01;31:*.bz2=01;31:*.bz=01;31:*.tbz=01;31:*.tbz2=01;31:*.tz=01;31:*.deb=01;31:*.rpm=01;31:*.jar=01;31:*.war=01;31:*.ear=01;31:*.sar=01;31:*.rar=01;31:*.alz=01;31:*.ace=01;31:*.zoo=01;31:*.cpio=01;31:*.7z=01;31:*.rz=01;31:*.cab=01;31:*.wim=01;31:*.swm=01;31:*.dwm=01;31:*.esd=01;31:*.jpg=01;35:*.jpeg=01;35:*.mjpg=01;35:*.mjpeg=01;35:*.gif=01;35:*.bmp=01;35:*.pbm=01;35:*.pgm=01;35:*.ppm=01;35:*.tga=01;35:*.xbm=01;35:*.xpm=01;35:*.tif=01;35:*.tiff=01;35:*.png=01;35:*.svg=01;35:*.svgz=01;35:*.mng=01;35:*.pcx=01;35:*.mov=01;35:*.mpg=01;35:*.mpeg=01;35:*.m2v=01;35:*.mkv=01;35:*.webm=01;35:*.webp=01;35:*.ogm=01;35:*.mp4=01;35:*.m4v=01;35:*.mp4v=01;35:*.vob=01;35:*.qt=01;35:*.nuv=01;35:*.wmv=01;35:*.asf=01;35:*.rm=01;35:*.rmvb=01;35:*.flc=01;35:*.avi=01;35:*.fli=01;35:*.flv=01;35:*.gl=01;35:*.dl=01;35:*.xcf=01;35:*.xwd=01;35:*.yuv=01;35:*.cgm=01;35:*.emf=01;35:*.ogv=01;35:*.ogx=01;35:*.aac=00;36:*.au=00;36:*.flac=00;36:*.m4a=00;36:*.mid=00;36:*.midi=00;36:*.mka=00;36:*.mp3=00;36:*.mpc=00;36:*.ogg=00;36:*.ra=00;36:*.wav=00;36:*.oga=00;36:*.opus=00;36:*.spx=00;36:*.xspf=00;36:'), ('GNOME_TERMINAL_SERVICE', ':1.102'), ('SSH_AGENT_LAUNCHER', 'gnome-keyring'), ('SSH_AUTH_SOCK', '/run/user/1000/keyring/ssh'), ('AMENT_PREFIX_PATH', '/home/aayush/eYRC/Software/workspace/install/task_1c:/home/aayush/eYRC/Software/workspace/install/task_1b:/home/aayush/eYRC/Software/workspace/install/hb_description:/home/aayush/eYRC/Software/workspace/install/task_1a:/home/aayush/eYRC/Software/workspace/install/shape_interface:/opt/ros/humble'), ('SHELL', '/bin/bash'), ('QT_ACCESSIBILITY', '1'), ('GDMSESSION', 'ubuntu'), ('LESSCLOSE', '/usr/bin/lesspipe %s %s'), ('QT_IM_MODULE', 'ibus'), ('PWD', '/home/aayush/eYRC/Software/workspace/build/task_1b'), ('LC_ALL', 'en_US.UTF-8'), ('XDG_CONFIG_DIRS', '/etc/xdg/xdg-ubuntu:/etc/xdg'), ('XDG_DATA_DIRS', '/usr/share/ubuntu:/usr/local/share/:/usr/share/:/var/lib/snapd/desktop'), ('PYTHONPATH', '/home/aayush/eYRC/Software/workspace/install/task_1b/local/lib/python3.10/dist-packages:/home/aayush/eYRC/Software/workspace/install/task_1a/local/lib/python3.10/dist-packages:/home/aayush/eYRC/Software/workspace/install/shape_interface/local/lib/python3.10/dist-packages:/opt/ros/humble/lib/python3.10/site-packages:/opt/ros/humble/local/lib/python3.10/dist-packages'), ('COLCON', '1'), ('VTE_VERSION', '6800'), ('CMAKE_PREFIX_PATH', '/home/aayush/eYRC/Software/workspace/install/task_1c:/home/aayush/eYRC/Software/workspace/install/task_1b:/home/aayush/eYRC/Software/workspace/install/hb_description:/home/aayush/eYRC/Software/workspace/install/task_1a:/home/aayush/eYRC/Software/workspace/install/shape_interface:/opt/ros/humble')]), 'shell': False}
[0.055691] (shape_interface) StdoutLine: {'line': b'[ 10%] Built target shape_interface__rosidl_generator_c\n'}
[0.055956] (shape_interface) StdoutLine: {'line': b'[ 14%] Built target shape_interface__cpp\n'}
[0.056031] (shape_interface) StdoutLine: {'line': b'[ 14%] Built target shape_interface__rs\n'}
[0.066045] (shape_interface) StdoutLine: {'line': b'[ 14%] Built target ament_cmake_python_copy_shape_interface\n'}
[0.076732] (shape_interface) StdoutLine: {'line': b'[ 45%] Built target shape_interface__rosidl_typesupport_c\n'}
[0.076976] (shape_interface) StdoutLine: {'line': b'[ 47%] Built target shape_interface__rosidl_typesupport_fastrtps_c\n'}
[0.077058] (shape_interface) StdoutLine: {'line': b'[ 45%] Built target shape_interface__rosidl_typesupport_introspection_c\n'}
[0.077097] (shape_interface) StdoutLine: {'line': b'[ 62%] Built target shape_interface__rosidl_typesupport_fastrtps_cpp\n'}
[0.077132] (shape_interface) StdoutLine: {'line': b'[ 66%] Built target shape_interface__rosidl_typesupport_introspection_cpp\n'}
[0.086626] (shape_interface) StdoutLine: {'line': b'[ 77%] Built target shape_interface__rosidl_typesupport_cpp\n'}
[0.099832] (-) TimerEvent: {}
[0.106808] (shape_interface) StdoutLine: {'line': b'[ 77%] Built target shape_interface\n'}
[0.127269] (shape_interface) StdoutLine: {'line': b'[ 79%] Built target shape_interface__py\n'}
[0.131060] (task_1b) StdoutLine: {'line': b'Built target ament_cmake_python_copy_task_1b\n'}
[0.147568] (shape_interface) StdoutLine: {'line': b'[ 87%] Built target shape_interface__rosidl_generator_py\n'}
[0.165913] (shape_interface) StdoutLine: {'line': b'[ 91%] Built target shape_interface__rosidl_typesupport_introspection_c__pyext\n'}
[0.168394] (shape_interface) StdoutLine: {'line': b'[ 95%] Built target shape_interface__rosidl_typesupport_fastrtps_c__pyext\n'}
[0.169659] (shape_interface) StdoutLine: {'line': b'[100%] Built target shape_interface__rosidl_typesupport_c__pyext\n'}
[0.199923] (-) TimerEvent: {}
[0.248421] (shape_interface) StdoutLine: {'line': b'running egg_info\n'}
[0.248822] (shape_interface) StdoutLine: {'line': b'writing shape_interface.egg-info/PKG-INFO\n'}
[0.248958] (shape_interface) StdoutLine: {'line': b'writing dependency_links to shape_interface.egg-info/dependency_links.txt\n'}
[0.249048] (shape_interface) StdoutLine: {'line': b'writing top-level names to shape_interface.egg-info/top_level.txt\n'}
[0.250807] (shape_interface) StdoutLine: {'line': b"reading manifest file 'shape_interface.egg-info/SOURCES.txt'\n"}
[0.251144] (shape_interface) StdoutLine: {'line': b"writing manifest file 'shape_interface.egg-info/SOURCES.txt'\n"}
[0.271674] (shape_interface) StdoutLine: {'line': b'[100%] Built target ament_cmake_python_build_shape_interface_egg\n'}
[0.282554] (shape_interface) CommandEnded: {'returncode': 0}
[0.283096] (shape_interface) JobProgress: {'identifier': 'shape_interface', 'progress': 'install'}
[0.291208] (shape_interface) Command: {'cmd': ['/usr/bin/cmake', '--install', '/home/aayush/eYRC/Software/workspace/build/shape_interface'], 'cwd': '/home/aayush/eYRC/Software/workspace/build/shape_interface', 'env': OrderedDict([('LESSOPEN', '| /usr/bin/lesspipe %s'), ('LANGUAGE', 'en_IN:en'), ('USER', 'aayush'), ('XDG_SESSION_TYPE', 'wayland'), ('SHLVL', '1'), ('LD_LIBRARY_PATH', '/home/aayush/eYRC/Software/workspace/install/hb_description/lib:/home/aayush/eYRC/Software/workspace/install/shape_interface/lib:/opt/ros/humble/opt/rviz_ogre_vendor/lib:/opt/ros/humble/lib/x86_64-linux-gnu:/opt/ros/humble/lib:/opt/mujoco/lib'), ('HOME', '/home/aayush'), ('OLDPWD', '/home/aayush/eYRC/Software/workspace/src'), ('DESKTOP_SESSION', 'ubuntu'), ('ROS_PYTHON_VERSION', '3'), ('GNOME_SHELL_SESSION_MODE', 'ubuntu'), ('GTK_MODULES', 'gail:atk-bridge'), ('SYSTEMD_EXEC_PID', '1744'), ('DBUS_SESSION_BUS_ADDRESS', 'unix:path=/run/user/1000/bus'), ('COLORTERM', 'truecolor'), ('IM_CONFIG_PHASE', '1'), ('WAYLAND_DISPLAY', 'wayland-0'), ('COLCON_PREFIX_PATH', '/home/aayush/eYRC/Software/workspace/install'), ('ROS_DISTRO', 'humble'), ('LOGNAME', 'aayush'), ('_', '/usr/bin/colcon'), ('ROS_VERSION', '2'), ('XDG_SESSION_CLASS', 'user'), ('MUJOCO_HOME', '/opt/mujoco'), ('USERNAME', 'aayush'), ('TERM', 'xterm-256color'), ('GNOME_DESKTOP_SESSION_ID', 'this-is-deprecated'), ('ROS_LOCALHOST_ONLY', '0'), ('PATH', '/opt/ros/humble/bin:/usr/local/sbin:/usr/local/bin:/usr/sbin:/usr/bin:/sbin:/bin:/usr/games:/usr/local/games:/snap/bin:/snap/bin:/opt/mujoco/bin'), ('SESSION_MANAGER', 'local/aayush-Inspiron-15-3530:@/tmp/.ICE-unix/1526,unix/aayush-Inspiron-15-3530:/tmp/.ICE-unix/1526'), ('XDG_MENU_PREFIX', 'gnome-'), ('GNOME_TERMINAL_SCREEN', '/org/gnome/Terminal/screen/3aef74fe_2e12_4c3d_a376_35801467e145'), ('GNOME_SETUP_DISPLAY', ':1'), ('XDG_RUNTIME_DIR', '/run/user/1000'), ('DISPLAY', ':0'), ('LANG', 'en_US.UTF-8'), ('XDG_CURRENT_DESKTOP', 'ubuntu:GNOME'), ('XMODIFIERS', '@im=ibus'), ('XDG_SESSION_DESKTOP', 'ubuntu'), ('XAUTHORITY', '/run/user/1000/.mutter-Xwaylandauth.2VPZW3'), ('LS_COLORS', 'rs=0:di=01;34:ln=01;36:mh=00:pi=40;33:so=01;35:do=01;35:bd=40;33;01:cd=40;33;01:or=40;31;01:mi=00:su=37;41:sg=30;43:ca=30;41:tw=30;42:ow=34;42:st=37;44:ex=01;32:*.tar=01;31:*.tgz=01;31:*.arc=01;31:*.arj=01;31:*.taz=01;31:*.lha=01;31:*.lz4=01;31:*.lzh=01;31:*.lzma=01;31:*.tlz=01;31:*.txz=01;31:*.tzo=01;31:*.t7z=01;31:*.zip=01;31:*.z=01;31:*.dz=01;31:*.gz=01;31:*.lrz=01;31:*.lz=01;31:*.lzo=01;31:*.xz=01;31:*.zst=01;31:*.tzst=01;31:*.bz2=01;31:*.bz=01;31:*.tbz=01;31:*.tbz2=01;31:*.tz=01;31:*.deb=01;31:*.rpm=01;31:*.jar=01;31:*.war=01;31:*.ear=01;31:*.sar=01;31:*.rar=01;31:*.alz=01;31:*.ace=01;31:*.zoo=01;31:*.cpio=01;31:*.7z=01;31:*.rz=01;31:*.cab=01;31:*.wim=01;31:*.swm=01;31:*.dwm=01;31:*.esd=01;31:*.jpg=01;35:*.jpeg=01;35:*.mjpg=01;35:*.mjpeg=01;35:*.gif=01;35:*.bmp=01;35:*.pbm=01;35:*.pgm=01;35:*.ppm=01;35:*.tga=01;35:*.xbm=01;35:*.xpm=01;35:*.tif=01;35:*.tiff=01;35:*.png=01;35:*.svg=01;35:*.svgz=01;35:*.mng=01;35:*.pcx=01;35:*.mov=01;35:*.mpg=01;35:*.mpeg=01;35:*.m2v=01;35:*.mkv=01;35:*.webm=01;35:*.webp=01;35:*.ogm=01;35:*.mp4=01;35:*.m4v=01;35:*.mp4v=01;35:*.vob=01;35:*.qt=01;35:*.nuv=01;35:*.wmv=01;35:*.asf=01;35:*.rm=01;35:*.rmvb=01;35:*.flc=01;35:*.avi=01;35:*.fli=01;35:*.flv=01;35:*.gl=01;35:*.dl=01;35:*.xcf=01;35:*.xwd=01;35:*.yuv=01;35:*.cgm=01;35:*.emf=01;35:*.ogv=01;35:*.ogx=01;35:*.aac=00;36:*.au=00;36:*.flac=00;36:*.m4a=00;36:*.mid=00;36:*.midi=00;36:*.mka=00;36:*.mp3=00;36:*.mpc=00;36:*.ogg=00;36:*.ra=00;36:*.wav=00;36:*.oga=00;36:*.opus=00;36:*.spx=00;36:*.xspf=00;36:'), ('GNOME_TERMINAL_SERVICE', ':1.102'), ('SSH_AGENT_LAUNCHER', 'gnome-keyring'), ('SSH_AUTH_SOCK', '/run/user/1000/keyring/ssh'), ('AMENT_PREFIX_PATH', '/home/aayush/eYRC/Software/workspace/install/task_1c:/home/aayush/eYRC/Software/workspace/install/task_1b:/home/aayush/eYRC/Software/workspace/install/hb_description:/home/aayush/eYRC/Software/workspace/install/task_1a:/home/aayush/eYRC/Software/workspace/install/shape_interface:/opt/ros/humble'), ('SHELL', '/bin/bash'), ('QT_ACCESSIBILITY', '1'), ('GDMSESSION', 'ubuntu'), ('LESSCLOSE', '/usr/bin/lesspipe %s %s'), ('QT_IM_MODULE', 'ibus'), ('PWD', '/home/aayush/eYRC/Software/workspace/build/shape_interface'), ('LC_ALL', 'en_US.UTF-8'), ('XDG_CONFIG_DIRS', '/etc/xdg/xdg-ubuntu:/etc/xdg'), ('XDG_DATA_DIRS', '/usr/share/ubuntu:/usr/local/share/:/usr/share/:/var/lib/snapd/desktop'), ('PYTHONPATH', '/home/aayush/eYRC/Software/workspace/install/task_1b/local/lib/python3.10/dist-packages:/home/aayush/eYRC/Software/workspace/install/task_1a/local/lib/python3.10/dist-packages:/home/aayush/eYRC/Software/workspace/install/shape_interface/local/lib/python3.10/dist-packages:/opt/ros/humble/lib/python3.10/site-packages:/opt/ros/humble/local/lib/python3.10/dist-packages'), ('COLCON', '1'), ('VTE_VERSION', '6800'), ('CMAKE_PREFIX_PATH', '/home/aayush/eYRC/Software/workspace/install/task_1c:/home/aayush/eYRC/Software/workspace/install/task_1b:/home/aayush/eYRC/Software/workspace/install/hb_description:/home/aayush/eYRC/Software/workspace/install/task_1a:/home/aayush/eYRC/Software/workspace/install/shape_interface:/opt/ros/humble')]), 'shell': False}
[0.299545] (shape_interface) StdoutLine: {'line': b'-- Install configuration: ""\n'}
[0.299795] (shape_interface) StdoutLine: {'line': b'-- Up-to-date: /home/aayush/eYRC/Software/workspace/install/shape_interface/share/ament_index/resource_index/rosidl_interfaces/shape_interface\n'}
[0.299915] (-) TimerEvent: {}
[0.300066] (shape_interface) StdoutLine: {'line': b'-- Up-to-date: /home/aayush/eYRC/Software/workspace/install/shape_interface/include/shape_interface/shape_interface\n'}
[0.300171] (shape_interface) StdoutLine: {'line': b'-- Up-to-date: /home/aayush/eYRC/Software/workspace/install/shape_interface/include/shape_interface/shape_interface/srv\n'}
[0.300272] (shape_interface) StdoutLine: {'line': b'-- Up-to-date: /home/aayush/eYRC/Software/workspace/install/shape_interface/include/shape_interface/shape_interface/srv/get_shape.h\n'}
[0.300335] (shape_interface) StdoutLine: {'line': b'-- Up-to-date: /home/aayush/eYRC/Software/workspace/install/shape_interface/include/shape_interface/shape_interface/srv/pixel_to_world.h\n'}
[0.300407] (shape_interface) StdoutLine: {'line': b'-- Up-to-date: /home/aayush/eYRC/Software/workspace/install/shape_interface/include/shape_interface/shape_interface/srv/detail\n'}
[0.300483] (shape_interface) StdoutLine: {'line': b'-- Up-to-date: /home/aayush/eYRC/Software/workspace/install/shape_interface/include/shape_interface/shape_interface/srv/detail/get_shape__functions.c\n'}
[0.300550] (shape_interface) StdoutLine: {'line': b'-- Up-to-date: /home/aayush/eYRC/Software/workspace/install/shape_interface/include/shape_interface/shape_interface/srv/detail/pixel_to_world__type_support.h\n'}
[0.300644] (shape_interface) StdoutLine: {'line': b'-- Up-to-date: /home/aayush/eYRC/Software/workspace/install/shape_interface/include/shape_interface/shape_interface/srv/detail/pixel_to_world__functions.h\n'}
[0.300734] (shape_interface) StdoutLine: {'line': b'-- Up-to-date: /home/aayush/eYRC/Software/workspace/install/shape_interface/include/shape_interface/shape_interface/srv/detail/get_shape__struct.h\n'}
[0.300808] (shape_interface) StdoutLine: {'line': b'-- Up-to-date: /home/aayush/eYRC/Software/workspace/install/shape_interface/include/shape_interface/shape_interface/srv/detail/get_shape__functions.h\n'}
[0.300870] (shape_interface) StdoutLine: {'line': b'-- Up-to-date: /home/aayush/eYRC/Software/workspace/install/shape_interface/include/shape_interface/shape_interface/srv/detail/pixel_to_world__functions.c\n'}
[0.300945] (shape_interface) StdoutLine: {'line': b'-- Up-to-date: /home/aayush/eYRC/Software/workspace/install/shape_interface/include/shape_interface/shape_interface/srv/detail/get_shape__type_support.h\n'}
[0.301009] (shape_interface) StdoutLine: {'line': b'-- Up-to-date: /home/aayush/eYRC/Software/workspace/install/shape_interface/include/shape_interface/shape_interface/srv/detail/pixel_to_world__struct.h\n'}
[0.301069] (shape_interface) StdoutLine: {'line': b'-- Up-to-date: /home/aayush/eYRC/Software/workspace/install/shape_interface/include/shape_interface/shape_interface/msg\n'}
[0.301154] (shape_interface) StdoutLine: {'line': b'-- Up-to-date: /home/aayush/eYRC/Software/workspace/install/shape_interface/include/shape_interface/shape_interface/msg/shape.h\n'}
[0.301241] (shape_interface) StdoutLine: {'line': b'-- Up-to-date: /home/aayush/eYRC/Software/workspace/install/shape_interface/include/shape_interface/shape_interface/msg/detail\n'}
[0.301329] (shape_interface) StdoutLine: {'line': b'-- Up-to-date: /home/aayush/eYRC/Software/workspace/install/shape_interface/include/shape_interface/shape_interface/msg/detail/shape__functions.c\n'}
[0.301399] (shape_interface) StdoutLine: {'line': b'-- Up-to-date: /home/aayush/eYRC/Software/workspace/install/shape_interface/include/shape_interface/shape_interface/msg/detail/shape__functions.h\n'}
[0.301471] (shape_interface) StdoutLine: {'line': b'-- Up-to-date: /home/aayush/eYRC/Software/workspace/install/shape_interface/include/shape_interface/shape_interface/msg/detail/shape__type_support.h\n'}
[0.301548] (shape_interface) StdoutLine: {'line': b'-- Up-to-date: /home/aayush/eYRC/Software/workspace/install/shape_interface/include/shape_interface/shape_interface/msg/detail/shape__struct.h\n'}
[0.301610] (shape_interface) StdoutLine: {'line': b'-- Up-to-date: /home/aayush/eYRC/Software/workspace/install/shape_interface/include/shape_interface/shape_interface/msg/rosidl_generator_c__visibility_control.h\n'}
[0.301683] (shape_interface) StdoutLine: {'line': b'-- Up-to-date: /home/aayush/eYRC/Software/workspace/install/shape_interface/share/shape_interface/environment/library_path.sh\n'}
[0.301745] (shape_interface) StdoutLine: {'line': b'-- Up-to-date: /home/aayush/eYRC/Software/workspace/install/shape_interface/share/shape_interface/environment/library_path.dsv\n'}
[0.301813] (shape_interface) StdoutLine: {'line': b'-- Up-to-date: /home/aayush/eYRC/Software/workspace/install/shape_interface/lib/libshape_interface__rosidl_generator_c.so\n'}
[0.301883] (shape_interface) StdoutLine: {'line': b'-- Up-to-date: /home/aayush/eYRC/Software/workspace/install/shape_interface/include/shape_interface/shape_interface\n'}
[0.301946] (shape_interface) StdoutLine: {'line': b'-- Up-to-date: /home/aayush/eYRC/Software/workspace/install/shape_interface/include/shape_interface/shape_interface/srv\n'}
[0.302015] (shape_interface) StdoutLine: {'line': b'-- Up-to-date: /home/aayush/eYRC/Software/workspace/install/shape_interface/include/shape_interface/shape_interface/srv/detail\n'}
[0.302092] (shape_interface) StdoutLine: {'line': b'-- Up-to-date: /home/aayush/eYRC/Software/workspace/install/shape_interface/include/shape_interface/shape_interface/srv/detail/get_shape__rosidl_typesupport_fastrtps_c.h\n'}
[0.302185] (shape_interface) StdoutLine: {'line': b'-- Up-to-date: /home/aayush/eYRC/Software/workspace/install/shape_interface/include/shape_interface/shape_interface/srv/detail/pixel_to_world__rosidl_typesupport_fastrtps_c.h\n'}
[0.302277] (shape_interface) StdoutLine: {'line': b'-- Up-to-date: /home/aayush/eYRC/Software/workspace/install/shape_interface/include/shape_interface/shape_interface/msg\n'}
[0.302362] (shape_interface) StdoutLine: {'line': b'-- Up-to-date: /home/aayush/eYRC/Software/workspace/install/shape_interface/include/shape_interface/shape_interface/msg/detail\n'}
[0.302454] (shape_interface) StdoutLine: {'line': b'-- Up-to-date: /home/aayush/eYRC/Software/workspace/install/shape_interface/include/shape_interface/shape_interface/msg/detail/shape__rosidl_typesupport_fastrtps_c.h\n'}
[0.302533] (shape_interface) StdoutLine: {'line': b'-- Up-to-date: /home/aayush/eYRC/Software/workspace/install/shape_interface/include/shape_interface/shape_interface/msg/rosidl_typesupport_fastrtps_c__visibility_control.h\n'}
[0.302615] (shape_interface) StdoutLine: {'line': b'-- Up-to-date: /home/aayush/eYRC/Software/workspace/install/shape_interface/lib/libshape_interface__rosidl_typesupport_fastrtps_c.so\n'}
[0.302703] (shape_interface) StdoutLine: {'line': b'-- Up-to-date: /home/aayush/eYRC/Software/workspace/install/shape_interface/include/shape_interface/shape_interface\n'}
[0.302775] (shape_interface) StdoutLine: {'line': b'-- Up-to-date: /home/aayush/eYRC/Software/workspace/install/shape_interface/include/shape_interface/shape_interface/srv\n'}
[0.302836] (shape_interface) StdoutLine: {'line': b'-- Up-to-date: /home/aayush/eYRC/Software/workspace/install/shape_interface/include/shape_interface/shape_interface/srv/detail\n'}
[0.302909] (shape_interface) StdoutLine: {'line': b'-- Up-to-date: /home/aayush/eYRC/Software/workspace/install/shape_interface/include/shape_interface/shape_interface/srv/detail/pixel_to_world__rosidl_typesupport_introspection_c.h\n'}
[0.302971] (shape_interface) StdoutLine: {'line': b'-- Up-to-date: /home/aayush/eYRC/Software/workspace/install/shape_interface/include/shape_interface/shape_interface/srv/detail/get_shape__type_support.c\n'}
[0.303040] (shape_interface) StdoutLine: {'line': b'-- Up-to-date: /home/aayush/eYRC/Software/workspace/install/shape_interface/include/shape_interface/shape_interface/srv/detail/pixel_to_world__type_support.c\n'}
[0.303126] (shape_interface) StdoutLine: {'line': b'-- Up-to-date: /home/aayush/eYRC/Software/workspace/install/shape_interface/include/shape_interface/shape_interface/srv/detail/get_shape__rosidl_typesupport_introspection_c.h\n'}
[0.303210] (shape_interface) StdoutLine: {'line': b'-- Up-to-date: /home/aayush/eYRC/Software/workspace/install/shape_interface/include/shape_interface/shape_interface/msg\n'}
[0.303289] (shape_interface) StdoutLine: {'line': b'-- Up-to-date: /home/aayush/eYRC/Software/workspace/install/shape_interface/include/shape_interface/shape_interface/msg/rosidl_typesupport_introspection_c__visibility_control.h\n'}
[0.303356] (shape_interface) StdoutLine: {'line': b'-- Up-to-date: /home/aayush/eYRC/Software/workspace/install/shape_interface/include/shape_interface/shape_interface/msg/detail\n'}
[0.303427] (shape_interface) StdoutLine: {'line': b'-- Up-to-date: /home/aayush/eYRC/Software/workspace/install/shape_interface/include/shape_interface/shape_interface/msg/detail/shape__rosidl_typesupport_introspection_c.h\n'}
[0.303499] (shape_interface) StdoutLine: {'line': b'-- Up-to-date: /home/aayush/eYRC/Software/workspace/install/shape_interface/include/shape_interface/shape_interface/msg/detail/shape__type_support.c\n'}
[0.303561] (shape_interface) StdoutLine: {'line': b'-- Up-to-date: /home/aayush/eYRC/Software/workspace/install/shape_interface/lib/libshape_interface__rosidl_typesupport_introspection_c.so\n'}
[0.303622] (shape_interface) StdoutLine: {'line': b'-- Up-to-date: /home/aayush/eYRC/Software/workspace/install/shape_interface/lib/libshape_interface__rosidl_typesupport_c.so\n'}
[0.303702] (shape_interface) StdoutLine: {'line': b'-- Up-to-date: /home/aayush/eYRC/Software/workspace/install/shape_interface/include/shape_interface/shape_interface\n'}
[0.303763] (shape_interface) StdoutLine: {'line': b'-- Up-to-date: /home/aayush/eYRC/Software/workspace/install/shape_interface/include/shape_interface/shape_interface/srv\n'}
[0.303840] (shape_interface) StdoutLine: {'line': b'-- Up-to-date: /home/aayush/eYRC/Software/workspace/install/shape_interface/include/shape_interface/shape_interface/srv/detail\n'}
[0.303919] (shape_interface) StdoutLine: {'line': b'-- Up-to-date: /home/aayush/eYRC/Software/workspace/install/shape_interface/include/shape_interface/shape_interface/srv/detail/pixel_to_world__type_support.hpp\n'}
[0.303980] (shape_interface) StdoutLine: {'line': b'-- Up-to-date: /home/aayush/eYRC/Software/workspace/install/shape_interface/include/shape_interface/shape_interface/srv/detail/pixel_to_world__struct.hpp\n'}
[0.304041] (shape_interface) StdoutLine: {'line': b'-- Up-to-date: /home/aayush/eYRC/Software/workspace/install/shape_interface/include/shape_interface/shape_interface/srv/detail/get_shape__type_support.hpp\n'}
[0.304112] (shape_interface) StdoutLine: {'line': b'-- Up-to-date: /home/aayush/eYRC/Software/workspace/install/shape_interface/include/shape_interface/shape_interface/srv/detail/pixel_to_world__builder.hpp\n'}
[0.304173] (shape_interface) StdoutLine: {'line': b'-- Up-to-date: /home/aayush/eYRC/Software/workspace/install/shape_interface/include/shape_interface/shape_interface/srv/detail/pixel_to_world__traits.hpp\n'}
[0.304244] (shape_interface) StdoutLine: {'line': b'-- Up-to-date: /home/aayush/eYRC/Software/workspace/install/shape_interface/include/shape_interface/shape_interface/srv/detail/get_shape__struct.hpp\n'}
[0.304315] (shape_interface) StdoutLine: {'line': b'-- Up-to-date: /home/aayush/eYRC/Software/workspace/install/shape_interface/include/shape_interface/shape_interface/srv/detail/get_shape__builder.hpp\n'}
[0.304378] (shape_interface) StdoutLine: {'line': b'-- Up-to-date: /home/aayush/eYRC/Software/workspace/install/shape_interface/include/shape_interface/shape_interface/srv/detail/get_shape__traits.hpp\n'}
[0.304451] (shape_interface) StdoutLine: {'line': b'-- Up-to-date: /home/aayush/eYRC/Software/workspace/install/shape_interface/include/shape_interface/shape_interface/srv/get_shape.hpp\n'}
[0.304574] (shape_interface) StdoutLine: {'line': b'-- Up-to-date: /home/aayush/eYRC/Software/workspace/install/shape_interface/include/shape_interface/shape_interface/srv/pixel_to_world.hpp\n'}
[0.304704] (shape_interface) StdoutLine: {'line': b'-- Up-to-date: /home/aayush/eYRC/Software/workspace/install/shape_interface/include/shape_interface/shape_interface/msg\n'}
[0.304805] (shape_interface) StdoutLine: {'line': b'-- Up-to-date: /home/aayush/eYRC/Software/workspace/install/shape_interface/include/shape_interface/shape_interface/msg/rosidl_generator_cpp__visibility_control.hpp\n'}
[0.304882] (shape_interface) StdoutLine: {'line': b'-- Up-to-date: /home/aayush/eYRC/Software/workspace/install/shape_interface/include/shape_interface/shape_interface/msg/shape.hpp\n'}
[0.304949] (shape_interface) StdoutLine: {'line': b'-- Up-to-date: /home/aayush/eYRC/Software/workspace/install/shape_interface/include/shape_interface/shape_interface/msg/detail\n'}
[0.305009] (shape_interface) StdoutLine: {'line': b'-- Up-to-date: /home/aayush/eYRC/Software/workspace/install/shape_interface/include/shape_interface/shape_interface/msg/detail/shape__struct.hpp\n'}
[0.305074] (shape_interface) StdoutLine: {'line': b'-- Up-to-date: /home/aayush/eYRC/Software/workspace/install/shape_interface/include/shape_interface/shape_interface/msg/detail/shape__type_support.hpp\n'}
[0.305134] (shape_interface) StdoutLine: {'line': b'-- Up-to-date: /home/aayush/eYRC/Software/workspace/install/shape_interface/include/shape_interface/shape_interface/msg/detail/shape__traits.hpp\n'}
[0.305194] (shape_interface) StdoutLine: {'line': b'-- Up-to-date: /home/aayush/eYRC/Software/workspace/install/shape_interface/include/shape_interface/shape_interface/msg/detail/shape__builder.hpp\n'}
[0.305255] (shape_interface) StdoutLine: {'line': b'-- Up-to-date: /home/aayush/eYRC/Software/workspace/install/shape_interface/include/shape_interface/shape_interface\n'}
[0.305315] (shape_interface) StdoutLine: {'line': b'-- Up-to-date: /home/aayush/eYRC/Software/workspace/install/shape_interface/include/shape_interface/shape_interface/srv\n'}
[0.305376] (shape_interface) StdoutLine: {'line': b'-- Up-to-date: /home/aayush/eYRC/Software/workspace/install/shape_interface/include/shape_interface/shape_interface/srv/detail\n'}
[0.305442] (shape_interface) StdoutLine: {'line': b'-- Up-to-date: /home/aayush/eYRC/Software/workspace/install/shape_interface/include/shape_interface/shape_interface/srv/detail/dds_fastrtps\n'}
[0.305514] (shape_interface) StdoutLine: {'line': b'-- Up-to-date: /home/aayush/eYRC/Software/workspace/install/shape_interface/include/shape_interface/shape_interface/srv/detail/pixel_to_world__rosidl_typesupport_fastrtps_cpp.hpp\n'}
[0.305575] (shape_interface) StdoutLine: {'line': b'-- Up-to-date: /home/aayush/eYRC/Software/workspace/install/shape_interface/include/shape_interface/shape_interface/srv/detail/get_shape__rosidl_typesupport_fastrtps_cpp.hpp\n'}
[0.305636] (shape_interface) StdoutLine: {'line': b'-- Up-to-date: /home/aayush/eYRC/Software/workspace/install/shape_interface/include/shape_interface/shape_interface/msg\n'}
[0.305697] (shape_interface) StdoutLine: {'line': b'-- Up-to-date: /home/aayush/eYRC/Software/workspace/install/shape_interface/include/shape_interface/shape_interface/msg/detail\n'}
[0.305768] (shape_interface) StdoutLine: {'line': b'-- Up-to-date: /home/aayush/eYRC/Software/workspace/install/shape_interface/include/shape_interface/shape_interface/msg/detail/shape__rosidl_typesupport_fastrtps_cpp.hpp\n'}
[0.305828] (shape_interface) StdoutLine: {'line': b'-- Up-to-date: /home/aayush/eYRC/Software/workspace/install/shape_interface/include/shape_interface/shape_interface/msg/detail/dds_fastrtps\n'}
[0.305887] (shape_interface) StdoutLine: {'line': b'-- Up-to-date: /home/aayush/eYRC/Software/workspace/install/shape_interface/include/shape_interface/shape_interface/msg/rosidl_typesupport_fastrtps_cpp__visibility_control.h\n'}
[0.305947] (shape_interface) StdoutLine: {'line': b'-- Up-to-date: /home/aayush/eYRC/Software/workspace/install/shape_interface/lib/libshape_interface__rosidl_typesupport_fastrtps_cpp.so\n'}
[0.306007] (shape_interface) StdoutLine: {'line': b'-- Up-to-date: /home/aayush/eYRC/Software/workspace/install/shape_interface/include/shape_interface/shape_interface\n'}
[0.306067] (shape_interface) StdoutLine: {'line': b'-- Up-to-date: /home/aayush/eYRC/Software/workspace/install/shape_interface/include/shape_interface/shape_interface/srv\n'}
[0.306128] (shape_interface) StdoutLine: {'line': b'-- Up-to-date: /home/aayush/eYRC/Software/workspace/install/shape_interface/include/shape_interface/shape_interface/srv/detail\n'}
[0.306188] (shape_interface) StdoutLine: {'line': b'-- Up-to-date: /home/aayush/eYRC/Software/workspace/install/shape_interface/include/shape_interface/shape_interface/srv/detail/pixel_to_world__rosidl_typesupport_introspection_cpp.hpp\n'}
[0.306256] (shape_interface) StdoutLine: {'line': b'-- Up-to-date: /home/aayush/eYRC/Software/workspace/install/shape_interface/include/shape_interface/shape_interface/srv/detail/get_shape__type_support.cpp\n'}
[0.306321] (shape_interface) StdoutLine: {'line': b'-- Up-to-date: /home/aayush/eYRC/Software/workspace/install/shape_interface/include/shape_interface/shape_interface/srv/detail/get_shape__rosidl_typesupport_introspection_cpp.hpp\n'}
[0.306384] (shape_interface) StdoutLine: {'line': b'-- Up-to-date: /home/aayush/eYRC/Software/workspace/install/shape_interface/include/shape_interface/shape_interface/srv/detail/pixel_to_world__type_support.cpp\n'}
[0.306451] (shape_interface) StdoutLine: {'line': b'-- Up-to-date: /home/aayush/eYRC/Software/workspace/install/shape_interface/include/shape_interface/shape_interface/msg\n'}
[0.306519] (shape_interface) StdoutLine: {'line': b'-- Up-to-date: /home/aayush/eYRC/Software/workspace/install/shape_interface/include/shape_interface/shape_interface/msg/detail\n'}
[0.306580] (shape_interface) StdoutLine: {'line': b'-- Up-to-date: /home/aayush/eYRC/Software/workspace/install/shape_interface/include/shape_interface/shape_interface/msg/detail/shape__rosidl_typesupport_introspection_cpp.hpp\n'}
[0.306641] (shape_interface) StdoutLine: {'line': b'-- Up-to-date: /home/aayush/eYRC/Software/workspace/install/shape_interface/include/shape_interface/shape_interface/msg/detail/shape__type_support.cpp\n'}
[0.306709] (shape_interface) StdoutLine: {'line': b'-- Up-to-date: /home/aayush/eYRC/Software/workspace/install/shape_interface/lib/libshape_interface__rosidl_typesupport_introspection_cpp.so\n'}
[0.306771] (shape_interface) StdoutLine: {'line': b'-- Up-to-date: /home/aayush/eYRC/Software/workspace/install/shape_interface/lib/libshape_interface__rosidl_typesupport_cpp.so\n'}
[0.306831] (shape_interface) StdoutLine: {'line': b'-- Up-to-date: /home/aayush/eYRC/Software/workspace/install/shape_interface/share/shape_interface/environment/pythonpath.sh\n'}
[0.306891] (shape_interface) StdoutLine: {'line': b'-- Up-to-date: /home/aayush/eYRC/Software/workspace/install/shape_interface/share/shape_interface/environment/pythonpath.dsv\n'}
[0.306949] (shape_interface) StdoutLine: {'line': b'-- Up-to-date: /home/aayush/eYRC/Software/workspace/install/shape_interface/local/lib/python3.10/dist-packages/shape_interface-0.0.0-py3.10.egg-info\n'}
[0.307009] (shape_interface) StdoutLine: {'line': b'-- Installing: /home/aayush/eYRC/Software/workspace/install/shape_interface/local/lib/python3.10/dist-packages/shape_interface-0.0.0-py3.10.egg-info/SOURCES.txt\n'}
[0.307069] (shape_interface) StdoutLine: {'line': b'-- Installing: /home/aayush/eYRC/Software/workspace/install/shape_interface/local/lib/python3.10/dist-packages/shape_interface-0.0.0-py3.10.egg-info/top_level.txt\n'}
[0.307128] (shape_interface) StdoutLine: {'line': b'-- Installing: /home/aayush/eYRC/Software/workspace/install/shape_interface/local/lib/python3.10/dist-packages/shape_interface-0.0.0-py3.10.egg-info/PKG-INFO\n'}
[0.307187] (shape_interface) StdoutLine: {'line': b'-- Installing: /home/aayush/eYRC/Software/workspace/install/shape_interface/local/lib/python3.10/dist-packages/shape_interface-0.0.0-py3.10.egg-info/dependency_links.txt\n'}
[0.307247] (shape_interface) StdoutLine: {'line': b'-- Up-to-date: /home/aayush/eYRC/Software/workspace/install/shape_interface/local/lib/python3.10/dist-packages/shape_interface\n'}
[0.307307] (shape_interface) StdoutLine: {'line': b'-- Up-to-date: /home/aayush/eYRC/Software/workspace/install/shape_interface/local/lib/python3.10/dist-packages/shape_interface/_shape_interface_s.ep.rosidl_typesupport_c.c\n'}
[0.307367] (shape_interface) StdoutLine: {'line': b'-- Up-to-date: /home/aayush/eYRC/Software/workspace/install/shape_interface/local/lib/python3.10/dist-packages/shape_interface/shape_interface_s__rosidl_typesupport_c.cpython-310-x86_64-linux-gnu.so\n'}
[0.307448] (shape_interface) StdoutLine: {'line': b'-- Up-to-date: /home/aayush/eYRC/Software/workspace/install/shape_interface/local/lib/python3.10/dist-packages/shape_interface/shape_interface_s__rosidl_typesupport_introspection_c.cpython-310-x86_64-linux-gnu.so\n'}
[0.307518] (shape_interface) StdoutLine: {'line': b'-- Up-to-date: /home/aayush/eYRC/Software/workspace/install/shape_interface/local/lib/python3.10/dist-packages/shape_interface/_shape_interface_s.ep.rosidl_typesupport_introspection_c.c\n'}
[0.307579] (shape_interface) StdoutLine: {'line': b'-- Up-to-date: /home/aayush/eYRC/Software/workspace/install/shape_interface/local/lib/python3.10/dist-packages/shape_interface/srv\n'}
[0.307640] (shape_interface) StdoutLine: {'line': b'-- Up-to-date: /home/aayush/eYRC/Software/workspace/install/shape_interface/local/lib/python3.10/dist-packages/shape_interface/srv/_get_shape_s.c\n'}
[0.307700] (shape_interface) StdoutLine: {'line': b'-- Up-to-date: /home/aayush/eYRC/Software/workspace/install/shape_interface/local/lib/python3.10/dist-packages/shape_interface/srv/_pixel_to_world_s.c\n'}
[0.307760] (shape_interface) StdoutLine: {'line': b'-- Up-to-date: /home/aayush/eYRC/Software/workspace/install/shape_interface/local/lib/python3.10/dist-packages/shape_interface/srv/__init__.py\n'}
[0.307819] (shape_interface) StdoutLine: {'line': b'-- Up-to-date: /home/aayush/eYRC/Software/workspace/install/shape_interface/local/lib/python3.10/dist-packages/shape_interface/srv/_pixel_to_world.py\n'}
[0.307878] (shape_interface) StdoutLine: {'line': b'-- Up-to-date: /home/aayush/eYRC/Software/workspace/install/shape_interface/local/lib/python3.10/dist-packages/shape_interface/srv/_get_shape.py\n'}
[0.307937] (shape_interface) StdoutLine: {'line': b'-- Up-to-date: /home/aayush/eYRC/Software/workspace/install/shape_interface/local/lib/python3.10/dist-packages/shape_interface/shape_interface_s__rosidl_typesupport_fastrtps_c.cpython-310-x86_64-linux-gnu.so\n'}
[0.307997] (shape_interface) StdoutLine: {'line': b'-- Up-to-date: /home/aayush/eYRC/Software/workspace/install/shape_interface/local/lib/python3.10/dist-packages/shape_interface/msg\n'}
[0.308056] (shape_interface) StdoutLine: {'line': b'-- Up-to-date: /home/aayush/eYRC/Software/workspace/install/shape_interface/local/lib/python3.10/dist-packages/shape_interface/msg/_shape_s.c\n'}
[0.308116] (shape_interface) StdoutLine: {'line': b'-- Up-to-date: /home/aayush/eYRC/Software/workspace/install/shape_interface/local/lib/python3.10/dist-packages/shape_interface/msg/_shape.py\n'}
[0.308176] (shape_interface) StdoutLine: {'line': b'-- Up-to-date: /home/aayush/eYRC/Software/workspace/install/shape_interface/local/lib/python3.10/dist-packages/shape_interface/msg/__init__.py\n'}
[0.308242] (shape_interface) StdoutLine: {'line': b'-- Up-to-date: /home/aayush/eYRC/Software/workspace/install/shape_interface/local/lib/python3.10/dist-packages/shape_interface/libshape_interface__rosidl_generator_py.so\n'}
[0.308303] (shape_interface) StdoutLine: {'line': b'-- Up-to-date: /home/aayush/eYRC/Software/workspace/install/shape_interface/local/lib/python3.10/dist-packages/shape_interface/__init__.py\n'}
[0.308363] (shape_interface) StdoutLine: {'line': b'-- Up-to-date: /home/aayush/eYRC/Software/workspace/install/shape_interface/local/lib/python3.10/dist-packages/shape_interface/_shape_interface_s.ep.rosidl_typesupport_fastrtps_c.c\n'}
[0.328193] (task_1b) StdoutLine: {'line': b'running egg_info\n'}
[0.328810] (task_1b) StdoutLine: {'line': b'writing task_1b.egg-info/PKG-INFO\n'}
[0.328996] (task_1b) StdoutLine: {'line': b'writing dependency_links to task_1b.egg-info/dependency_links.txt\n'}
[0.329084] (task_1b) StdoutLine: {'line': b'writing top-level names to task_1b.egg-info/top_level.txt\n'}
[0.331102] (task_1b) StdoutLine: {'line': b"reading manifest file 'task_1b.egg-info/SOURCES.txt'\n"}
[0.331393] (task_1b) StdoutLine: {'line': b"writing manifest file 'task_1b.egg-info/SOURCES.txt'\n"}
[0.338068] (shape_interface) StdoutLine: {'line': b"Listing '/home/aayush/eYRC/Software/workspace/install/shape_interface/local/lib/python3.10/dist-packages/shape_interface'...\n"}
[0.338317] (shape_interface) StdoutLine: {'line': b"Listing '/home/aayush/eYRC/Software/workspace/install/shape_interface/local/lib/python3.10/dist-packages/shape_interface/msg'...\n"}
[0.338397] (shape_interface) StdoutLine: {'line': b"Listing '/home/aayush/eYRC/Software/workspace/install/shape_interface/local/lib/python3.10/dist-packages/shape_interface/srv'...\n"}
[0.343568] (shape_interface) StdoutLine: {'line': b'-- Up-to-date: /home/aayush/eYRC/Software/workspace/install/shape_interface/local/lib/python3.10/dist-packages/shape_interface/shape_interface_s__rosidl_typesupport_fastrtps_c.cpython-310-x86_64-linux-gnu.so\n'}
[0.343825] (shape_interface) StdoutLine: {'line': b'-- Up-to-date: /home/aayush/eYRC/Software/workspace/install/shape_interface/local/lib/python3.10/dist-packages/shape_interface/shape_interface_s__rosidl_typesupport_introspection_c.cpython-310-x86_64-linux-gnu.so\n'}
[0.343942] (shape_interface) StdoutLine: {'line': b'-- Up-to-date: /home/aayush/eYRC/Software/workspace/install/shape_interface/local/lib/python3.10/dist-packages/shape_interface/shape_interface_s__rosidl_typesupport_c.cpython-310-x86_64-linux-gnu.so\n'}
[0.344184] (shape_interface) StdoutLine: {'line': b'-- Up-to-date: /home/aayush/eYRC/Software/workspace/install/shape_interface/lib/libshape_interface__rosidl_generator_py.so\n'}
[0.344321] (shape_interface) StdoutLine: {'line': b'-- Up-to-date: /home/aayush/eYRC/Software/workspace/install/shape_interface/share/shape_interface/rust\n'}
[0.344408] (shape_interface) StdoutLine: {'line': b'-- Up-to-date: /home/aayush/eYRC/Software/workspace/install/shape_interface/share/shape_interface/rust/src\n'}
[0.344499] (shape_interface) StdoutLine: {'line': b'-- Up-to-date: /home/aayush/eYRC/Software/workspace/install/shape_interface/share/shape_interface/rust/src/srv.rs\n'}
[0.344603] (shape_interface) StdoutLine: {'line': b'-- Up-to-date: /home/aayush/eYRC/Software/workspace/install/shape_interface/share/shape_interface/rust/src/srv\n'}
[0.344694] (shape_interface) StdoutLine: {'line': b'-- Up-to-date: /home/aayush/eYRC/Software/workspace/install/shape_interface/share/shape_interface/rust/src/srv/rmw.rs\n'}
[0.344779] (shape_interface) StdoutLine: {'line': b'-- Up-to-date: /home/aayush/eYRC/Software/workspace/install/shape_interface/share/shape_interface/rust/src/msg\n'}
[0.344875] (shape_interface) StdoutLine: {'line': b'-- Up-to-date: /home/aayush/eYRC/Software/workspace/install/shape_interface/share/shape_interface/rust/src/msg/rmw.rs\n'}
[0.344939] (shape_interface) StdoutLine: {'line': b'-- Up-to-date: /home/aayush/eYRC/Software/workspace/install/shape_interface/share/shape_interface/rust/src/msg.rs\n'}
[0.345002] (shape_interface) StdoutLine: {'line': b'-- Up-to-date: /home/aayush/eYRC/Software/workspace/install/shape_interface/share/shape_interface/rust/src/lib.rs\n'}
[0.345103] (shape_interface) StdoutLine: {'line': b'-- Up-to-date: /home/aayush/eYRC/Software/workspace/install/shape_interface/share/shape_interface/rust/build.rs\n'}
[0.345184] (shape_interface) StdoutLine: {'line': b'-- Up-to-date: /home/aayush/eYRC/Software/workspace/install/shape_interface/share/shape_interface/rust/Cargo.toml\n'}
[0.345326] (shape_interface) StdoutLine: {'line': b'-- Up-to-date: /home/aayush/eYRC/Software/workspace/install/shape_interface/share/shape_interface/srv/GetShape.idl\n'}
[0.345457] (shape_interface) StdoutLine: {'line': b'-- Up-to-date: /home/aayush/eYRC/Software/workspace/install/shape_interface/share/shape_interface/srv/PixelToWorld.idl\n'}
[0.345551] (shape_interface) StdoutLine: {'line': b'-- Up-to-date: /home/aayush/eYRC/Software/workspace/install/shape_interface/share/shape_interface/msg/Shape.idl\n'}
[0.345622] (shape_interface) StdoutLine: {'line': b'-- Up-to-date: /home/aayush/eYRC/Software/workspace/install/shape_interface/share/shape_interface/srv/GetShape.srv\n'}
[0.345691] (shape_interface) StdoutLine: {'line': b'-- Up-to-date: /home/aayush/eYRC/Software/workspace/install/shape_interface/share/shape_interface/srv/GetShape_Request.msg\n'}
[0.345772] (shape_interface) StdoutLine: {'line': b'-- Up-to-date: /home/aayush/eYRC/Software/workspace/install/shape_interface/share/shape_interface/srv/GetShape_Response.msg\n'}
[0.345837] (shape_interface) StdoutLine: {'line': b'-- Up-to-date: /home/aayush/eYRC/Software/workspace/install/shape_interface/share/shape_interface/srv/PixelToWorld.srv\n'}
[0.345927] (shape_interface) StdoutLine: {'line': b'-- Up-to-date: /home/aayush/eYRC/Software/workspace/install/shape_interface/share/shape_interface/srv/PixelToWorld_Request.msg\n'}
[0.345994] (shape_interface) StdoutLine: {'line': b'-- Up-to-date: /home/aayush/eYRC/Software/workspace/install/shape_interface/share/shape_interface/srv/PixelToWorld_Response.msg\n'}
[0.346100] (shape_interface) StdoutLine: {'line': b'-- Up-to-date: /home/aayush/eYRC/Software/workspace/install/shape_interface/share/shape_interface/msg/Shape.msg\n'}
[0.346165] (shape_interface) StdoutLine: {'line': b'-- Up-to-date: /home/aayush/eYRC/Software/workspace/install/shape_interface/share/ament_index/resource_index/package_run_dependencies/shape_interface\n'}
[0.346241] (shape_interface) StdoutLine: {'line': b'-- Up-to-date: /home/aayush/eYRC/Software/workspace/install/shape_interface/share/ament_index/resource_index/parent_prefix_path/shape_interface\n'}
[0.346337] (shape_interface) StdoutLine: {'line': b'-- Up-to-date: /home/aayush/eYRC/Software/workspace/install/shape_interface/share/shape_interface/environment/ament_prefix_path.sh\n'}
[0.346404] (shape_interface) StdoutLine: {'line': b'-- Up-to-date: /home/aayush/eYRC/Software/workspace/install/shape_interface/share/shape_interface/environment/ament_prefix_path.dsv\n'}
[0.346502] (shape_interface) StdoutLine: {'line': b'-- Up-to-date: /home/aayush/eYRC/Software/workspace/install/shape_interface/share/shape_interface/environment/path.sh\n'}
[0.346596] (shape_interface) StdoutLine: {'line': b'-- Up-to-date: /home/aayush/eYRC/Software/workspace/install/shape_interface/share/shape_interface/environment/path.dsv\n'}
[0.346660] (shape_interface) StdoutLine: {'line': b'-- Up-to-date: /home/aayush/eYRC/Software/workspace/install/shape_interface/share/shape_interface/local_setup.bash\n'}
[0.346741] (shape_interface) StdoutLine: {'line': b'-- Up-to-date: /home/aayush/eYRC/Software/workspace/install/shape_interface/share/shape_interface/local_setup.sh\n'}
[0.346822] (shape_interface) StdoutLine: {'line': b'-- Up-to-date: /home/aayush/eYRC/Software/workspace/install/shape_interface/share/shape_interface/local_setup.zsh\n'}
[0.346890] (shape_interface) StdoutLine: {'line': b'-- Up-to-date: /home/aayush/eYRC/Software/workspace/install/shape_interface/share/shape_interface/local_setup.dsv\n'}
[0.346992] (shape_interface) StdoutLine: {'line': b'-- Installing: /home/aayush/eYRC/Software/workspace/install/shape_interface/share/shape_interface/package.dsv\n'}
[0.347071] (shape_interface) StdoutLine: {'line': b'-- Up-to-date: /home/aayush/eYRC/Software/workspace/install/shape_interface/share/ament_index/resource_index/packages/shape_interface\n'}
[0.347159] (shape_interface) StdoutLine: {'line': b'-- Up-to-date: /home/aayush/eYRC/Software/workspace/install/shape_interface/share/shape_interface/cmake/export_shape_interface__rosidl_generator_cExport.cmake\n'}
[0.347232] (shape_interface) StdoutLine: {'line': b'-- Up-to-date: /home/aayush/eYRC/Software/workspace/install/shape_interface/share/shape_interface/cmake/export_shape_interface__rosidl_generator_cExport-noconfig.cmake\n'}
[0.347292] (shape_interface) StdoutLine: {'line': b'-- Up-to-date: /home/aayush/eYRC/Software/workspace/install/shape_interface/share/shape_interface/cmake/export_shape_interface__rosidl_typesupport_fastrtps_cExport.cmake\n'}
[0.347351] (shape_interface) StdoutLine: {'line': b'-- Up-to-date: /home/aayush/eYRC/Software/workspace/install/shape_interface/share/shape_interface/cmake/export_shape_interface__rosidl_typesupport_fastrtps_cExport-noconfig.cmake\n'}
[0.347425] (shape_interface) StdoutLine: {'line': b'-- Up-to-date: /home/aayush/eYRC/Software/workspace/install/shape_interface/share/shape_interface/cmake/shape_interface__rosidl_typesupport_introspection_cExport.cmake\n'}
[0.347510] (shape_interface) StdoutLine: {'line': b'-- Up-to-date: /home/aayush/eYRC/Software/workspace/install/shape_interface/share/shape_interface/cmake/shape_interface__rosidl_typesupport_introspection_cExport-noconfig.cmake\n'}
[0.347573] (shape_interface) StdoutLine: {'line': b'-- Up-to-date: /home/aayush/eYRC/Software/workspace/install/shape_interface/share/shape_interface/cmake/shape_interface__rosidl_typesupport_cExport.cmake\n'}
[0.347633] (shape_interface) StdoutLine: {'line': b'-- Up-to-date: /home/aayush/eYRC/Software/workspace/install/shape_interface/share/shape_interface/cmake/shape_interface__rosidl_typesupport_cExport-noconfig.cmake\n'}
[0.347692] (shape_interface) StdoutLine: {'line': b'-- Up-to-date: /home/aayush/eYRC/Software/workspace/install/shape_interface/share/shape_interface/cmake/export_shape_interface__rosidl_generator_cppExport.cmake\n'}
[0.347752] (shape_interface) StdoutLine: {'line': b'-- Up-to-date: /home/aayush/eYRC/Software/workspace/install/shape_interface/share/shape_interface/cmake/export_shape_interface__rosidl_typesupport_fastrtps_cppExport.cmake\n'}
[0.347829] (shape_interface) StdoutLine: {'line': b'-- Up-to-date: /home/aayush/eYRC/Software/workspace/install/shape_interface/share/shape_interface/cmake/export_shape_interface__rosidl_typesupport_fastrtps_cppExport-noconfig.cmake\n'}
[0.347889] (shape_interface) StdoutLine: {'line': b'-- Up-to-date: /home/aayush/eYRC/Software/workspace/install/shape_interface/share/shape_interface/cmake/shape_interface__rosidl_typesupport_introspection_cppExport.cmake\n'}
[0.347949] (shape_interface) StdoutLine: {'line': b'-- Up-to-date: /home/aayush/eYRC/Software/workspace/install/shape_interface/share/shape_interface/cmake/shape_interface__rosidl_typesupport_introspection_cppExport-noconfig.cmake\n'}
[0.348017] (shape_interface) StdoutLine: {'line': b'-- Up-to-date: /home/aayush/eYRC/Software/workspace/install/shape_interface/share/shape_interface/cmake/shape_interface__rosidl_typesupport_cppExport.cmake\n'}
[0.348080] (shape_interface) StdoutLine: {'line': b'-- Up-to-date: /home/aayush/eYRC/Software/workspace/install/shape_interface/share/shape_interface/cmake/shape_interface__rosidl_typesupport_cppExport-noconfig.cmake\n'}
[0.348139] (shape_interface) StdoutLine: {'line': b'-- Up-to-date: /home/aayush/eYRC/Software/workspace/install/shape_interface/share/shape_interface/cmake/export_shape_interface__rosidl_generator_pyExport.cmake\n'}
[0.348198] (shape_interface) StdoutLine: {'line': b'-- Up-to-date: /home/aayush/eYRC/Software/workspace/install/shape_interface/share/shape_interface/cmake/export_shape_interface__rosidl_generator_pyExport-noconfig.cmake\n'}
[0.348257] (shape_interface) StdoutLine: {'line': b'-- Up-to-date: /home/aayush/eYRC/Software/workspace/install/shape_interface/share/shape_interface/cmake/rosidl_cmake-extras.cmake\n'}
[0.348317] (shape_interface) StdoutLine: {'line': b'-- Up-to-date: /home/aayush/eYRC/Software/workspace/install/shape_interface/share/shape_interface/cmake/ament_cmake_export_include_directories-extras.cmake\n'}
[0.348376] (shape_interface) StdoutLine: {'line': b'-- Up-to-date: /home/aayush/eYRC/Software/workspace/install/shape_interface/share/shape_interface/cmake/ament_cmake_export_libraries-extras.cmake\n'}
[0.348448] (shape_interface) StdoutLine: {'line': b'-- Up-to-date: /home/aayush/eYRC/Software/workspace/install/shape_interface/share/shape_interface/cmake/ament_cmake_export_targets-extras.cmake\n'}
[0.348517] (shape_interface) StdoutLine: {'line': b'-- Up-to-date: /home/aayush/eYRC/Software/workspace/install/shape_interface/share/shape_interface/cmake/rosidl_cmake_export_typesupport_targets-extras.cmake\n'}
[0.348579] (shape_interface) StdoutLine: {'line': b'-- Up-to-date: /home/aayush/eYRC/Software/workspace/install/shape_interface/share/shape_interface/cmake/ament_cmake_export_dependencies-extras.cmake\n'}
[0.348642] (shape_interface) StdoutLine: {'line': b'-- Up-to-date: /home/aayush/eYRC/Software/workspace/install/shape_interface/share/shape_interface/cmake/rosidl_cmake_export_typesupport_libraries-extras.cmake\n'}
[0.348713] (shape_interface) StdoutLine: {'line': b'-- Up-to-date: /home/aayush/eYRC/Software/workspace/install/shape_interface/share/shape_interface/cmake/rosidl_cmake_aggregate_target-extras.cmake\n'}
[0.348776] (shape_interface) StdoutLine: {'line': b'-- Up-to-date: /home/aayush/eYRC/Software/workspace/install/shape_interface/share/shape_interface/cmake/shape_interfaceConfig.cmake\n'}
[0.348835] (shape_interface) StdoutLine: {'line': b'-- Up-to-date: /home/aayush/eYRC/Software/workspace/install/shape_interface/share/shape_interface/cmake/shape_interfaceConfig-version.cmake\n'}
[0.348902] (shape_interface) StdoutLine: {'line': b'-- Up-to-date: /home/aayush/eYRC/Software/workspace/install/shape_interface/share/shape_interface/package.xml\n'}
[0.349580] (shape_interface) CommandEnded: {'returncode': 0}
[0.351279] (task_1b) StdoutLine: {'line': b'Built target ament_cmake_python_build_task_1b_egg\n'}
[0.364534] (shape_interface) JobEnded: {'identifier': 'shape_interface', 'rc': 0}
[0.365344] (task_1a) JobStarted: {'identifier': 'task_1a'}
[0.366887] (task_1c) JobStarted: {'identifier': 'task_1c'}
[0.369087] (task_1b) CommandEnded: {'returncode': 0}
[0.369637] (task_1b) JobProgress: {'identifier': 'task_1b', 'progress': 'install'}
[0.369946] (task_1b) Command: {'cmd': ['/usr/bin/cmake', '--install', '/home/aayush/eYRC/Software/workspace/build/task_1b'], 'cwd': '/home/aayush/eYRC/Software/workspace/build/task_1b', 'env': OrderedDict([('LESSOPEN', '| /usr/bin/lesspipe %s'), ('LANGUAGE', 'en_IN:en'), ('USER', 'aayush'), ('XDG_SESSION_TYPE', 'wayland'), ('SHLVL', '1'), ('LD_LIBRARY_PATH', '/home/aayush/eYRC/Software/workspace/install/hb_description/lib:/home/aayush/eYRC/Software/workspace/install/shape_interface/lib:/opt/ros/humble/opt/rviz_ogre_vendor/lib:/opt/ros/humble/lib/x86_64-linux-gnu:/opt/ros/humble/lib:/opt/mujoco/lib'), ('HOME', '/home/aayush'), ('OLDPWD', '/home/aayush/eYRC/Software/workspace/src'), ('DESKTOP_SESSION', 'ubuntu'), ('ROS_PYTHON_VERSION', '3'), ('GNOME_SHELL_SESSION_MODE', 'ubuntu'), ('GTK_MODULES', 'gail:atk-bridge'), ('SYSTEMD_EXEC_PID', '1744'), ('DBUS_SESSION_BUS_ADDRESS', 'unix:path=/run/user/1000/bus'), ('COLORTERM', 'truecolor'), ('IM_CONFIG_PHASE', '1'), ('WAYLAND_DISPLAY', 'wayland-0'), ('COLCON_PREFIX_PATH', '/home/aayush/eYRC/Software/workspace/install'), ('ROS_DISTRO', 'humble'), ('LOGNAME', 'aayush'), ('_', '/usr/bin/colcon'), ('ROS_VERSION', '2'), ('XDG_SESSION_CLASS', 'user'), ('MUJOCO_HOME', '/opt/mujoco'), ('USERNAME', 'aayush'), ('TERM', 'xterm-256color'), ('GNOME_DESKTOP_SESSION_ID', 'this-is-deprecated'), ('ROS_LOCALHOST_ONLY', '0'), ('PATH', '/opt/ros/humble/bin:/usr/local/sbin:/usr/local/bin:/usr/sbin:/usr/bin:/sbin:/bin:/usr/games:/usr/local/games:/snap/bin:/snap/bin:/opt/mujoco/bin'), ('SESSION_MANAGER', 'local/aayush-Inspiron-15-3530:@/tmp/.ICE-unix/1526,unix/aayush-Inspiron-15-3530:/tmp/.ICE-unix/1526'), ('XDG_MENU_PREFIX', 'gnome-'), ('GNOME_TERMINAL_SCREEN', '/org/gnome/Terminal/screen/3aef74fe_2e12_4c3d_a376_35801467e145'), ('GNOME_SETUP_DISPLAY', ':1'), ('XDG_RUNTIME_DIR', '/run/user/1000'), ('DISPLAY', ':0'), ('LANG', 'en_US.UTF-8'), ('XDG_CURRENT_DESKTOP', 'ubuntu:GNOME'), ('XMODIFIERS', '@im=ibus'), ('XDG_SESSION_DESKTOP', 'ubuntu'), ('XAUTHORITY', '/run/user/1000/.mutter-Xwaylandauth.2VPZW3'), ('LS_COLORS', 'rs=0:di=01;34:ln=01;36:mh=00:pi=40;33:so=01;35:do=01;35:bd=40;33;01:cd=40;33;01:or=40;31;01:mi=00:su=37;41:sg=30;43:ca=30;41:tw=30;42:ow=34;42:st=37;44:ex=01;32:*.tar=01;31:*.tgz=01;31:*.arc=01;31:*.arj=01;31:*.taz=01;31:*.lha=01;31:*.lz4=01;31:*.lzh=01;31:*.lzma=01;31:*.tlz=01;31:*.txz=01;31:*.tzo=01;31:*.t7z=01;31:*.zip=01;31:*.z=01;31:*.dz=01;31:*.gz=01;31:*.lrz=01;31:*.lz=01;31:*.lzo=01;31:*.xz=01;31:*.zst=01;31:*.tzst=01;31:*.bz2=01;31:*.bz=01;31:*.tbz=01;31:*.tbz2=01;31:*.tz=01;31:*.deb=01;31:*.rpm=01;31:*.jar=01;31:*.war=01;31:*.ear=01;31:*.sar=01;31:*.rar=01;31:*.alz=01;31:*.ace=01;31:*.zoo=01;31:*.cpio=01;31:*.7z=01;31:*.rz=01;31:*.cab=01;31:*.wim=01;31:*.swm=01;31:*.dwm=01;31:*.esd=01;31:*.jpg=01;35:*.jpeg=01;35:*.mjpg=01;35:*.mjpeg=01;35:*.gif=01;35:*.bmp=01;35:*.pbm=01;35:*.pgm=01;35:*.ppm=01;35:*.tga=01;35:*.xbm=01;35:*.xpm=01;35:*.tif=01;35:*.tiff=01;35:*.png=01;35:*.svg=01;35:*.svgz=01;35:*.mng=01;35:*.pcx=01;35:*.mov=01;35:*.mpg=01;35:*.mpeg=01;35:*.m2v=01;35:*.mkv=01;35:*.webm=01;35:*.webp=01;35:*.ogm=01;35:*.mp4=01;35:*.m4v=01;35:*.mp4v=01;35:*.vob=01;35:*.qt=01;35:*.nuv=01;35:*.wmv=01;35:*.asf=01;35:*.rm=01;35:*.rmvb=01;35:*.flc=01;35:*.avi=01;35:*.fli=01;35:*.flv=01;35:*.gl=01;35:*.dl=01;35:*.xcf=01;35:*.xwd=01;35:*.yuv=01;35:*.cgm=01;35:*.emf=01;35:*.ogv=01;35:*.ogx=01;35:*.aac=00;36:*.au=00;36:*.flac=00;36:*.m4a=00;36:*.mid=00;36:*.midi=00;36:*.mka=00;36:*.mp3=00;36:*.mpc=00;36:*.ogg=00;36:*.ra=00;36:*.wav=00;36:*.oga=00;36:*.opus=00;36:*.spx=00;36:*.xspf=00;36:'), ('GNOME_TERMINAL_SERVICE', ':1.102'), ('SSH_AGENT_LAUNCHER', 'gnome-keyring'), ('SSH_AUTH_SOCK', '/run/user/1000/keyring/ssh'), ('AMENT_PREFIX_PATH', '/home/aayush/eYRC/Software/workspace/install/task_1c:/home/aayush/eYRC/Software/workspace/install/task_1b:/home/aayush/eYRC/Software/workspace/install/hb_description:/home/aayush/eYRC/Software/workspace/install/task_1a:/home/aayush/eYRC/Software/workspace/install/shape_interface:/opt/ros/humble'), ('SHELL', '/bin/bash'), ('QT_ACCESSIBILITY', '1'), ('GDMSESSION', 'ubuntu'), ('LESSCLOSE', '/usr/bin/lesspipe %s %s'), ('QT_IM_MODULE', 'ibus'), ('PWD', '/home/aayush/eYRC/Software/workspace/build/task_1b'), ('LC_ALL', 'en_US.UTF-8'), ('XDG_CONFIG_DIRS', '/etc/xdg/xdg-ubuntu:/etc/xdg'), ('XDG_DATA_DIRS', '/usr/share/ubuntu:/usr/local/share/:/usr/share/:/var/lib/snapd/desktop'), ('PYTHONPATH', '/home/aayush/eYRC/Software/workspace/install/task_1b/local/lib/python3.10/dist-packages:/home/aayush/eYRC/Software/workspace/install/task_1a/local/lib/python3.10/dist-packages:/home/aayush/eYRC/Software/workspace/install/shape_interface/local/lib/python3.10/dist-packages:/opt/ros/humble/lib/python3.10/site-packages:/opt/ros/humble/local/lib/python3.10/dist-packages'), ('COLCON', '1'), ('VTE_VERSION', '6800'), ('CMAKE_PREFIX_PATH', '/home/aayush/eYRC/Software/workspace/install/task_1c:/home/aayush/eYRC/Software/workspace/install/task_1b:/home/aayush/eYRC/Software/workspace/install/hb_description:/home/aayush/eYRC/Software/workspace/install/task_1a:/home/aayush/eYRC/Software/workspace/install/shape_interface:/opt/ros/humble')]), 'shell': False}
[0.371878] (task_1a) JobProgress: {'identifier': 'task_1a', 'progress': 'cmake'}
[0.372356] (task_1a) JobProgress: {'identifier': 'task_1a', 'progress': 'build'}
[0.372672] (task_1a) Command: {'cmd': ['/usr/bin/cmake', '--build', '/home/aayush/eYRC/Software/workspace/build/task_1a', '--', '-j6', '-l6'], 'cwd': '/home/aayush/eYRC/Software/workspace/build/task_1a', 'env': OrderedDict([('LESSOPEN', '| /usr/bin/lesspipe %s'), ('LANGUAGE', 'en_IN:en'), ('USER', 'aayush'), ('XDG_SESSION_TYPE', 'wayland'), ('SHLVL', '1'), ('LD_LIBRARY_PATH', '/home/aayush/eYRC/Software/workspace/install/shape_interface/lib:/home/aayush/eYRC/Software/workspace/install/hb_description/lib:/opt/ros/humble/opt/rviz_ogre_vendor/lib:/opt/ros/humble/lib/x86_64-linux-gnu:/opt/ros/humble/lib:/opt/mujoco/lib'), ('HOME', '/home/aayush'), ('OLDPWD', '/home/aayush/eYRC/Software/workspace/src'), ('DESKTOP_SESSION', 'ubuntu'), ('ROS_PYTHON_VERSION', '3'), ('GNOME_SHELL_SESSION_MODE', 'ubuntu'), ('GTK_MODULES', 'gail:atk-bridge'), ('SYSTEMD_EXEC_PID', '1744'), ('DBUS_SESSION_BUS_ADDRESS', 'unix:path=/run/user/1000/bus'), ('COLORTERM', 'truecolor'), ('IM_CONFIG_PHASE', '1'), ('WAYLAND_DISPLAY', 'wayland-0'), ('COLCON_PREFIX_PATH', '/home/aayush/eYRC/Software/workspace/install'), ('ROS_DISTRO', 'humble'), ('LOGNAME', 'aayush'), ('_', '/usr/bin/colcon'), ('ROS_VERSION', '2'), ('XDG_SESSION_CLASS', 'user'), ('MUJOCO_HOME', '/opt/mujoco'), ('USERNAME', 'aayush'), ('TERM', 'xterm-256color'), ('GNOME_DESKTOP_SESSION_ID', 'this-is-deprecated'), ('ROS_LOCALHOST_ONLY', '0'), ('PATH', '/opt/ros/humble/bin:/usr/local/sbin:/usr/local/bin:/usr/sbin:/usr/bin:/sbin:/bin:/usr/games:/usr/local/games:/snap/bin:/snap/bin:/opt/mujoco/bin'), ('SESSION_MANAGER', 'local/aayush-Inspiron-15-3530:@/tmp/.ICE-unix/1526,unix/aayush-Inspiron-15-3530:/tmp/.ICE-unix/1526'), ('XDG_MENU_PREFIX', 'gnome-'), ('GNOME_TERMINAL_SCREEN', '/org/gnome/Terminal/screen/3aef74fe_2e12_4c3d_a376_35801467e145'), ('GNOME_SETUP_DISPLAY', ':1'), ('XDG_RUNTIME_DIR', '/run/user/1000'), ('DISPLAY', ':0'), ('LANG', 'en_US.UTF-8'), ('XDG_CURRENT_DESKTOP', 'ubuntu:GNOME'), ('XMODIFIERS', '@im=ibus'), ('XDG_SESSION_DESKTOP', 'ubuntu'), ('XAUTHORITY', '/run/user/1000/.mutter-Xwaylandauth.2VPZW3'), ('LS_COLORS', 'rs=0:di=01;34:ln=01;36:mh=00:pi=40;33:so=01;35:do=01;35:bd=40;33;01:cd=40;33;01:or=40;31;01:mi=00:su=37;41:sg=30;43:ca=30;41:tw=30;42:ow=34;42:st=37;44:ex=01;32:*.tar=01;31:*.tgz=01;31:*.arc=01;31:*.arj=01;31:*.taz=01;31:*.lha=01;31:*.lz4=01;31:*.lzh=01;31:*.lzma=01;31:*.tlz=01;31:*.txz=01;31:*.tzo=01;31:*.t7z=01;31:*.zip=01;31:*.z=01;31:*.dz=01;31:*.gz=01;31:*.lrz=01;31:*.lz=01;31:*.lzo=01;31:*.xz=01;31:*.zst=01;31:*.tzst=01;31:*.bz2=01;31:*.bz=01;31:*.tbz=01;31:*.tbz2=01;31:*.tz=01;31:*.deb=01;31:*.rpm=01;31:*.jar=01;31:*.war=01;31:*.ear=01;31:*.sar=01;31:*.rar=01;31:*.alz=01;31:*.ace=01;31:*.zoo=01;31:*.cpio=01;31:*.7z=01;31:*.rz=01;31:*.cab=01;31:*.wim=01;31:*.swm=01;31:*.dwm=01;31:*.esd=01;31:*.jpg=01;35:*.jpeg=01;35:*.mjpg=01;35:*.mjpeg=01;35:*.gif=01;35:*.bmp=01;35:*.pbm=01;35:*.pgm=01;35:*.ppm=01;35:*.tga=01;35:*.xbm=01;35:*.xpm=01;35:*.tif=01;35:*.tiff=01;35:*.png=01;35:*.svg=01;35:*.svgz=01;35:*.mng=01;35:*.pcx=01;35:*.mov=01;35:*.mpg=01;35:*.mpeg=01;35:*.m2v=01;35:*.mkv=01;35:*.webm=01;35:*.webp=01;35:*.ogm=01;35:*.mp4=01;35:*.m4v=01;35:*.mp4v=01;35:*.vob=01;35:*.qt=01;35:*.nuv=01;35:*.wmv=01;35:*.asf=01;35:*.rm=01;35:*.rmvb=01;35:*.flc=01;35:*.avi=01;35:*.fli=01;35:*.flv=01;35:*.gl=01;35:*.dl=01;35:*.xcf=01;35:*.xwd=01;35:*.yuv=01;35:*.cgm=01;35:*.emf=01;35:*.ogv=01;35:*.ogx=01;35:*.aac=00;36:*.au=00;36:*.flac=00;36:*.m4a=00;36:*.mid=00;36:*.midi=00;36:*.mka=00;36:*.mp3=00;36:*.mpc=00;36:*.ogg=00;36:*.ra=00;36:*.wav=00;36:*.oga=00;36:*.opus=00;36:*.spx=00;36:*.xspf=00;36:'), ('GNOME_TERMINAL_SERVICE', ':1.102'), ('SSH_AGENT_LAUNCHER', 'gnome-keyring'), ('SSH_AUTH_SOCK', '/run/user/1000/keyring/ssh'), ('AMENT_PREFIX_PATH', '/home/aayush/eYRC/Software/workspace/install/task_1c:/home/aayush/eYRC/Software/workspace/install/task_1b:/home/aayush/eYRC/Software/workspace/install/hb_description:/home/aayush/eYRC/Software/workspace/install/task_1a:/home/aayush/eYRC/Software/workspace/install/shape_interface:/opt/ros/humble'), ('SHELL', '/bin/bash'), ('QT_ACCESSIBILITY', '1'), ('GDMSESSION', 'ubuntu'), ('LESSCLOSE', '/usr/bin/lesspipe %s %s'), ('QT_IM_MODULE', 'ibus'), ('PWD', '/home/aayush/eYRC/Software/workspace/build/task_1a'), ('LC_ALL', 'en_US.UTF-8'), ('XDG_CONFIG_DIRS', '/etc/xdg/xdg-ubuntu:/etc/xdg'), ('XDG_DATA_DIRS', '/usr/share/ubuntu:/usr/local/share/:/usr/share/:/var/lib/snapd/desktop'), ('PYTHONPATH', '/home/aayush/eYRC/Software/workspace/install/task_1b/local/lib/python3.10/dist-packages:/home/aayush/eYRC/Software/workspace/install/task_1a/local/lib/python3.10/dist-packages:/home/aayush/eYRC/Software/workspace/install/shape_interface/local/lib/python3.10/dist-packages:/opt/ros/humble/lib/python3.10/site-packages:/opt/ros/humble/local/lib/python3.10/dist-packages'), ('COLCON', '1'), ('VTE_VERSION', '6800'), ('CMAKE_PREFIX_PATH', '/home/aayush/eYRC/Software/workspace/install/shape_interface:/home/aayush/eYRC/Software/workspace/install/task_1c:/home/aayush/eYRC/Software/workspace/install/task_1b:/home/aayush/eYRC/Software/workspace/install/hb_description:/home/aayush/eYRC/Software/workspace/install/task_1a:/opt/ros/humble')]), 'shell': False}
[0.373818] (task_1c) JobProgress: {'identifier': 'task_1c', 'progress': 'cmake'}
[0.374260] (task_1c) JobProgress: {'identifier': 'task_1c', 'progress': 'build'}
[0.374424] (task_1c) Command: {'cmd': ['/usr/bin/cmake', '--build', '/home/aayush/eYRC/Software/workspace/build/task_1c', '--', '-j6', '-l6'], 'cwd': '/home/aayush/eYRC/Software/workspace/build/task_1c', 'env': OrderedDict([('LESSOPEN', '| /usr/bin/lesspipe %s'), ('LANGUAGE', 'en_IN:en'), ('USER', 'aayush'), ('XDG_SESSION_TYPE', 'wayland'), ('SHLVL', '1'), ('LD_LIBRARY_PATH', '/home/aayush/eYRC/Software/workspace/install/shape_interface/lib:/home/aayush/eYRC/Software/workspace/install/hb_description/lib:/opt/ros/humble/opt/rviz_ogre_vendor/lib:/opt/ros/humble/lib/x86_64-linux-gnu:/opt/ros/humble/lib:/opt/mujoco/lib'), ('HOME', '/home/aayush'), ('OLDPWD', '/home/aayush/eYRC/Software/workspace/src'), ('DESKTOP_SESSION', 'ubuntu'), ('ROS_PYTHON_VERSION', '3'), ('GNOME_SHELL_SESSION_MODE', 'ubuntu'), ('GTK_MODULES', 'gail:atk-bridge'), ('SYSTEMD_EXEC_PID', '1744'), ('DBUS_SESSION_BUS_ADDRESS', 'unix:path=/run/user/1000/bus'), ('COLORTERM', 'truecolor'), ('IM_CONFIG_PHASE', '1'), ('WAYLAND_DISPLAY', 'wayland-0'), ('COLCON_PREFIX_PATH', '/home/aayush/eYRC/Software/workspace/install'), ('ROS_DISTRO', 'humble'), ('LOGNAME', 'aayush'), ('_', '/usr/bin/colcon'), ('ROS_VERSION', '2'), ('XDG_SESSION_CLASS', 'user'), ('MUJOCO_HOME', '/opt/mujoco'), ('USERNAME', 'aayush'), ('TERM', 'xterm-256color'), ('GNOME_DESKTOP_SESSION_ID', 'this-is-deprecated'), ('ROS_LOCALHOST_ONLY', '0'), ('PATH', '/opt/ros/humble/bin:/usr/local/sbin:/usr/local/bin:/usr/sbin:/usr/bin:/sbin:/bin:/usr/games:/usr/local/games:/snap/bin:/snap/bin:/opt/mujoco/bin'), ('SESSION_MANAGER', 'local/aayush-Inspiron-15-3530:@/tmp/.ICE-unix/1526,unix/aayush-Inspiron-15-3530:/tmp/.ICE-unix/1526'), ('XDG_MENU_PREFIX', 'gnome-'), ('GNOME_TERMINAL_SCREEN', '/org/gnome/Terminal/screen/3aef74fe_2e12_4c3d_a376_35801467e145'), ('GNOME_SETUP_DISPLAY', ':1'), ('XDG_RUNTIME_DIR', '/run/user/1000'), ('DISPLAY', ':0'), ('LANG', 'en_US.UTF-8'), ('XDG_CURRENT_DESKTOP', 'ubuntu:GNOME'), ('XMODIFIERS', '@im=ibus'), ('XDG_SESSION_DESKTOP', 'ubuntu'), ('XAUTHORITY', '/run/user/1000/.mutter-Xwaylandauth.2VPZW3'), ('LS_COLORS', 'rs=0:di=01;34:ln=01;36:mh=00:pi=40;33:so=01;35:do=01;35:bd=40;33;01:cd=40;33;01:or=40;31;01:mi=00:su=37;41:sg=30;43:ca=30;41:tw=30;42:ow=34;42:st=37;44:ex=01;32:*.tar=01;31:*.tgz=01;31:*.arc=01;31:*.arj=01;31:*.taz=01;31:*.lha=01;31:*.lz4=01;31:*.lzh=01;31:*.lzma=01;31:*.tlz=01;31:*.txz=01;31:*.tzo=01;31:*.t7z=01;31:*.zip=01;31:*.z=01;31:*.dz=01;31:*.gz=01;31:*.lrz=01;31:*.lz=01;31:*.lzo=01;31:*.xz=01;31:*.zst=01;31:*.tzst=01;31:*.bz2=01;31:*.bz=01;31:*.tbz=01;31:*.tbz2=01;31:*.tz=01;31:*.deb=01;31:*.rpm=01;31:*.jar=01;31:*.war=01;31:*.ear=01;31:*.sar=01;31:*.rar=01;31:*.alz=01;31:*.ace=01;31:*.zoo=01;31:*.cpio=01;31:*.7z=01;31:*.rz=01;31:*.cab=01;31:*.wim=01;31:*.swm=01;31:*.dwm=01;31:*.esd=01;31:*.jpg=01;35:*.jpeg=01;35:*.mjpg=01;35:*.mjpeg=01;35:*.gif=01;35:*.bmp=01;35:*.pbm=01;35:*.pgm=01;35:*.ppm=01;35:*.tga=01;35:*.xbm=01;35:*.xpm=01;35:*.tif=01;35:*.tiff=01;35:*.png=01;35:*.svg=01;35:*.svgz=01;35:*.mng=01;35:*.pcx=01;35:*.mov=01;35:*.mpg=01;35:*.mpeg=01;35:*.m2v=01;35:*.mkv=01;35:*.webm=01;35:*.webp=01;35:*.ogm=01;35:*.mp4=01;35:*.m4v=01;35:*.mp4v=01;35:*.vob=01;35:*.qt=01;35:*.nuv=01;35:*.wmv=01;35:*.asf=01;35:*.rm=01;35:*.rmvb=01;35:*.flc=01;35:*.avi=01;35:*.fli=01;35:*.flv=01;35:*.gl=01;35:*.dl=01;35:*.xcf=01;35:*.xwd=01;35:*.yuv=01;35:*.cgm=01;35:*.emf=01;35:*.ogv=01;35:*.ogx=01;35:*.aac=00;36:*.au=00;36:*.flac=00;36:*.m4a=00;36:*.mid=00;36:*.midi=00;36:*.mka=00;36:*.mp3=00;36:*.mpc=00;36:*.ogg=00;36:*.ra=00;36:*.wav=00;36:*.oga=00;36:*.opus=00;36:*.spx=00;36:*.xspf=00;36:'), ('GNOME_TERMINAL_SERVICE', ':1.102'), ('SSH_AGENT_LAUNCHER', 'gnome-keyring'), ('SSH_AUTH_SOCK', '/run/user/1000/keyring/ssh'), ('AMENT_PREFIX_PATH', '/home/aayush/eYRC/Software/workspace/install/task_1c:/home/aayush/eYRC/Software/workspace/install/task_1b:/home/aayush/eYRC/Software/workspace/install/hb_description:/home/aayush/eYRC/Software/workspace/install/task_1a:/home/aayush/eYRC/Software/workspace/install/shape_interface:/opt/ros/humble'), ('SHELL', '/bin/bash'), ('QT_ACCESSIBILITY', '1'), ('GDMSESSION', 'ubuntu'), ('LESSCLOSE', '/usr/bin/lesspipe %s %s'), ('QT_IM_MODULE', 'ibus'), ('PWD', '/home/aayush/eYRC/Software/workspace/build/task_1c'), ('LC_ALL', 'en_US.UTF-8'), ('XDG_CONFIG_DIRS', '/etc/xdg/xdg-ubuntu:/etc/xdg'), ('XDG_DATA_DIRS', '/usr/share/ubuntu:/usr/local/share/:/usr/share/:/var/lib/snapd/desktop'), ('PYTHONPATH', '/home/aayush/eYRC/Software/workspace/install/task_1b/local/lib/python3.10/dist-packages:/home/aayush/eYRC/Software/workspace/install/task_1a/local/lib/python3.10/dist-packages:/home/aayush/eYRC/Software/workspace/install/shape_interface/local/lib/python3.10/dist-packages:/opt/ros/humble/lib/python3.10/site-packages:/opt/ros/humble/local/lib/python3.10/dist-packages'), ('COLCON', '1'), ('VTE_VERSION', '6800'), ('CMAKE_PREFIX_PATH', '/home/aayush/eYRC/Software/workspace/install/shape_interface:/home/aayush/eYRC/Software/workspace/install/task_1c:/home/aayush/eYRC/Software/workspace/install/task_1b:/home/aayush/eYRC/Software/workspace/install/hb_description:/home/aayush/eYRC/Software/workspace/install/task_1a:/opt/ros/humble')]), 'shell': False}
[0.378315] (task_1b) StdoutLine: {'line': b'-- Install configuration: ""\n'}
[0.378568] (task_1b) StdoutLine: {'line': b'-- Up-to-date: /home/aayush/eYRC/Software/workspace/install/task_1b/share/task_1b/environment/pythonpath.sh\n'}
[0.378656] (task_1b) StdoutLine: {'line': b'-- Up-to-date: /home/aayush/eYRC/Software/workspace/install/task_1b/share/task_1b/environment/pythonpath.dsv\n'}
[0.378726] (task_1b) StdoutLine: {'line': b'-- Up-to-date: /home/aayush/eYRC/Software/workspace/install/task_1b/local/lib/python3.10/dist-packages/task_1b-0.0.1-py3.10.egg-info\n'}
[0.378816] (task_1b) StdoutLine: {'line': b'-- Installing: /home/aayush/eYRC/Software/workspace/install/task_1b/local/lib/python3.10/dist-packages/task_1b-0.0.1-py3.10.egg-info/SOURCES.txt\n'}
[0.378897] (task_1b) StdoutLine: {'line': b'-- Installing: /home/aayush/eYRC/Software/workspace/install/task_1b/local/lib/python3.10/dist-packages/task_1b-0.0.1-py3.10.egg-info/top_level.txt\n'}
[0.378961] (task_1b) StdoutLine: {'line': b'-- Installing: /home/aayush/eYRC/Software/workspace/install/task_1b/local/lib/python3.10/dist-packages/task_1b-0.0.1-py3.10.egg-info/PKG-INFO\n'}
[0.379037] (task_1b) StdoutLine: {'line': b'-- Installing: /home/aayush/eYRC/Software/workspace/install/task_1b/local/lib/python3.10/dist-packages/task_1b-0.0.1-py3.10.egg-info/dependency_links.txt\n'}
[0.379168] (task_1b) StdoutLine: {'line': b'-- Up-to-date: /home/aayush/eYRC/Software/workspace/install/task_1b/local/lib/python3.10/dist-packages/task_1b\n'}
[0.379281] (task_1b) StdoutLine: {'line': b'-- Up-to-date: /home/aayush/eYRC/Software/workspace/install/task_1b/local/lib/python3.10/dist-packages/task_1b/__init__.py\n'}
[0.379329] (task_1b) StdoutLine: {'line': b'-- Up-to-date: /home/aayush/eYRC/Software/workspace/install/task_1b/local/lib/python3.10/dist-packages/task_1b/inverse_kinematics.py\n'}
[0.400021] (-) TimerEvent: {}
[0.406685] (task_1c) CommandEnded: {'returncode': 0}
[0.407085] (task_1c) JobProgress: {'identifier': 'task_1c', 'progress': 'install'}
[0.407234] (task_1c) Command: {'cmd': ['/usr/bin/cmake', '--install', '/home/aayush/eYRC/Software/workspace/build/task_1c'], 'cwd': '/home/aayush/eYRC/Software/workspace/build/task_1c', 'env': OrderedDict([('LESSOPEN', '| /usr/bin/lesspipe %s'), ('LANGUAGE', 'en_IN:en'), ('USER', 'aayush'), ('XDG_SESSION_TYPE', 'wayland'), ('SHLVL', '1'), ('LD_LIBRARY_PATH', '/home/aayush/eYRC/Software/workspace/install/shape_interface/lib:/home/aayush/eYRC/Software/workspace/install/hb_description/lib:/opt/ros/humble/opt/rviz_ogre_vendor/lib:/opt/ros/humble/lib/x86_64-linux-gnu:/opt/ros/humble/lib:/opt/mujoco/lib'), ('HOME', '/home/aayush'), ('OLDPWD', '/home/aayush/eYRC/Software/workspace/src'), ('DESKTOP_SESSION', 'ubuntu'), ('ROS_PYTHON_VERSION', '3'), ('GNOME_SHELL_SESSION_MODE', 'ubuntu'), ('GTK_MODULES', 'gail:atk-bridge'), ('SYSTEMD_EXEC_PID', '1744'), ('DBUS_SESSION_BUS_ADDRESS', 'unix:path=/run/user/1000/bus'), ('COLORTERM', 'truecolor'), ('IM_CONFIG_PHASE', '1'), ('WAYLAND_DISPLAY', 'wayland-0'), ('COLCON_PREFIX_PATH', '/home/aayush/eYRC/Software/workspace/install'), ('ROS_DISTRO', 'humble'), ('LOGNAME', 'aayush'), ('_', '/usr/bin/colcon'), ('ROS_VERSION', '2'), ('XDG_SESSION_CLASS', 'user'), ('MUJOCO_HOME', '/opt/mujoco'), ('USERNAME', 'aayush'), ('TERM', 'xterm-256color'), ('GNOME_DESKTOP_SESSION_ID', 'this-is-deprecated'), ('ROS_LOCALHOST_ONLY', '0'), ('PATH', '/opt/ros/humble/bin:/usr/local/sbin:/usr/local/bin:/usr/sbin:/usr/bin:/sbin:/bin:/usr/games:/usr/local/games:/snap/bin:/snap/bin:/opt/mujoco/bin'), ('SESSION_MANAGER', 'local/aayush-Inspiron-15-3530:@/tmp/.ICE-unix/1526,unix/aayush-Inspiron-15-3530:/tmp/.ICE-unix/1526'), ('XDG_MENU_PREFIX', 'gnome-'), ('GNOME_TERMINAL_SCREEN', '/org/gnome/Terminal/screen/3aef74fe_2e12_4c3d_a376_35801467e145'), ('GNOME_SETUP_DISPLAY', ':1'), ('XDG_RUNTIME_DIR', '/run/user/1000'), ('DISPLAY', ':0'), ('LANG', 'en_US.UTF-8'), ('XDG_CURRENT_DESKTOP', 'ubuntu:GNOME'), ('XMODIFIERS', '@im=ibus'), ('XDG_SESSION_DESKTOP', 'ubuntu'), ('XAUTHORITY', '/run/user/1000/.mutter-Xwaylandauth.2VPZW3'), ('LS_COLORS', 'rs=0:di=01;34:ln=01;36:mh=00:pi=40;33:so=01;35:do=01;35:bd=40;33;01:cd=40;33;01:or=40;31;01:mi=00:su=37;41:sg=30;43:ca=30;41:tw=30;42:ow=34;42:st=37;44:ex=01;32:*.tar=01;31:*.tgz=01;31:*.arc=01;31:*.arj=01;31:*.taz=01;31:*.lha=01;31:*.lz4=01;31:*.lzh=01;31:*.lzma=01;31:*.tlz=01;31:*.txz=01;31:*.tzo=01;31:*.t7z=01;31:*.zip=01;31:*.z=01;31:*.dz=01;31:*.gz=01;31:*.lrz=01;31:*.lz=01;31:*.lzo=01;31:*.xz=01;31:*.zst=01;31:*.tzst=01;31:*.bz2=01;31:*.bz=01;31:*.tbz=01;31:*.tbz2=01;31:*.tz=01;31:*.deb=01;31:*.rpm=01;31:*.jar=01;31:*.war=01;31:*.ear=01;31:*.sar=01;31:*.rar=01;31:*.alz=01;31:*.ace=01;31:*.zoo=01;31:*.cpio=01;31:*.7z=01;31:*.rz=01;31:*.cab=01;31:*.wim=01;31:*.swm=01;31:*.dwm=01;31:*.esd=01;31:*.jpg=01;35:*.jpeg=01;35:*.mjpg=01;35:*.mjpeg=01;35:*.gif=01;35:*.bmp=01;35:*.pbm=01;35:*.pgm=01;35:*.ppm=01;35:*.tga=01;35:*.xbm=01;35:*.xpm=01;35:*.tif=01;35:*.tiff=01;35:*.png=01;35:*.svg=01;35:*.svgz=01;35:*.mng=01;35:*.pcx=01;35:*.mov=01;35:*.mpg=01;35:*.mpeg=01;35:*.m2v=01;35:*.mkv=01;35:*.webm=01;35:*.webp=01;35:*.ogm=01;35:*.mp4=01;35:*.m4v=01;35:*.mp4v=01;35:*.vob=01;35:*.qt=01;35:*.nuv=01;35:*.wmv=01;35:*.asf=01;35:*.rm=01;35:*.rmvb=01;35:*.flc=01;35:*.avi=01;35:*.fli=01;35:*.flv=01;35:*.gl=01;35:*.dl=01;35:*.xcf=01;35:*.xwd=01;35:*.yuv=01;35:*.cgm=01;35:*.emf=01;35:*.ogv=01;35:*.ogx=01;35:*.aac=00;36:*.au=00;36:*.flac=00;36:*.m4a=00;36:*.mid=00;36:*.midi=00;36:*.mka=00;36:*.mp3=00;36:*.mpc=00;36:*.ogg=00;36:*.ra=00;36:*.wav=00;36:*.oga=00;36:*.opus=00;36:*.spx=00;36:*.xspf=00;36:'), ('GNOME_TERMINAL_SERVICE', ':1.102'), ('SSH_AGENT_LAUNCHER', 'gnome-keyring'), ('SSH_AUTH_SOCK', '/run/user/1000/keyring/ssh'), ('AMENT_PREFIX_PATH', '/home/aayush/eYRC/Software/workspace/install/task_1c:/home/aayush/eYRC/Software/workspace/install/task_1b:/home/aayush/eYRC/Software/workspace/install/hb_description:/home/aayush/eYRC/Software/workspace/install/task_1a:/home/aayush/eYRC/Software/workspace/install/shape_interface:/opt/ros/humble'), ('SHELL', '/bin/bash'), ('QT_ACCESSIBILITY', '1'), ('GDMSESSION', 'ubuntu'), ('LESSCLOSE', '/usr/bin/lesspipe %s %s'), ('QT_IM_MODULE', 'ibus'), ('PWD', '/home/aayush/eYRC/Software/workspace/build/task_1c'), ('LC_ALL', 'en_US.UTF-8'), ('XDG_CONFIG_DIRS', '/etc/xdg/xdg-ubuntu:/etc/xdg'), ('XDG_DATA_DIRS', '/usr/share/ubuntu:/usr/local/share/:/usr/share/:/var/lib/snapd/desktop'), ('PYTHONPATH', '/home/aayush/eYRC/Software/workspace/install/task_1b/local/lib/python3.10/dist-packages:/home/aayush/eYRC/Software/workspace/install/task_1a/local/lib/python3.10/dist-packages:/home/aayush/eYRC/Software/workspace/install/shape_interface/local/lib/python3.10/dist-packages:/opt/ros/humble/lib/python3.10/site-packages:/opt/ros/humble/local/lib/python3.10/dist-packages'), ('COLCON', '1'), ('VTE_VERSION', '6800'), ('CMAKE_PREFIX_PATH', '/home/aayush/eYRC/Software/workspace/install/shape_interface:/home/aayush/eYRC/Software/workspace/install/task_1c:/home/aayush/eYRC/Software/workspace/install/task_1b:/home/aayush/eYRC/Software/workspace/install/hb_description:/home/aayush/eYRC/Software/workspace/install/task_1a:/opt/ros/humble')]), 'shell': False}
[0.413989] (task_1c) StdoutLine: {'line': b'-- Install configuration: ""\n'}
[0.414314] (task_1c) StdoutLine: {'line': b'-- Up-to-date: /home/aayush/eYRC/Software/workspace/install/task_1c/lib/task_1c/sim_control\n'}
[0.414395] (task_1c) StdoutLine: {'line': b'-- Up-to-date: /home/aayush/eYRC/Software/workspace/install/task_1c/lib/task_1c/shape_service\n'}
[0.414483] (task_1c) StdoutLine: {'line': b'-- Up-to-date: /home/aayush/eYRC/Software/workspace/install/task_1c/share/ament_index/resource_index/package_run_dependencies/task_1c\n'}
[0.414558] (task_1c) StdoutLine: {'line': b'-- Up-to-date: /home/aayush/eYRC/Software/workspace/install/task_1c/share/ament_index/resource_index/parent_prefix_path/task_1c\n'}
[0.414624] (task_1c) StdoutLine: {'line': b'-- Up-to-date: /home/aayush/eYRC/Software/workspace/install/task_1c/share/task_1c/environment/ament_prefix_path.sh\n'}
[0.414690] (task_1c) StdoutLine: {'line': b'-- Up-to-date: /home/aayush/eYRC/Software/workspace/install/task_1c/share/task_1c/environment/ament_prefix_path.dsv\n'}
[0.414752] (task_1c) StdoutLine: {'line': b'-- Up-to-date: /home/aayush/eYRC/Software/workspace/install/task_1c/share/task_1c/environment/path.sh\n'}
[0.414817] (task_1c) StdoutLine: {'line': b'-- Up-to-date: /home/aayush/eYRC/Software/workspace/install/task_1c/share/task_1c/environment/path.dsv\n'}
[0.414878] (task_1c) StdoutLine: {'line': b'-- Up-to-date: /home/aayush/eYRC/Software/workspace/install/task_1c/share/task_1c/local_setup.bash\n'}
[0.414944] (task_1c) StdoutLine: {'line': b'-- Up-to-date: /home/aayush/eYRC/Software/workspace/install/task_1c/share/task_1c/local_setup.sh\n'}
[0.415004] (task_1c) StdoutLine: {'line': b'-- Up-to-date: /home/aayush/eYRC/Software/workspace/install/task_1c/share/task_1c/local_setup.zsh\n'}
[0.415066] (task_1c) StdoutLine: {'line': b'-- Up-to-date: /home/aayush/eYRC/Software/workspace/install/task_1c/share/task_1c/local_setup.dsv\n'}
[0.415126] (task_1c) StdoutLine: {'line': b'-- Installing: /home/aayush/eYRC/Software/workspace/install/task_1c/share/task_1c/package.dsv\n'}
[0.415189] (task_1c) StdoutLine: {'line': b'-- Up-to-date: /home/aayush/eYRC/Software/workspace/install/task_1c/share/ament_index/resource_index/packages/task_1c\n'}
[0.415252] (task_1c) StdoutLine: {'line': b'-- Up-to-date: /home/aayush/eYRC/Software/workspace/install/task_1c/share/task_1c/cmake/task_1cConfig.cmake\n'}
[0.415316] (task_1c) StdoutLine: {'line': b'-- Up-to-date: /home/aayush/eYRC/Software/workspace/install/task_1c/share/task_1c/cmake/task_1cConfig-version.cmake\n'}
[0.415730] (task_1c) StdoutLine: {'line': b'-- Up-to-date: /home/aayush/eYRC/Software/workspace/install/task_1c/share/task_1c/package.xml\n'}
[0.416162] (task_1b) StdoutLine: {'line': b"Listing '/home/aayush/eYRC/Software/workspace/install/task_1b/local/lib/python3.10/dist-packages/task_1b'...\n"}
[0.416884] (task_1c) CommandEnded: {'returncode': 0}
[0.421720] (task_1b) StdoutLine: {'line': b'-- Up-to-date: /home/aayush/eYRC/Software/workspace/install/task_1b/lib/task_1b/inverse_kinematics\n'}
[0.421948] (task_1b) StdoutLine: {'line': b'-- Up-to-date: /home/aayush/eYRC/Software/workspace/install/task_1b/lib/task_1b/cmd_vel_publisher\n'}
[0.422035] (task_1b) StdoutLine: {'line': b'-- Up-to-date: /home/aayush/eYRC/Software/workspace/install/task_1b/share/ament_index/resource_index/package_run_dependencies/task_1b\n'}
[0.422641] (task_1b) StdoutLine: {'line': b'-- Up-to-date: /home/aayush/eYRC/Software/workspace/install/task_1b/share/ament_index/resource_index/parent_prefix_path/task_1b\n'}
[0.422814] (task_1b) StdoutLine: {'line': b'-- Up-to-date: /home/aayush/eYRC/Software/workspace/install/task_1b/share/task_1b/environment/ament_prefix_path.sh\n'}
[0.422939] (task_1b) StdoutLine: {'line': b'-- Up-to-date: /home/aayush/eYRC/Software/workspace/install/task_1b/share/task_1b/environment/ament_prefix_path.dsv\n'}
[0.423163] (task_1b) StdoutLine: {'line': b'-- Up-to-date: /home/aayush/eYRC/Software/workspace/install/task_1b/share/task_1b/environment/path.sh\n'}
[0.423325] (task_1b) StdoutLine: {'line': b'-- Up-to-date: /home/aayush/eYRC/Software/workspace/install/task_1b/share/task_1b/environment/path.dsv\n'}
[0.423723] (task_1b) StdoutLine: {'line': b'-- Up-to-date: /home/aayush/eYRC/Software/workspace/install/task_1b/share/task_1b/local_setup.bash\n'}
[0.423943] (task_1b) StdoutLine: {'line': b'-- Up-to-date: /home/aayush/eYRC/Software/workspace/install/task_1b/share/task_1b/local_setup.sh\n'}
[0.424129] (task_1b) StdoutLine: {'line': b'-- Up-to-date: /home/aayush/eYRC/Software/workspace/install/task_1b/share/task_1b/local_setup.zsh\n'}
[0.424220] (task_1b) StdoutLine: {'line': b'-- Up-to-date: /home/aayush/eYRC/Software/workspace/install/task_1b/share/task_1b/local_setup.dsv\n'}
[0.424286] (task_1b) StdoutLine: {'line': b'-- Installing: /home/aayush/eYRC/Software/workspace/install/task_1b/share/task_1b/package.dsv\n'}
[0.424358] (task_1b) StdoutLine: {'line': b'-- Up-to-date: /home/aayush/eYRC/Software/workspace/install/task_1b/share/ament_index/resource_index/packages/task_1b\n'}
[0.424421] (task_1b) StdoutLine: {'line': b'-- Up-to-date: /home/aayush/eYRC/Software/workspace/install/task_1b/share/task_1b/cmake/task_1bConfig.cmake\n'}
[0.424495] (task_1b) StdoutLine: {'line': b'-- Up-to-date: /home/aayush/eYRC/Software/workspace/install/task_1b/share/task_1b/cmake/task_1bConfig-version.cmake\n'}
[0.424558] (task_1b) StdoutLine: {'line': b'-- Up-to-date: /home/aayush/eYRC/Software/workspace/install/task_1b/share/task_1b/package.xml\n'}
[0.424618] (task_1a) StdoutLine: {'line': b'Built target ament_cmake_python_copy_task_1a\n'}
[0.467105] (task_1c) JobEnded: {'identifier': 'task_1c', 'rc': 0}
[0.468140] (task_1b) CommandEnded: {'returncode': 0}
[0.475369] (task_1b) JobEnded: {'identifier': 'task_1b', 'rc': 0}
[0.500114] (-) TimerEvent: {}
[0.584454] (task_1a) StdoutLine: {'line': b'running egg_info\n'}
[0.585042] (task_1a) StdoutLine: {'line': b'writing task_1a.egg-info/PKG-INFO\n'}
[0.585147] (task_1a) StdoutLine: {'line': b'writing dependency_links to task_1a.egg-info/dependency_links.txt\n'}
[0.585323] (task_1a) StdoutLine: {'line': b'writing top-level names to task_1a.egg-info/top_level.txt\n'}
[0.587662] (task_1a) StdoutLine: {'line': b"reading manifest file 'task_1a.egg-info/SOURCES.txt'\n"}
[0.587984] (task_1a) StdoutLine: {'line': b"writing manifest file 'task_1a.egg-info/SOURCES.txt'\n"}
[0.600212] (-) TimerEvent: {}
[0.606038] (task_1a) StdoutLine: {'line': b'Built target ament_cmake_python_build_task_1a_egg\n'}
[0.614315] (task_1a) CommandEnded: {'returncode': 0}
[0.614779] (task_1a) JobProgress: {'identifier': 'task_1a', 'progress': 'install'}
[0.614900] (task_1a) Command: {'cmd': ['/usr/bin/cmake', '--install', '/home/aayush/eYRC/Software/workspace/build/task_1a'], 'cwd': '/home/aayush/eYRC/Software/workspace/build/task_1a', 'env': OrderedDict([('LESSOPEN', '| /usr/bin/lesspipe %s'), ('LANGUAGE', 'en_IN:en'), ('USER', 'aayush'), ('XDG_SESSION_TYPE', 'wayland'), ('SHLVL', '1'), ('LD_LIBRARY_PATH', '/home/aayush/eYRC/Software/workspace/install/shape_interface/lib:/home/aayush/eYRC/Software/workspace/install/hb_description/lib:/opt/ros/humble/opt/rviz_ogre_vendor/lib:/opt/ros/humble/lib/x86_64-linux-gnu:/opt/ros/humble/lib:/opt/mujoco/lib'), ('HOME', '/home/aayush'), ('OLDPWD', '/home/aayush/eYRC/Software/workspace/src'), ('DESKTOP_SESSION', 'ubuntu'), ('ROS_PYTHON_VERSION', '3'), ('GNOME_SHELL_SESSION_MODE', 'ubuntu'), ('GTK_MODULES', 'gail:atk-bridge'), ('SYSTEMD_EXEC_PID', '1744'), ('DBUS_SESSION_BUS_ADDRESS', 'unix:path=/run/user/1000/bus'), ('COLORTERM', 'truecolor'), ('IM_CONFIG_PHASE', '1'), ('WAYLAND_DISPLAY', 'wayland-0'), ('COLCON_PREFIX_PATH', '/home/aayush/eYRC/Software/workspace/install'), ('ROS_DISTRO', 'humble'), ('LOGNAME', 'aayush'), ('_', '/usr/bin/colcon'), ('ROS_VERSION', '2'), ('XDG_SESSION_CLASS', 'user'), ('MUJOCO_HOME', '/opt/mujoco'), ('USERNAME', 'aayush'), ('TERM', 'xterm-256color'), ('GNOME_DESKTOP_SESSION_ID', 'this-is-deprecated'), ('ROS_LOCALHOST_ONLY', '0'), ('PATH', '/opt/ros/humble/bin:/usr/local/sbin:/usr/local/bin:/usr/sbin:/usr/bin:/sbin:/bin:/usr/games:/usr/local/games:/snap/bin:/snap/bin:/opt/mujoco/bin'), ('SESSION_MANAGER', 'local/aayush-Inspiron-15-3530:@/tmp/.ICE-unix/1526,unix/aayush-Inspiron-15-3530:/tmp/.ICE-unix/1526'), ('XDG_MENU_PREFIX', 'gnome-'), ('GNOME_TERMINAL_SCREEN', '/org/gnome/Terminal/screen/3aef74fe_2e12_4c3d_a376_35801467e145'), ('GNOME_SETUP_DISPLAY', ':1'), ('XDG_RUNTIME_DIR', '/run/user/1000'), ('DISPLAY', ':0'), ('LANG', 'en_US.UTF-8'), ('XDG_CURRENT_DESKTOP', 'ubuntu:GNOME'), ('XMODIFIERS', '@im=ibus'), ('XDG_SESSION_DESKTOP', 'ubuntu'), ('XAUTHORITY', '/run/user/1000/.mutter-Xwaylandauth.2VPZW3'), ('LS_COLORS', 'rs=0:di=01;34:ln=01;36:mh=00:pi=40;33:so=01;35:do=01;35:bd=40;33;01:cd=40;33;01:or=40;31;01:mi=00:su=37;41:sg=30;43:ca=30;41:tw=30;42:ow=34;42:st=37;44:ex=01;32:*.tar=01;31:*.tgz=01;31:*.arc=01;31:*.arj=01;31:*.taz=01;31:*.lha=01;31:*.lz4=01;31:*.lzh=01;31:*.lzma=01;31:*.tlz=01;31:*.txz=01;31:*.tzo=01;31:*.t7z=01;31:*.zip=01;31:*.z=01;31:*.dz=01;31:*.gz=01;31:*.lrz=01;31:*.lz=01;31:*.lzo=01;31:*.xz=01;31:*.zst=01;31:*.tzst=01;31:*.bz2=01;31:*.bz=01;31:*.tbz=01;31:*.tbz2=01;31:*.tz=01;31:*.deb=01;31:*.rpm=01;31:*.jar=01;31:*.war=01;31:*.ear=01;31:*.sar=01;31:*.rar=01;31:*.alz=01;31:*.ace=01;31:*.zoo=01;31:*.cpio=01;31:*.7z=01;31:*.rz=01;31:*.cab=01;31:*.wim=01;31:*.swm=01;31:*.dwm=01;31:*.esd=01;31:*.jpg=01;35:*.jpeg=01;35:*.mjpg=01;35:*.mjpeg=01;35:*.gif=01;35:*.bmp=01;35:*.pbm=01;35:*.pgm=01;35:*.ppm=01;35:*.tga=01;35:*.xbm=01;35:*.xpm=01;35:*.tif=01;35:*.tiff=01;35:*.png=01;35:*.svg=01;35:*.svgz=01;35:*.mng=01;35:*.pcx=01;35:*.mov=01;35:*.mpg=01;35:*.mpeg=01;35:*.m2v=01;35:*.mkv=01;35:*.webm=01;35:*.webp=01;35:*.ogm=01;35:*.mp4=01;35:*.m4v=01;35:*.mp4v=01;35:*.vob=01;35:*.qt=01;35:*.nuv=01;35:*.wmv=01;35:*.asf=01;35:*.rm=01;35:*.rmvb=01;35:*.flc=01;35:*.avi=01;35:*.fli=01;35:*.flv=01;35:*.gl=01;35:*.dl=01;35:*.xcf=01;35:*.xwd=01;35:*.yuv=01;35:*.cgm=01;35:*.emf=01;35:*.ogv=01;35:*.ogx=01;35:*.aac=00;36:*.au=00;36:*.flac=00;36:*.m4a=00;36:*.mid=00;36:*.midi=00;36:*.mka=00;36:*.mp3=00;36:*.mpc=00;36:*.ogg=00;36:*.ra=00;36:*.wav=00;36:*.oga=00;36:*.opus=00;36:*.spx=00;36:*.xspf=00;36:'), ('GNOME_TERMINAL_SERVICE', ':1.102'), ('SSH_AGENT_LAUNCHER', 'gnome-keyring'), ('SSH_AUTH_SOCK', '/run/user/1000/keyring/ssh'), ('AMENT_PREFIX_PATH', '/home/aayush/eYRC/Software/workspace/install/task_1c:/home/aayush/eYRC/Software/workspace/install/task_1b:/home/aayush/eYRC/Software/workspace/install/hb_description:/home/aayush/eYRC/Software/workspace/install/task_1a:/home/aayush/eYRC/Software/workspace/install/shape_interface:/opt/ros/humble'), ('SHELL', '/bin/bash'), ('QT_ACCESSIBILITY', '1'), ('GDMSESSION', 'ubuntu'), ('LESSCLOSE', '/usr/bin/lesspipe %s %s'), ('QT_IM_MODULE', 'ibus'), ('PWD', '/home/aayush/eYRC/Software/workspace/build/task_1a'), ('LC_ALL', 'en_US.UTF-8'), ('XDG_CONFIG_DIRS', '/etc/xdg/xdg-ubuntu:/etc/xdg'), ('XDG_DATA_DIRS', '/usr/share/ubuntu:/usr/local/share/:/usr/share/:/var/lib/snapd/desktop'), ('PYTHONPATH', '/home/aayush/eYRC/Software/workspace/install/task_1b/local/lib/python3.10/dist-packages:/home/aayush/eYRC/Software/workspace/install/task_1a/local/lib/python3.10/dist-packages:/home/aayush/eYRC/Software/workspace/install/shape_interface/local/lib/python3.10/dist-packages:/opt/ros/humble/lib/python3.10/site-packages:/opt/ros/humble/local/lib/python3.10/dist-packages'), ('COLCON', '1'), ('VTE_VERSION', '6800'), ('CMAKE_PREFIX_PATH', '/home/aayush/eYRC/Software/workspace/install/shape_interface:/home/aayush/eYRC/Software/workspace/install/task_1c:/home/aayush/eYRC/Software/workspace/install/task_1b:/home/aayush/eYRC/Software/workspace/install/hb_description:/home/aayush/eYRC/Software/workspace/install/task_1a:/opt/ros/humble')]), 'shell': False}
[0.621915] (task_1a) StdoutLine: {'line': b'-- Install configuration: ""\n'}
[0.622126] (task_1a) StdoutLine: {'line': b'-- Up-to-date: /home/aayush/eYRC/Software/workspace/install/task_1a/lib/task_1a/pixel_to_world_service\n'}
[0.622224] (task_1a) StdoutLine: {'line': b'-- Up-to-date: /home/aayush/eYRC/Software/workspace/install/task_1a/share/task_1a/environment/pythonpath.sh\n'}
[0.622301] (task_1a) StdoutLine: {'line': b'-- Up-to-date: /home/aayush/eYRC/Software/workspace/install/task_1a/share/task_1a/environment/pythonpath.dsv\n'}
[0.622392] (task_1a) StdoutLine: {'line': b'-- Up-to-date: /home/aayush/eYRC/Software/workspace/install/task_1a/local/lib/python3.10/dist-packages/task_1a-0.0.1-py3.10.egg-info\n'}
[0.622464] (task_1a) StdoutLine: {'line': b'-- Installing: /home/aayush/eYRC/Software/workspace/install/task_1a/local/lib/python3.10/dist-packages/task_1a-0.0.1-py3.10.egg-info/SOURCES.txt\n'}
[0.622530] (task_1a) StdoutLine: {'line': b'-- Installing: /home/aayush/eYRC/Software/workspace/install/task_1a/local/lib/python3.10/dist-packages/task_1a-0.0.1-py3.10.egg-info/top_level.txt\n'}
[0.622590] (task_1a) StdoutLine: {'line': b'-- Installing: /home/aayush/eYRC/Software/workspace/install/task_1a/local/lib/python3.10/dist-packages/task_1a-0.0.1-py3.10.egg-info/PKG-INFO\n'}
[0.622651] (task_1a) StdoutLine: {'line': b'-- Installing: /home/aayush/eYRC/Software/workspace/install/task_1a/local/lib/python3.10/dist-packages/task_1a-0.0.1-py3.10.egg-info/dependency_links.txt\n'}
[0.622712] (task_1a) StdoutLine: {'line': b'-- Up-to-date: /home/aayush/eYRC/Software/workspace/install/task_1a/local/lib/python3.10/dist-packages/task_1a\n'}
[0.622773] (task_1a) StdoutLine: {'line': b'-- Up-to-date: /home/aayush/eYRC/Software/workspace/install/task_1a/local/lib/python3.10/dist-packages/task_1a/__init__.py\n'}
[0.622834] (task_1a) StdoutLine: {'line': b'-- Up-to-date: /home/aayush/eYRC/Software/workspace/install/task_1a/local/lib/python3.10/dist-packages/task_1a/camera_detection_task1a_ready.py\n'}
[0.622902] (task_1a) StdoutLine: {'line': b'-- Up-to-date: /home/aayush/eYRC/Software/workspace/install/task_1a/local/lib/python3.10/dist-packages/task_1a/camera_detection.py\n'}
[0.656737] (task_1a) StdoutLine: {'line': b"Listing '/home/aayush/eYRC/Software/workspace/install/task_1a/local/lib/python3.10/dist-packages/task_1a'...\n"}
[0.661063] (task_1a) StdoutLine: {'line': b'-- Up-to-date: /home/aayush/eYRC/Software/workspace/install/task_1a/lib/task_1a/camera_detection\n'}
[0.661276] (task_1a) StdoutLine: {'line': b'-- Up-to-date: /home/aayush/eYRC/Software/workspace/install/task_1a/share/ament_index/resource_index/package_run_dependencies/task_1a\n'}
[0.661357] (task_1a) StdoutLine: {'line': b'-- Up-to-date: /home/aayush/eYRC/Software/workspace/install/task_1a/share/ament_index/resource_index/parent_prefix_path/task_1a\n'}
[0.661563] (task_1a) StdoutLine: {'line': b'-- Up-to-date: /home/aayush/eYRC/Software/workspace/install/task_1a/share/task_1a/environment/ament_prefix_path.sh\n'}
[0.661640] (task_1a) StdoutLine: {'line': b'-- Up-to-date: /home/aayush/eYRC/Software/workspace/install/task_1a/share/task_1a/environment/ament_prefix_path.dsv\n'}
[0.661710] (task_1a) StdoutLine: {'line': b'-- Up-to-date: /home/aayush/eYRC/Software/workspace/install/task_1a/share/task_1a/environment/path.sh\n'}
[0.661775] (task_1a) StdoutLine: {'line': b'-- Up-to-date: /home/aayush/eYRC/Software/workspace/install/task_1a/share/task_1a/environment/path.dsv\n'}
[0.661845] (task_1a) StdoutLine: {'line': b'-- Up-to-date: /home/aayush/eYRC/Software/workspace/install/task_1a/share/task_1a/local_setup.bash\n'}
[0.661913] (task_1a) StdoutLine: {'line': b'-- Up-to-date: /home/aayush/eYRC/Software/workspace/install/task_1a/share/task_1a/local_setup.sh\n'}
[0.661976] (task_1a) StdoutLine: {'line': b'-- Up-to-date: /home/aayush/eYRC/Software/workspace/install/task_1a/share/task_1a/local_setup.zsh\n'}
[0.662035] (task_1a) StdoutLine: {'line': b'-- Up-to-date: /home/aayush/eYRC/Software/workspace/install/task_1a/share/task_1a/local_setup.dsv\n'}
[0.662096] (task_1a) StdoutLine: {'line': b'-- Installing: /home/aayush/eYRC/Software/workspace/install/task_1a/share/task_1a/package.dsv\n'}
[0.662192] (task_1a) StdoutLine: {'line': b'-- Up-to-date: /home/aayush/eYRC/Software/workspace/install/task_1a/share/ament_index/resource_index/packages/task_1a\n'}
[0.662316] (task_1a) StdoutLine: {'line': b'-- Up-to-date: /home/aayush/eYRC/Software/workspace/install/task_1a/share/task_1a/cmake/task_1aConfig.cmake\n'}
[0.662394] (task_1a) StdoutLine: {'line': b'-- Up-to-date: /home/aayush/eYRC/Software/workspace/install/task_1a/share/task_1a/cmake/task_1aConfig-version.cmake\n'}
[0.662494] (task_1a) StdoutLine: {'line': b'-- Up-to-date: /home/aayush/eYRC/Software/workspace/install/task_1a/share/task_1a/package.xml\n'}
[0.663840] (task_1a) CommandEnded: {'returncode': 0}
[0.681562] (task_1a) JobEnded: {'identifier': 'task_1a', 'rc': 0}
[0.682121] (hb_description) JobStarted: {'identifier': 'hb_description'}
[0.689270] (hb_description) JobProgress: {'identifier': 'hb_description', 'progress': 'cmake'}
[0.689762] (hb_description) JobProgress: {'identifier': 'hb_description', 'progress': 'build'}
[0.689940] (hb_description) Command: {'cmd': ['/usr/bin/cmake', '--build', '/home/aayush/eYRC/Software/workspace/build/hb_description', '--', '-j6', '-l6'], 'cwd': '/home/aayush/eYRC/Software/workspace/build/hb_description', 'env': OrderedDict([('LESSOPEN', '| /usr/bin/lesspipe %s'), ('LANGUAGE', 'en_IN:en'), ('USER', 'aayush'), ('XDG_SESSION_TYPE', 'wayland'), ('SHLVL', '1'), ('LD_LIBRARY_PATH', '/home/aayush/eYRC/Software/workspace/install/shape_interface/lib:/home/aayush/eYRC/Software/workspace/install/hb_description/lib:/opt/ros/humble/opt/rviz_ogre_vendor/lib:/opt/ros/humble/lib/x86_64-linux-gnu:/opt/ros/humble/lib:/opt/mujoco/lib'), ('HOME', '/home/aayush'), ('OLDPWD', '/home/aayush/eYRC/Software/workspace/src'), ('DESKTOP_SESSION', 'ubuntu'), ('ROS_PYTHON_VERSION', '3'), ('GNOME_SHELL_SESSION_MODE', 'ubuntu'), ('GTK_MODULES', 'gail:atk-bridge'), ('SYSTEMD_EXEC_PID', '1744'), ('DBUS_SESSION_BUS_ADDRESS', 'unix:path=/run/user/1000/bus'), ('COLORTERM', 'truecolor'), ('IM_CONFIG_PHASE', '1'), ('WAYLAND_DISPLAY', 'wayland-0'), ('COLCON_PREFIX_PATH', '/home/aayush/eYRC/Software/workspace/install'), ('ROS_DISTRO', 'humble'), ('LOGNAME', 'aayush'), ('_', '/usr/bin/colcon'), ('ROS_VERSION', '2'), ('XDG_SESSION_CLASS', 'user'), ('MUJOCO_HOME', '/opt/mujoco'), ('USERNAME', 'aayush'), ('TERM', 'xterm-256color'), ('GNOME_DESKTOP_SESSION_ID', 'this-is-deprecated'), ('ROS_LOCALHOST_ONLY', '0'), ('PATH', '/opt/ros/humble/bin:/usr/local/sbin:/usr/local/bin:/usr/sbin:/usr/bin:/sbin:/bin:/usr/games:/usr/local/games:/snap/bin:/snap/bin:/opt/mujoco/bin'), ('SESSION_MANAGER', 'local/aayush-Inspiron-15-3530:@/tmp/.ICE-unix/1526,unix/aayush-Inspiron-15-3530:/tmp/.ICE-unix/1526'), ('XDG_MENU_PREFIX', 'gnome-'), ('GNOME_TERMINAL_SCREEN', '/org/gnome/Terminal/screen/3aef74fe_2e12_4c3d_a376_35801467e145'), ('GNOME_SETUP_DISPLAY', ':1'), ('XDG_RUNTIME_DIR', '/run/user/1000'), ('DISPLAY', ':0'), ('LANG', 'en_US.UTF-8'), ('XDG_CURRENT_DESKTOP', 'ubuntu:GNOME'), ('XMODIFIERS', '@im=ibus'), ('XDG_SESSION_DESKTOP', 'ubuntu'), ('XAUTHORITY', '/run/user/1000/.mutter-Xwaylandauth.2VPZW3'), ('LS_COLORS', 'rs=0:di=01;34:ln=01;36:mh=00:pi=40;33:so=01;35:do=01;35:bd=40;33;01:cd=40;33;01:or=40;31;01:mi=00:su=37;41:sg=30;43:ca=30;41:tw=30;42:ow=34;42:st=37;44:ex=01;32:*.tar=01;31:*.tgz=01;31:*.arc=01;31:*.arj=01;31:*.taz=01;31:*.lha=01;31:*.lz4=01;31:*.lzh=01;31:*.lzma=01;31:*.tlz=01;31:*.txz=01;31:*.tzo=01;31:*.t7z=01;31:*.zip=01;31:*.z=01;31:*.dz=01;31:*.gz=01;31:*.lrz=01;31:*.lz=01;31:*.lzo=01;31:*.xz=01;31:*.zst=01;31:*.tzst=01;31:*.bz2=01;31:*.bz=01;31:*.tbz=01;31:*.tbz2=01;31:*.tz=01;31:*.deb=01;31:*.rpm=01;31:*.jar=01;31:*.war=01;31:*.ear=01;31:*.sar=01;31:*.rar=01;31:*.alz=01;31:*.ace=01;31:*.zoo=01;31:*.cpio=01;31:*.7z=01;31:*.rz=01;31:*.cab=01;31:*.wim=01;31:*.swm=01;31:*.dwm=01;31:*.esd=01;31:*.jpg=01;35:*.jpeg=01;35:*.mjpg=01;35:*.mjpeg=01;35:*.gif=01;35:*.bmp=01;35:*.pbm=01;35:*.pgm=01;35:*.ppm=01;35:*.tga=01;35:*.xbm=01;35:*.xpm=01;35:*.tif=01;35:*.tiff=01;35:*.png=01;35:*.svg=01;35:*.svgz=01;35:*.mng=01;35:*.pcx=01;35:*.mov=01;35:*.mpg=01;35:*.mpeg=01;35:*.m2v=01;35:*.mkv=01;35:*.webm=01;35:*.webp=01;35:*.ogm=01;35:*.mp4=01;35:*.m4v=01;35:*.mp4v=01;35:*.vob=01;35:*.qt=01;35:*.nuv=01;35:*.wmv=01;35:*.asf=01;35:*.rm=01;35:*.rmvb=01;35:*.flc=01;35:*.avi=01;35:*.fli=01;35:*.flv=01;35:*.gl=01;35:*.dl=01;35:*.xcf=01;35:*.xwd=01;35:*.yuv=01;35:*.cgm=01;35:*.emf=01;35:*.ogv=01;35:*.ogx=01;35:*.aac=00;36:*.au=00;36:*.flac=00;36:*.m4a=00;36:*.mid=00;36:*.midi=00;36:*.mka=00;36:*.mp3=00;36:*.mpc=00;36:*.ogg=00;36:*.ra=00;36:*.wav=00;36:*.oga=00;36:*.opus=00;36:*.spx=00;36:*.xspf=00;36:'), ('GNOME_TERMINAL_SERVICE', ':1.102'), ('SSH_AGENT_LAUNCHER', 'gnome-keyring'), ('SSH_AUTH_SOCK', '/run/user/1000/keyring/ssh'), ('AMENT_PREFIX_PATH', '/home/aayush/eYRC/Software/workspace/install/task_1c:/home/aayush/eYRC/Software/workspace/install/task_1b:/home/aayush/eYRC/Software/workspace/install/hb_description:/home/aayush/eYRC/Software/workspace/install/task_1a:/home/aayush/eYRC/Software/workspace/install/shape_interface:/opt/ros/humble'), ('SHELL', '/bin/bash'), ('QT_ACCESSIBILITY', '1'), ('GDMSESSION', 'ubuntu'), ('LESSCLOSE', '/usr/bin/lesspipe %s %s'), ('QT_IM_MODULE', 'ibus'), ('PWD', '/home/aayush/eYRC/Software/workspace/build/hb_description'), ('LC_ALL', 'en_US.UTF-8'), ('XDG_CONFIG_DIRS', '/etc/xdg/xdg-ubuntu:/etc/xdg'), ('XDG_DATA_DIRS', '/usr/share/ubuntu:/usr/local/share/:/usr/share/:/var/lib/snapd/desktop'), ('PYTHONPATH', '/home/aayush/eYRC/Software/workspace/install/task_1b/local/lib/python3.10/dist-packages:/home/aayush/eYRC/Software/workspace/install/task_1a/local/lib/python3.10/dist-packages:/home/aayush/eYRC/Software/workspace/install/shape_interface/local/lib/python3.10/dist-packages:/opt/ros/humble/lib/python3.10/site-packages:/opt/ros/humble/local/lib/python3.10/dist-packages'), ('COLCON', '1'), ('VTE_VERSION', '6800'), ('CMAKE_PREFIX_PATH', '/home/aayush/eYRC/Software/workspace/install/task_1a:/home/aayush/eYRC/Software/workspace/install/shape_interface:/home/aayush/eYRC/Software/workspace/install/task_1c:/home/aayush/eYRC/Software/workspace/install/task_1b:/home/aayush/eYRC/Software/workspace/install/hb_description:/opt/ros/humble')]), 'shell': False}
[0.700352] (-) TimerEvent: {}
[0.728185] (hb_description) CommandEnded: {'returncode': 0}
[0.728848] (hb_description) JobProgress: {'identifier': 'hb_description', 'progress': 'install'}
[0.729018] (hb_description) Command: {'cmd': ['/usr/bin/cmake', '--install', '/home/aayush/eYRC/Software/workspace/build/hb_description'], 'cwd': '/home/aayush/eYRC/Software/workspace/build/hb_description', 'env': OrderedDict([('LESSOPEN', '| /usr/bin/lesspipe %s'), ('LANGUAGE', 'en_IN:en'), ('USER', 'aayush'), ('XDG_SESSION_TYPE', 'wayland'), ('SHLVL', '1'), ('LD_LIBRARY_PATH', '/home/aayush/eYRC/Software/workspace/install/shape_interface/lib:/home/aayush/eYRC/Software/workspace/install/hb_description/lib:/opt/ros/humble/opt/rviz_ogre_vendor/lib:/opt/ros/humble/lib/x86_64-linux-gnu:/opt/ros/humble/lib:/opt/mujoco/lib'), ('HOME', '/home/aayush'), ('OLDPWD', '/home/aayush/eYRC/Software/workspace/src'), ('DESKTOP_SESSION', 'ubuntu'), ('ROS_PYTHON_VERSION', '3'), ('GNOME_SHELL_SESSION_MODE', 'ubuntu'), ('GTK_MODULES', 'gail:atk-bridge'), ('SYSTEMD_EXEC_PID', '1744'), ('DBUS_SESSION_BUS_ADDRESS', 'unix:path=/run/user/1000/bus'), ('COLORTERM', 'truecolor'), ('IM_CONFIG_PHASE', '1'), ('WAYLAND_DISPLAY', 'wayland-0'), ('COLCON_PREFIX_PATH', '/home/aayush/eYRC/Software/workspace/install'), ('ROS_DISTRO', 'humble'), ('LOGNAME', 'aayush'), ('_', '/usr/bin/colcon'), ('ROS_VERSION', '2'), ('XDG_SESSION_CLASS', 'user'), ('MUJOCO_HOME', '/opt/mujoco'), ('USERNAME', 'aayush'), ('TERM', 'xterm-256color'), ('GNOME_DESKTOP_SESSION_ID', 'this-is-deprecated'), ('ROS_LOCALHOST_ONLY', '0'), ('PATH', '/opt/ros/humble/bin:/usr/local/sbin:/usr/local/bin:/usr/sbin:/usr/bin:/sbin:/bin:/usr/games:/usr/local/games:/snap/bin:/snap/bin:/opt/mujoco/bin'), ('SESSION_MANAGER', 'local/aayush-Inspiron-15-3530:@/tmp/.ICE-unix/1526,unix/aayush-Inspiron-15-3530:/tmp/.ICE-unix/1526'), ('XDG_MENU_PREFIX', 'gnome-'), ('GNOME_TERMINAL_SCREEN', '/org/gnome/Terminal/screen/3aef74fe_2e12_4c3d_a376_35801467e145'), ('GNOME_SETUP_DISPLAY', ':1'), ('XDG_RUNTIME_DIR', '/run/user/1000'), ('DISPLAY', ':0'), ('LANG', 'en_US.UTF-8'), ('XDG_CURRENT_DESKTOP', 'ubuntu:GNOME'), ('XMODIFIERS', '@im=ibus'), ('XDG_SESSION_DESKTOP', 'ubuntu'), ('XAUTHORITY', '/run/user/1000/.mutter-Xwaylandauth.2VPZW3'), ('LS_COLORS', 'rs=0:di=01;34:ln=01;36:mh=00:pi=40;33:so=01;35:do=01;35:bd=40;33;01:cd=40;33;01:or=40;31;01:mi=00:su=37;41:sg=30;43:ca=30;41:tw=30;42:ow=34;42:st=37;44:ex=01;32:*.tar=01;31:*.tgz=01;31:*.arc=01;31:*.arj=01;31:*.taz=01;31:*.lha=01;31:*.lz4=01;31:*.lzh=01;31:*.lzma=01;31:*.tlz=01;31:*.txz=01;31:*.tzo=01;31:*.t7z=01;31:*.zip=01;31:*.z=01;31:*.dz=01;31:*.gz=01;31:*.lrz=01;31:*.lz=01;31:*.lzo=01;31:*.xz=01;31:*.zst=01;31:*.tzst=01;31:*.bz2=01;31:*.bz=01;31:*.tbz=01;31:*.tbz2=01;31:*.tz=01;31:*.deb=01;31:*.rpm=01;31:*.jar=01;31:*.war=01;31:*.ear=01;31:*.sar=01;31:*.rar=01;31:*.alz=01;31:*.ace=01;31:*.zoo=01;31:*.cpio=01;31:*.7z=01;31:*.rz=01;31:*.cab=01;31:*.wim=01;31:*.swm=01;31:*.dwm=01;31:*.esd=01;31:*.jpg=01;35:*.jpeg=01;35:*.mjpg=01;35:*.mjpeg=01;35:*.gif=01;35:*.bmp=01;35:*.pbm=01;35:*.pgm=01;35:*.ppm=01;35:*.tga=01;35:*.xbm=01;35:*.xpm=01;35:*.tif=01;35:*.tiff=01;35:*.png=01;35:*.svg=01;35:*.svgz=01;35:*.mng=01;35:*.pcx=01;35:*.mov=01;35:*.mpg=01;35:*.mpeg=01;35:*.m2v=01;35:*.mkv=01;35:*.webm=01;35:*.webp=01;35:*.ogm=01;35:*.mp4=01;35:*.m4v=01;35:*.mp4v=01;35:*.vob=01;35:*.qt=01;35:*.nuv=01;35:*.wmv=01;35:*.asf=01;35:*.rm=01;35:*.rmvb=01;35:*.flc=01;35:*.avi=01;35:*.fli=01;35:*.flv=01;35:*.gl=01;35:*.dl=01;35:*.xcf=01;35:*.xwd=01;35:*.yuv=01;35:*.cgm=01;35:*.emf=01;35:*.ogv=01;35:*.ogx=01;35:*.aac=00;36:*.au=00;36:*.flac=00;36:*.m4a=00;36:*.mid=00;36:*.midi=00;36:*.mka=00;36:*.mp3=00;36:*.mpc=00;36:*.ogg=00;36:*.ra=00;36:*.wav=00;36:*.oga=00;36:*.opus=00;36:*.spx=00;36:*.xspf=00;36:'), ('GNOME_TERMINAL_SERVICE', ':1.102'), ('SSH_AGENT_LAUNCHER', 'gnome-keyring'), ('SSH_AUTH_SOCK', '/run/user/1000/keyring/ssh'), ('AMENT_PREFIX_PATH', '/home/aayush/eYRC/Software/workspace/install/task_1c:/home/aayush/eYRC/Software/workspace/install/task_1b:/home/aayush/eYRC/Software/workspace/install/hb_description:/home/aayush/eYRC/Software/workspace/install/task_1a:/home/aayush/eYRC/Software/workspace/install/shape_interface:/opt/ros/humble'), ('SHELL', '/bin/bash'), ('QT_ACCESSIBILITY', '1'), ('GDMSESSION', 'ubuntu'), ('LESSCLOSE', '/usr/bin/lesspipe %s %s'), ('QT_IM_MODULE', 'ibus'), ('PWD', '/home/aayush/eYRC/Software/workspace/build/hb_description'), ('LC_ALL', 'en_US.UTF-8'), ('XDG_CONFIG_DIRS', '/etc/xdg/xdg-ubuntu:/etc/xdg'), ('XDG_DATA_DIRS', '/usr/share/ubuntu:/usr/local/share/:/usr/share/:/var/lib/snapd/desktop'), ('PYTHONPATH', '/home/aayush/eYRC/Software/workspace/install/task_1b/local/lib/python3.10/dist-packages:/home/aayush/eYRC/Software/workspace/install/task_1a/local/lib/python3.10/dist-packages:/home/aayush/eYRC/Software/workspace/install/shape_interface/local/lib/python3.10/dist-packages:/opt/ros/humble/lib/python3.10/site-packages:/opt/ros/humble/local/lib/python3.10/dist-packages'), ('COLCON', '1'), ('VTE_VERSION', '6800'), ('CMAKE_PREFIX_PATH', '/home/aayush/eYRC/Software/workspace/install/task_1a:/home/aayush/eYRC/Software/workspace/install/shape_interface:/home/aayush/eYRC/Software/workspace/install/task_1c:/home/aayush/eYRC/Software/workspace/install/task_1b:/home/aayush/eYRC/Software/workspace/install/hb_description:/opt/ros/humble')]), 'shell': False}
[0.734592] (hb_description) StdoutLine: {'line': b'-- Install configuration: ""\n'}
[0.734849] (hb_description) StdoutLine: {'line': b'-- Up-to-date: /home/aayush/eYRC/Software/workspace/install/hb_description/lib/hb_description/task1a_bridge\n'}
[0.734968] (hb_description) StdoutLine: {'line': b'-- Up-to-date: /home/aayush/eYRC/Software/workspace/install/hb_description/lib/hb_description/task1a_camera\n'}
[0.735061] (hb_description) StdoutLine: {'line': b'-- Up-to-date: /home/aayush/eYRC/Software/workspace/install/hb_description/lib/hb_description/task1c_bridge\n'}
[0.735127] (hb_description) StdoutLine: {'line': b'-- Up-to-date: /home/aayush/eYRC/Software/workspace/install/hb_description/lib/hb_description/task1c_camera\n'}
[0.735226] (hb_description) StdoutLine: {'line': b'-- Up-to-date: /home/aayush/eYRC/Software/workspace/install/hb_description/lib/hb_description/camera_stream\n'}
[0.735287] (hb_description) StdoutLine: {'line': b'-- Up-to-date: /home/aayush/eYRC/Software/workspace/install/hb_description/lib\n'}
[0.735354] (hb_description) StdoutLine: {'line': b'-- Up-to-date: /home/aayush/eYRC/Software/workspace/install/hb_description/lib/libhb_source__rosidl_typesupport_introspection_cpp.so\n'}
[0.735419] (hb_description) StdoutLine: {'line': b'-- Up-to-date: /home/aayush/eYRC/Software/workspace/install/hb_description/lib/libhb_source__rosidl_generator_c.so\n'}
[0.735527] (hb_description) StdoutLine: {'line': b'-- Up-to-date: /home/aayush/eYRC/Software/workspace/install/hb_description/lib/libhb_source__rosidl_typesupport_introspection_c.so\n'}
[0.735595] (hb_description) StdoutLine: {'line': b'-- Up-to-date: /home/aayush/eYRC/Software/workspace/install/hb_description/lib/libhb_source__rosidl_typesupport_fastrtps_cpp.so\n'}
[0.735656] (hb_description) StdoutLine: {'line': b'-- Up-to-date: /home/aayush/eYRC/Software/workspace/install/hb_description/lib/libhb_source__rosidl_typesupport_c.so\n'}
[0.735716] (hb_description) StdoutLine: {'line': b'-- Up-to-date: /home/aayush/eYRC/Software/workspace/install/hb_description/lib/libhb_source__rosidl_typesupport_cpp.so\n'}
[0.735776] (hb_description) StdoutLine: {'line': b'-- Up-to-date: /home/aayush/eYRC/Software/workspace/install/hb_description/lib/libhb_source__rosidl_typesupport_fastrtps_c.so\n'}
[0.735837] (hb_description) StdoutLine: {'line': b'-- Up-to-date: /home/aayush/eYRC/Software/workspace/install/hb_description/lib/libhb_source__rosidl_generator_py.so\n'}
[0.735897] (hb_description) StdoutLine: {'line': b'-- Up-to-date: /home/aayush/eYRC/Software/workspace/install/hb_description/lib/libmujoco.so\n'}
[0.735964] (hb_description) StdoutLine: {'line': b'-- Up-to-date: /home/aayush/eYRC/Software/workspace/install/hb_description/lib/libmujoco.so.3.4.0\n'}
[0.736025] (hb_description) StdoutLine: {'line': b'-- Up-to-date: /home/aayush/eYRC/Software/workspace/install/hb_description/share/hb_description/launch\n'}
[0.736085] (hb_description) StdoutLine: {'line': b'-- Up-to-date: /home/aayush/eYRC/Software/workspace/install/hb_description/share/hb_description/launch/task1a.launch.py\n'}
[0.736145] (hb_description) StdoutLine: {'line': b'-- Up-to-date: /home/aayush/eYRC/Software/workspace/install/hb_description/share/hb_description/launch/task1c.launch.py\n'}
[0.736205] (hb_description) StdoutLine: {'line': b'-- Up-to-date: /home/aayush/eYRC/Software/workspace/install/hb_description/share/hb_description/launch/task1b.launch.py\n'}
[0.736265] (hb_description) StdoutLine: {'line': b'-- Up-to-date: /home/aayush/eYRC/Software/workspace/install/hb_description/share/ament_index/resource_index/package_run_dependencies/hb_description\n'}
[0.736325] (hb_description) StdoutLine: {'line': b'-- Up-to-date: /home/aayush/eYRC/Software/workspace/install/hb_description/share/ament_index/resource_index/parent_prefix_path/hb_description\n'}
[0.736386] (hb_description) StdoutLine: {'line': b'-- Up-to-date: /home/aayush/eYRC/Software/workspace/install/hb_description/share/hb_description/environment/ament_prefix_path.sh\n'}
[0.736452] (hb_description) StdoutLine: {'line': b'-- Up-to-date: /home/aayush/eYRC/Software/workspace/install/hb_description/share/hb_description/environment/ament_prefix_path.dsv\n'}
[0.736519] (hb_description) StdoutLine: {'line': b'-- Up-to-date: /home/aayush/eYRC/Software/workspace/install/hb_description/share/hb_description/environment/path.sh\n'}
[0.736674] (hb_description) StdoutLine: {'line': b'-- Up-to-date: /home/aayush/eYRC/Software/workspace/install/hb_description/share/hb_description/environment/path.dsv\n'}
[0.736835] (hb_description) StdoutLine: {'line': b'-- Up-to-date: /home/aayush/eYRC/Software/workspace/install/hb_description/share/hb_description/local_setup.bash\n'}
[0.737282] (hb_description) StdoutLine: {'line': b'-- Up-to-date: /home/aayush/eYRC/Software/workspace/install/hb_description/share/hb_description/local_setup.sh\n'}
[0.737954] (hb_description) StdoutLine: {'line': b'-- Up-to-date: /home/aayush/eYRC/Software/workspace/install/hb_description/share/hb_description/local_setup.zsh\n'}
[0.738056] (hb_description) StdoutLine: {'line': b'-- Up-to-date: /home/aayush/eYRC/Software/workspace/install/hb_description/share/hb_description/local_setup.dsv\n'}
[0.738185] (hb_description) StdoutLine: {'line': b'-- Installing: /home/aayush/eYRC/Software/workspace/install/hb_description/share/hb_description/package.dsv\n'}
[0.738368] (hb_description) StdoutLine: {'line': b'-- Up-to-date: /home/aayush/eYRC/Software/workspace/install/hb_description/share/ament_index/resource_index/packages/hb_description\n'}
[0.738511] (hb_description) StdoutLine: {'line': b'-- Up-to-date: /home/aayush/eYRC/Software/workspace/install/hb_description/share/hb_description/cmake/hb_descriptionConfig.cmake\n'}
[0.738650] (hb_description) StdoutLine: {'line': b'-- Up-to-date: /home/aayush/eYRC/Software/workspace/install/hb_description/share/hb_description/cmake/hb_descriptionConfig-version.cmake\n'}
[0.738740] (hb_description) StdoutLine: {'line': b'-- Up-to-date: /home/aayush/eYRC/Software/workspace/install/hb_description/share/hb_description/package.xml\n'}
[0.738843] (hb_description) CommandEnded: {'returncode': 0}
[0.753512] (hb_description) JobEnded: {'identifier': 'hb_description', 'rc': 0}
[0.754126] (-) EventReactorShutdown: {}
