[0.000000] (-) TimerEvent: {}
[0.000396] (shape_interface) JobQueued: {'identifier': 'shape_interface', 'dependencies': OrderedDict()}
[0.000553] (task_1b) JobQueued: {'identifier': 'task_1b', 'dependencies': OrderedDict()}
[0.000632] (task_1a) JobQueued: {'identifier': 'task_1a', 'dependencies': OrderedDict([('shape_interface', '/home/aayush/eYRC/Software/workspace/install/shape_interface')])}
[0.000658] (task_1c) JobQueued: {'identifier': 'task_1c', 'dependencies': OrderedDict([('shape_interface', '/home/aayush/eYRC/Software/workspace/install/shape_interface')])}
[0.000685] (hb_description) JobQueued: {'identifier': 'hb_description', 'dependencies': OrderedDict([('shape_interface', '/home/aayush/eYRC/Software/workspace/install/shape_interface'), ('task_1a', '/home/aayush/eYRC/Software/workspace/install/task_1a')])}
[0.000709] (shape_interface) JobStarted: {'identifier': 'shape_interface'}
[0.008401] (task_1b) JobStarted: {'identifier': 'task_1b'}
[0.016470] (shape_interface) JobProgress: {'identifier': 'shape_interface', 'progress': 'cmake'}
[0.018076] (shape_interface) JobProgress: {'identifier': 'shape_interface', 'progress': 'build'}
[0.018709] (shape_interface) Command: {'cmd': ['/usr/bin/cmake', '--build', '/home/aayush/eYRC/Software/workspace/build/shape_interface', '--', '-j6', '-l6'], 'cwd': '/home/aayush/eYRC/Software/workspace/build/shape_interface', 'env': OrderedDict([('LESSOPEN', '| /usr/bin/lesspipe %s'), ('LANGUAGE', 'en_IN:en'), ('USER', 'aayush'), ('XDG_SESSION_TYPE', 'wayland'), ('SHLVL', '1'), ('LD_LIBRARY_PATH', '/home/aayush/eYRC/Software/workspace/install/hb_description/lib:/home/aayush/eYRC/Software/workspace/install/shape_interface/lib:/opt/ros/humble/opt/rviz_ogre_vendor/lib:/opt/ros/humble/lib/x86_64-linux-gnu:/opt/ros/humble/lib:/opt/mujoco/lib'), ('HOME', '/home/aayush'), ('OLDPWD', '/home/aayush/eYRC/Software/workspace/src'), ('DESKTOP_SESSION', 'ubuntu'), ('ROS_PYTHON_VERSION', '3'), ('GNOME_SHELL_SESSION_MODE', 'ubuntu'), ('GTK_MODULES', 'gail:atk-bridge'), ('SYSTEMD_EXEC_PID', '1744'), ('DBUS_SESSION_BUS_ADDRESS', 'unix:path=/run/user/1000/bus'), ('COLORTERM', 'truecolor'), ('IM_CONFIG_PHASE', '1'), ('WAYLAND_DISPLAY', 'wayland-0'), ('COLCON_PREFIX_PATH', '/home/aayush/eYRC/Software/workspace/install'), ('ROS_DISTRO', 'humble'), ('LOGNAME', 'aayush'), ('_', '/usr/bin/colcon'), ('ROS_VERSION', '2'), ('XDG_SESSION_CLASS', 'user'), ('MUJOCO_HOME', '/opt/mujoco'), ('USERNAME', 'aayush'), ('TERM', 'xterm-256color'), ('GNOME_DESKTOP_SESSION_ID', 'this-is-deprecated'), ('ROS_LOCALHOST_ONLY', '0'), ('PATH', '/opt/ros/humble/bin:/usr/local/sbin:/usr/local/bin:/usr/sbin:/usr/bin:/sbin:/bin:/usr/games:/usr/local/games:/snap/bin:/snap/bin:/opt/mujoco/bin'), ('SESSION_MANAGER', 'local/aayush-Inspiron-15-3530:@/tmp/.ICE-unix/1526,unix/aayush-Inspiron-15-3530:/tmp/.ICE-unix/1526'), ('XDG_MENU_PREFIX', 'gnome-'), ('GNOME_TERMINAL_SCREEN', '/org/gnome/Terminal/screen/3aef74fe_2e12_4c3d_a376_35801467e145'), ('GNOME_SETUP_DISPLAY', ':1'), ('XDG_RUNTIME_DIR', '/run/user/1000'), ('DISPLAY', ':0'), ('LANG', 'en_US.UTF-8'), ('XDG_CURRENT_DESKTOP', 'ubuntu:GNOME'), ('XMODIFIERS', '@im=ibus'), ('XDG_SESSION_DESKTOP', 'ubuntu'), ('XAUTHORITY', '/run/user/1000/.mutter-Xwaylandauth.2VPZW3'), ('LS_COLORS', 'rs=0:di=01;34:ln=01;36:mh=00:pi=40;33:so=01;35:do=01;35:bd=40;33;01:cd=40;33;01:or=40;31;01:mi=00:su=37;41:sg=30;43:ca=30;41:tw=30;42:ow=34;42:st=37;44:ex=01;32:*.tar=01;31:*.tgz=01;31:*.arc=01;31:*.arj=01;31:*.taz=01;31:*.lha=01;31:*.lz4=01;31:*.lzh=01;31:*.lzma=01;31:*.tlz=01;31:*.txz=01;31:*.tzo=01;31:*.t7z=01;31:*.zip=01;31:*.z=01;31:*.dz=01;31:*.gz=01;31:*.lrz=01;31:*.lz=01;31:*.lzo=01;31:*.xz=01;31:*.zst=01;31:*.tzst=01;31:*.bz2=01;31:*.bz=01;31:*.tbz=01;31:*.tbz2=01;31:*.tz=01;31:*.deb=01;31:*.rpm=01;31:*.jar=01;31:*.war=01;31:*.ear=01;31:*.sar=01;31:*.rar=01;31:*.alz=01;31:*.ace=01;31:*.zoo=01;31:*.cpio=01;31:*.7z=01;31:*.rz=01;31:*.cab=01;31:*.wim=01;31:*.swm=01;31:*.dwm=01;31:*.esd=01;31:*.jpg=01;35:*.jpeg=01;35:*.mjpg=01;35:*.mjpeg=01;35:*.gif=01;35:*.bmp=01;35:*.pbm=01;35:*.pgm=01;35:*.ppm=01;35:*.tga=01;35:*.xbm=01;35:*.xpm=01;35:*.tif=01;35:*.tiff=01;35:*.png=01;35:*.svg=01;35:*.svgz=01;35:*.mng=01;35:*.pcx=01;35:*.mov=01;35:*.mpg=01;35:*.mpeg=01;35:*.m2v=01;35:*.mkv=01;35:*.webm=01;35:*.webp=01;35:*.ogm=01;35:*.mp4=01;35:*.m4v=01;35:*.mp4v=01;35:*.vob=01;35:*.qt=01;35:*.nuv=01;35:*.wmv=01;35:*.asf=01;35:*.rm=01;35:*.rmvb=01;35:*.flc=01;35:*.avi=01;35:*.fli=01;35:*.flv=01;35:*.gl=01;35:*.dl=01;35:*.xcf=01;35:*.xwd=01;35:*.yuv=01;35:*.cgm=01;35:*.emf=01;35:*.ogv=01;35:*.ogx=01;35:*.aac=00;36:*.au=00;36:*.flac=00;36:*.m4a=00;36:*.mid=00;36:*.midi=00;36:*.mka=00;36:*.mp3=00;36:*.mpc=00;36:*.ogg=00;36:*.ra=00;36:*.wav=00;36:*.oga=00;36:*.opus=00;36:*.spx=00;36:*.xspf=00;36:'), ('GNOME_TERMINAL_SERVICE', ':1.102'), ('SSH_AGENT_LAUNCHER', 'gnome-keyring'), ('SSH_AUTH_SOCK', '/run/user/1000/keyring/ssh'), ('AMENT_PREFIX_PATH', '/home/aayush/eYRC/Software/workspace/install/task_1c:/home/aayush/eYRC/Software/workspace/install/task_1b:/home/aayush/eYRC/Software/workspace/install/hb_description:/home/aayush/eYRC/Software/workspace/install/task_1a:/home/aayush/eYRC/Software/workspace/install/shape_interface:/opt/ros/humble'), ('SHELL', '/bin/bash'), ('QT_ACCESSIBILITY', '1'), ('GDMSESSION', 'ubuntu'), ('LESSCLOSE', '/usr/bin/lesspipe %s %s'), ('QT_IM_MODULE', 'ibus'), ('PWD', '/home/aayush/eYRC/Software/workspace/build/shape_interface'), ('LC_ALL', 'en_US.UTF-8'), ('XDG_CONFIG_DIRS', '/etc/xdg/xdg-ubuntu:/etc/xdg'), ('XDG_DATA_DIRS', '/usr/share/ubuntu:/usr/local/share/:/usr/share/:/var/lib/snapd/desktop'), ('PYTHONPATH', '/home/aayush/eYRC/Software/workspace/install/task_1b/local/lib/python3.10/dist-packages:/home/aayush/eYRC/Software/workspace/install/task_1a/local/lib/python3.10/dist-packages:/home/aayush/eYRC/Software/workspace/install/shape_interface/local/lib/python3.10/dist-packages:/opt/ros/humble/lib/python3.10/site-packages:/opt/ros/humble/local/lib/python3.10/dist-packages'), ('COLCON', '1'), ('VTE_VERSION', '6800'), ('CMAKE_PREFIX_PATH', '/home/aayush/eYRC/Software/workspace/install/task_1c:/home/aayush/eYRC/Software/workspace/install/task_1b:/home/aayush/eYRC/Software/workspace/install/hb_description:/home/aayush/eYRC/Software/workspace/install/task_1a:/home/aayush/eYRC/Software/workspace/install/shape_interface:/opt/ros/humble')]), 'shell': False}
[0.023389] (task_1b) JobProgress: {'identifier': 'task_1b', 'progress': 'cmake'}
[0.024654] (task_1b) JobProgress: {'identifier': 'task_1b', 'progress': 'build'}
[0.024934] (task_1b) Command: {'cmd': ['/usr/bin/cmake', '--build', '/home/aayush/eYRC/Software/workspace/build/task_1b', '--', '-j6', '-l6'], 'cwd': '/home/aayush/eYRC/Software/workspace/build/task_1b', 'env': OrderedDict([('LESSOPEN', '| /usr/bin/lesspipe %s'), ('LANGUAGE', 'en_IN:en'), ('USER', 'aayush'), ('XDG_SESSION_TYPE', 'wayland'), ('SHLVL', '1'), ('LD_LIBRARY_PATH', '/home/aayush/eYRC/Software/workspace/install/hb_description/lib:/home/aayush/eYRC/Software/workspace/install/shape_interface/lib:/opt/ros/humble/opt/rviz_ogre_vendor/lib:/opt/ros/humble/lib/x86_64-linux-gnu:/opt/ros/humble/lib:/opt/mujoco/lib'), ('HOME', '/home/aayush'), ('OLDPWD', '/home/aayush/eYRC/Software/workspace/src'), ('DESKTOP_SESSION', 'ubuntu'), ('ROS_PYTHON_VERSION', '3'), ('GNOME_SHELL_SESSION_MODE', 'ubuntu'), ('GTK_MODULES', 'gail:atk-bridge'), ('SYSTEMD_EXEC_PID', '1744'), ('DBUS_SESSION_BUS_ADDRESS', 'unix:path=/run/user/1000/bus'), ('COLORTERM', 'truecolor'), ('IM_CONFIG_PHASE', '1'), ('WAYLAND_DISPLAY', 'wayland-0'), ('COLCON_PREFIX_PATH', '/home/aayush/eYRC/Software/workspace/install'), ('ROS_DISTRO', 'humble'), ('LOGNAME', 'aayush'), ('_', '/usr/bin/colcon'), ('ROS_VERSION', '2'), ('XDG_SESSION_CLASS', 'user'), ('MUJOCO_HOME', '/opt/mujoco'), ('USERNAME', 'aayush'), ('TERM', 'xterm-256color'), ('GNOME_DESKTOP_SESSION_ID', 'this-is-deprecated'), ('ROS_LOCALHOST_ONLY', '0'), ('PATH', '/opt/ros/humble/bin:/usr/local/sbin:/usr/local/bin:/usr/sbin:/usr/bin:/sbin:/bin:/usr/games:/usr/local/games:/snap/bin:/snap/bin:/opt/mujoco/bin'), ('SESSION_MANAGER', 'local/aayush-Inspiron-15-3530:@/tmp/.ICE-unix/1526,unix/aayush-Inspiron-15-3530:/tmp/.ICE-unix/1526'), ('XDG_MENU_PREFIX', 'gnome-'), ('GNOME_TERMINAL_SCREEN', '/org/gnome/Terminal/screen/3aef74fe_2e12_4c3d_a376_35801467e145'), ('GNOME_SETUP_DISPLAY', ':1'), ('XDG_RUNTIME_DIR', '/run/user/1000'), ('DISPLAY', ':0'), ('LANG', 'en_US.UTF-8'), ('XDG_CURRENT_DESKTOP', 'ubuntu:GNOME'), ('XMODIFIERS', '@im=ibus'), ('XDG_SESSION_DESKTOP', 'ubuntu'), ('XAUTHORITY', '/run/user/1000/.mutter-Xwaylandauth.2VPZW3'), ('LS_COLORS', 'rs=0:di=01;34:ln=01;36:mh=00:pi=40;33:so=01;35:do=01;35:bd=40;33;01:cd=40;33;01:or=40;31;01:mi=00:su=37;41:sg=30;43:ca=30;41:tw=30;42:ow=34;42:st=37;44:ex=01;32:*.tar=01;31:*.tgz=01;31:*.arc=01;31:*.arj=01;31:*.taz=01;31:*.lha=01;31:*.lz4=01;31:*.lzh=01;31:*.lzma=01;31:*.tlz=01;31:*.txz=01;31:*.tzo=01;31:*.t7z=01;31:*.zip=01;31:*.z=01;31:*.dz=01;31:*.gz=01;31:*.lrz=01;31:*.lz=01;31:*.lzo=01;31:*.xz=01;31:*.zst=01;31:*.tzst=01;31:*.bz2=01;31:*.bz=01;31:*.tbz=01;31:*.tbz2=01;31:*.tz=01;31:*.deb=01;31:*.rpm=01;31:*.jar=01;31:*.war=01;31:*.ear=01;31:*.sar=01;31:*.rar=01;31:*.alz=01;31:*.ace=01;31:*.zoo=01;31:*.cpio=01;31:*.7z=01;31:*.rz=01;31:*.cab=01;31:*.wim=01;31:*.swm=01;31:*.dwm=01;31:*.esd=01;31:*.jpg=01;35:*.jpeg=01;35:*.mjpg=01;35:*.mjpeg=01;35:*.gif=01;35:*.bmp=01;35:*.pbm=01;35:*.pgm=01;35:*.ppm=01;35:*.tga=01;35:*.xbm=01;35:*.xpm=01;35:*.tif=01;35:*.tiff=01;35:*.png=01;35:*.svg=01;35:*.svgz=01;35:*.mng=01;35:*.pcx=01;35:*.mov=01;35:*.mpg=01;35:*.mpeg=01;35:*.m2v=01;35:*.mkv=01;35:*.webm=01;35:*.webp=01;35:*.ogm=01;35:*.mp4=01;35:*.m4v=01;35:*.mp4v=01;35:*.vob=01;35:*.qt=01;35:*.nuv=01;35:*.wmv=01;35:*.asf=01;35:*.rm=01;35:*.rmvb=01;35:*.flc=01;35:*.avi=01;35:*.fli=01;35:*.flv=01;35:*.gl=01;35:*.dl=01;35:*.xcf=01;35:*.xwd=01;35:*.yuv=01;35:*.cgm=01;35:*.emf=01;35:*.ogv=01;35:*.ogx=01;35:*.aac=00;36:*.au=00;36:*.flac=00;36:*.m4a=00;36:*.mid=00;36:*.midi=00;36:*.mka=00;36:*.mp3=00;36:*.mpc=00;36:*.ogg=00;36:*.ra=00;36:*.wav=00;36:*.oga=00;36:*.opus=00;36:*.spx=00;36:*.xspf=00;36:'), ('GNOME_TERMINAL_SERVICE', ':1.102'), ('SSH_AGENT_LAUNCHER', 'gnome-keyring'), ('SSH_AUTH_SOCK', '/run/user/1000/keyring/ssh'), ('AMENT_PREFIX_PATH', '/home/aayush/eYRC/Software/workspace/install/task_1c:/home/aayush/eYRC/Software/workspace/install/task_1b:/home/aayush/eYRC/Software/workspace/install/hb_description:/home/aayush/eYRC/Software/workspace/install/task_1a:/home/aayush/eYRC/Software/workspace/install/shape_interface:/opt/ros/humble'), ('SHELL', '/bin/bash'), ('QT_ACCESSIBILITY', '1'), ('GDMSESSION', 'ubuntu'), ('LESSCLOSE', '/usr/bin/lesspipe %s %s'), ('QT_IM_MODULE', 'ibus'), ('PWD', '/home/aayush/eYRC/Software/workspace/build/task_1b'), ('LC_ALL', 'en_US.UTF-8'), ('XDG_CONFIG_DIRS', '/etc/xdg/xdg-ubuntu:/etc/xdg'), ('XDG_DATA_DIRS', '/usr/share/ubuntu:/usr/local/share/:/usr/share/:/var/lib/snapd/desktop'), ('PYTHONPATH', '/home/aayush/eYRC/Software/workspace/install/task_1b/local/lib/python3.10/dist-packages:/home/aayush/eYRC/Software/workspace/install/task_1a/local/lib/python3.10/dist-packages:/home/aayush/eYRC/Software/workspace/install/shape_interface/local/lib/python3.10/dist-packages:/opt/ros/humble/lib/python3.10/site-packages:/opt/ros/humble/local/lib/python3.10/dist-packages'), ('COLCON', '1'), ('VTE_VERSION', '6800'), ('CMAKE_PREFIX_PATH', '/home/aayush/eYRC/Software/workspace/install/task_1c:/home/aayush/eYRC/Software/workspace/install/task_1b:/home/aayush/eYRC/Software/workspace/install/hb_description:/home/aayush/eYRC/Software/workspace/install/task_1a:/home/aayush/eYRC/Software/workspace/install/shape_interface:/opt/ros/humble')]), 'shell': False}
[0.098221] (shape_interface) StdoutLine: {'line': b'[  2%] Built target shape_interface__cpp\n'}
[0.099709] (-) TimerEvent: {}
[0.100175] (shape_interface) StdoutLine: {'line': b'[  4%] Built target shape_interface__rs\n'}
[0.104638] (shape_interface) StdoutLine: {'line': b'[ 14%] Built target shape_interface__rosidl_generator_c\n'}
[0.111725] (task_1b) StdoutLine: {'line': b'Built target ament_cmake_python_copy_task_1b\n'}
[0.125775] (shape_interface) StdoutLine: {'line': b'[ 14%] Built target ament_cmake_python_copy_shape_interface\n'}
[0.143904] (shape_interface) StdoutLine: {'line': b'[ 25%] Built target shape_interface__rosidl_typesupport_introspection_c\n'}
[0.145259] (shape_interface) StdoutLine: {'line': b'[ 35%] Built target shape_interface__rosidl_typesupport_introspection_cpp\n'}
[0.146738] (shape_interface) StdoutLine: {'line': b'[ 45%] Built target shape_interface__rosidl_typesupport_cpp\n'}
[0.147377] (shape_interface) StdoutLine: {'line': b'[ 56%] Built target shape_interface__rosidl_typesupport_fastrtps_cpp\n'}
[0.149343] (shape_interface) StdoutLine: {'line': b'[ 66%] Built target shape_interface__rosidl_typesupport_fastrtps_c\n'}
[0.160946] (shape_interface) StdoutLine: {'line': b'[ 77%] Built target shape_interface__rosidl_typesupport_c\n'}
[0.187010] (shape_interface) StdoutLine: {'line': b'[ 77%] Built target shape_interface\n'}
[0.199859] (-) TimerEvent: {}
[0.212396] (shape_interface) StdoutLine: {'line': b'[ 79%] Built target shape_interface__py\n'}
[0.261896] (shape_interface) StdoutLine: {'line': b'[ 87%] Built target shape_interface__rosidl_generator_py\n'}
[0.300191] (-) TimerEvent: {}
[0.313236] (shape_interface) StdoutLine: {'line': b'[100%] Built target shape_interface__rosidl_typesupport_introspection_c__pyext\n'}
[0.314448] (shape_interface) StdoutLine: {'line': b'[100%] Built target shape_interface__rosidl_typesupport_c__pyext\n'}
[0.314623] (shape_interface) StdoutLine: {'line': b'[100%] Built target shape_interface__rosidl_typesupport_fastrtps_c__pyext\n'}
[0.338041] (task_1b) StdoutLine: {'line': b'running egg_info\n'}
[0.338991] (task_1b) StdoutLine: {'line': b'writing task_1b.egg-info/PKG-INFO\n'}
[0.339157] (task_1b) StdoutLine: {'line': b'writing dependency_links to task_1b.egg-info/dependency_links.txt\n'}
[0.339327] (task_1b) StdoutLine: {'line': b'writing top-level names to task_1b.egg-info/top_level.txt\n'}
[0.343653] (task_1b) StdoutLine: {'line': b"reading manifest file 'task_1b.egg-info/SOURCES.txt'\n"}
[0.344276] (task_1b) StdoutLine: {'line': b"writing manifest file 'task_1b.egg-info/SOURCES.txt'\n"}
[0.372312] (task_1b) StdoutLine: {'line': b'Built target ament_cmake_python_build_task_1b_egg\n'}
[0.384207] (task_1b) CommandEnded: {'returncode': 0}
[0.387119] (task_1b) JobProgress: {'identifier': 'task_1b', 'progress': 'install'}
[0.393240] (task_1b) Command: {'cmd': ['/usr/bin/cmake', '--install', '/home/aayush/eYRC/Software/workspace/build/task_1b'], 'cwd': '/home/aayush/eYRC/Software/workspace/build/task_1b', 'env': OrderedDict([('LESSOPEN', '| /usr/bin/lesspipe %s'), ('LANGUAGE', 'en_IN:en'), ('USER', 'aayush'), ('XDG_SESSION_TYPE', 'wayland'), ('SHLVL', '1'), ('LD_LIBRARY_PATH', '/home/aayush/eYRC/Software/workspace/install/hb_description/lib:/home/aayush/eYRC/Software/workspace/install/shape_interface/lib:/opt/ros/humble/opt/rviz_ogre_vendor/lib:/opt/ros/humble/lib/x86_64-linux-gnu:/opt/ros/humble/lib:/opt/mujoco/lib'), ('HOME', '/home/aayush'), ('OLDPWD', '/home/aayush/eYRC/Software/workspace/src'), ('DESKTOP_SESSION', 'ubuntu'), ('ROS_PYTHON_VERSION', '3'), ('GNOME_SHELL_SESSION_MODE', 'ubuntu'), ('GTK_MODULES', 'gail:atk-bridge'), ('SYSTEMD_EXEC_PID', '1744'), ('DBUS_SESSION_BUS_ADDRESS', 'unix:path=/run/user/1000/bus'), ('COLORTERM', 'truecolor'), ('IM_CONFIG_PHASE', '1'), ('WAYLAND_DISPLAY', 'wayland-0'), ('COLCON_PREFIX_PATH', '/home/aayush/eYRC/Software/workspace/install'), ('ROS_DISTRO', 'humble'), ('LOGNAME', 'aayush'), ('_', '/usr/bin/colcon'), ('ROS_VERSION', '2'), ('XDG_SESSION_CLASS', 'user'), ('MUJOCO_HOME', '/opt/mujoco'), ('USERNAME', 'aayush'), ('TERM', 'xterm-256color'), ('GNOME_DESKTOP_SESSION_ID', 'this-is-deprecated'), ('ROS_LOCALHOST_ONLY', '0'), ('PATH', '/opt/ros/humble/bin:/usr/local/sbin:/usr/local/bin:/usr/sbin:/usr/bin:/sbin:/bin:/usr/games:/usr/local/games:/snap/bin:/snap/bin:/opt/mujoco/bin'), ('SESSION_MANAGER', 'local/aayush-Inspiron-15-3530:@/tmp/.ICE-unix/1526,unix/aayush-Inspiron-15-3530:/tmp/.ICE-unix/1526'), ('XDG_MENU_PREFIX', 'gnome-'), ('GNOME_TERMINAL_SCREEN', '/org/gnome/Terminal/screen/3aef74fe_2e12_4c3d_a376_35801467e145'), ('GNOME_SETUP_DISPLAY', ':1'), ('XDG_RUNTIME_DIR', '/run/user/1000'), ('DISPLAY', ':0'), ('LANG', 'en_US.UTF-8'), ('XDG_CURRENT_DESKTOP', 'ubuntu:GNOME'), ('XMODIFIERS', '@im=ibus'), ('XDG_SESSION_DESKTOP', 'ubuntu'), ('XAUTHORITY', '/run/user/1000/.mutter-Xwaylandauth.2VPZW3'), ('LS_COLORS', 'rs=0:di=01;34:ln=01;36:mh=00:pi=40;33:so=01;35:do=01;35:bd=40;33;01:cd=40;33;01:or=40;31;01:mi=00:su=37;41:sg=30;43:ca=30;41:tw=30;42:ow=34;42:st=37;44:ex=01;32:*.tar=01;31:*.tgz=01;31:*.arc=01;31:*.arj=01;31:*.taz=01;31:*.lha=01;31:*.lz4=01;31:*.lzh=01;31:*.lzma=01;31:*.tlz=01;31:*.txz=01;31:*.tzo=01;31:*.t7z=01;31:*.zip=01;31:*.z=01;31:*.dz=01;31:*.gz=01;31:*.lrz=01;31:*.lz=01;31:*.lzo=01;31:*.xz=01;31:*.zst=01;31:*.tzst=01;31:*.bz2=01;31:*.bz=01;31:*.tbz=01;31:*.tbz2=01;31:*.tz=01;31:*.deb=01;31:*.rpm=01;31:*.jar=01;31:*.war=01;31:*.ear=01;31:*.sar=01;31:*.rar=01;31:*.alz=01;31:*.ace=01;31:*.zoo=01;31:*.cpio=01;31:*.7z=01;31:*.rz=01;31:*.cab=01;31:*.wim=01;31:*.swm=01;31:*.dwm=01;31:*.esd=01;31:*.jpg=01;35:*.jpeg=01;35:*.mjpg=01;35:*.mjpeg=01;35:*.gif=01;35:*.bmp=01;35:*.pbm=01;35:*.pgm=01;35:*.ppm=01;35:*.tga=01;35:*.xbm=01;35:*.xpm=01;35:*.tif=01;35:*.tiff=01;35:*.png=01;35:*.svg=01;35:*.svgz=01;35:*.mng=01;35:*.pcx=01;35:*.mov=01;35:*.mpg=01;35:*.mpeg=01;35:*.m2v=01;35:*.mkv=01;35:*.webm=01;35:*.webp=01;35:*.ogm=01;35:*.mp4=01;35:*.m4v=01;35:*.mp4v=01;35:*.vob=01;35:*.qt=01;35:*.nuv=01;35:*.wmv=01;35:*.asf=01;35:*.rm=01;35:*.rmvb=01;35:*.flc=01;35:*.avi=01;35:*.fli=01;35:*.flv=01;35:*.gl=01;35:*.dl=01;35:*.xcf=01;35:*.xwd=01;35:*.yuv=01;35:*.cgm=01;35:*.emf=01;35:*.ogv=01;35:*.ogx=01;35:*.aac=00;36:*.au=00;36:*.flac=00;36:*.m4a=00;36:*.mid=00;36:*.midi=00;36:*.mka=00;36:*.mp3=00;36:*.mpc=00;36:*.ogg=00;36:*.ra=00;36:*.wav=00;36:*.oga=00;36:*.opus=00;36:*.spx=00;36:*.xspf=00;36:'), ('GNOME_TERMINAL_SERVICE', ':1.102'), ('SSH_AGENT_LAUNCHER', 'gnome-keyring'), ('SSH_AUTH_SOCK', '/run/user/1000/keyring/ssh'), ('AMENT_PREFIX_PATH', '/home/aayush/eYRC/Software/workspace/install/task_1c:/home/aayush/eYRC/Software/workspace/install/task_1b:/home/aayush/eYRC/Software/workspace/install/hb_description:/home/aayush/eYRC/Software/workspace/install/task_1a:/home/aayush/eYRC/Software/workspace/install/shape_interface:/opt/ros/humble'), ('SHELL', '/bin/bash'), ('QT_ACCESSIBILITY', '1'), ('GDMSESSION', 'ubuntu'), ('LESSCLOSE', '/usr/bin/lesspipe %s %s'), ('QT_IM_MODULE', 'ibus'), ('PWD', '/home/aayush/eYRC/Software/workspace/build/task_1b'), ('LC_ALL', 'en_US.UTF-8'), ('XDG_CONFIG_DIRS', '/etc/xdg/xdg-ubuntu:/etc/xdg'), ('XDG_DATA_DIRS', '/usr/share/ubuntu:/usr/local/share/:/usr/share/:/var/lib/snapd/desktop'), ('PYTHONPATH', '/home/aayush/eYRC/Software/workspace/install/task_1b/local/lib/python3.10/dist-packages:/home/aayush/eYRC/Software/workspace/install/task_1a/local/lib/python3.10/dist-packages:/home/aayush/eYRC/Software/workspace/install/shape_interface/local/lib/python3.10/dist-packages:/opt/ros/humble/lib/python3.10/site-packages:/opt/ros/humble/local/lib/python3.10/dist-packages'), ('COLCON', '1'), ('VTE_VERSION', '6800'), ('CMAKE_PREFIX_PATH', '/home/aayush/eYRC/Software/workspace/install/task_1c:/home/aayush/eYRC/Software/workspace/install/task_1b:/home/aayush/eYRC/Software/workspace/install/hb_description:/home/aayush/eYRC/Software/workspace/install/task_1a:/home/aayush/eYRC/Software/workspace/install/shape_interface:/opt/ros/humble')]), 'shell': False}
[0.400283] (-) TimerEvent: {}
[0.404242] (task_1b) StdoutLine: {'line': b'-- Install configuration: ""\n'}
[0.404615] (task_1b) StdoutLine: {'line': b'-- Up-to-date: /home/aayush/eYRC/Software/workspace/install/task_1b/share/task_1b/environment/pythonpath.sh\n'}
[0.404711] (task_1b) StdoutLine: {'line': b'-- Up-to-date: /home/aayush/eYRC/Software/workspace/install/task_1b/share/task_1b/environment/pythonpath.dsv\n'}
[0.404791] (task_1b) StdoutLine: {'line': b'-- Up-to-date: /home/aayush/eYRC/Software/workspace/install/task_1b/local/lib/python3.10/dist-packages/task_1b-0.0.1-py3.10.egg-info\n'}
[0.404909] (task_1b) StdoutLine: {'line': b'-- Installing: /home/aayush/eYRC/Software/workspace/install/task_1b/local/lib/python3.10/dist-packages/task_1b-0.0.1-py3.10.egg-info/SOURCES.txt\n'}
[0.405005] (task_1b) StdoutLine: {'line': b'-- Installing: /home/aayush/eYRC/Software/workspace/install/task_1b/local/lib/python3.10/dist-packages/task_1b-0.0.1-py3.10.egg-info/top_level.txt\n'}
[0.405093] (task_1b) StdoutLine: {'line': b'-- Installing: /home/aayush/eYRC/Software/workspace/install/task_1b/local/lib/python3.10/dist-packages/task_1b-0.0.1-py3.10.egg-info/PKG-INFO\n'}
[0.405179] (task_1b) StdoutLine: {'line': b'-- Installing: /home/aayush/eYRC/Software/workspace/install/task_1b/local/lib/python3.10/dist-packages/task_1b-0.0.1-py3.10.egg-info/dependency_links.txt\n'}
[0.405377] (task_1b) StdoutLine: {'line': b'-- Up-to-date: /home/aayush/eYRC/Software/workspace/install/task_1b/local/lib/python3.10/dist-packages/task_1b\n'}
[0.405477] (task_1b) StdoutLine: {'line': b'-- Up-to-date: /home/aayush/eYRC/Software/workspace/install/task_1b/local/lib/python3.10/dist-packages/task_1b/__init__.py\n'}
[0.405542] (task_1b) StdoutLine: {'line': b'-- Up-to-date: /home/aayush/eYRC/Software/workspace/install/task_1b/local/lib/python3.10/dist-packages/task_1b/inverse_kinematics.py\n'}
[0.411067] (shape_interface) StdoutLine: {'line': b'running egg_info\n'}
[0.411680] (shape_interface) StdoutLine: {'line': b'writing shape_interface.egg-info/PKG-INFO\n'}
[0.411888] (shape_interface) StdoutLine: {'line': b'writing dependency_links to shape_interface.egg-info/dependency_links.txt\n'}
[0.412030] (shape_interface) StdoutLine: {'line': b'writing top-level names to shape_interface.egg-info/top_level.txt\n'}
[0.414526] (shape_interface) StdoutLine: {'line': b"reading manifest file 'shape_interface.egg-info/SOURCES.txt'\n"}
[0.415514] (shape_interface) StdoutLine: {'line': b"writing manifest file 'shape_interface.egg-info/SOURCES.txt'\n"}
[0.444080] (task_1b) StdoutLine: {'line': b"Listing '/home/aayush/eYRC/Software/workspace/install/task_1b/local/lib/python3.10/dist-packages/task_1b'...\n"}
[0.447286] (shape_interface) StdoutLine: {'line': b'[100%] Built target ament_cmake_python_build_shape_interface_egg\n'}
[0.452043] (task_1b) StdoutLine: {'line': b'-- Up-to-date: /home/aayush/eYRC/Software/workspace/install/task_1b/lib/task_1b/inverse_kinematics\n'}
[0.452399] (task_1b) StdoutLine: {'line': b'-- Up-to-date: /home/aayush/eYRC/Software/workspace/install/task_1b/lib/task_1b/cmd_vel_publisher\n'}
[0.452776] (task_1b) StdoutLine: {'line': b'-- Up-to-date: /home/aayush/eYRC/Software/workspace/install/task_1b/share/ament_index/resource_index/package_run_dependencies/task_1b\n'}
[0.452981] (task_1b) StdoutLine: {'line': b'-- Up-to-date: /home/aayush/eYRC/Software/workspace/install/task_1b/share/ament_index/resource_index/parent_prefix_path/task_1b\n'}
[0.453061] (task_1b) StdoutLine: {'line': b'-- Up-to-date: /home/aayush/eYRC/Software/workspace/install/task_1b/share/task_1b/environment/ament_prefix_path.sh\n'}
[0.453156] (task_1b) StdoutLine: {'line': b'-- Up-to-date: /home/aayush/eYRC/Software/workspace/install/task_1b/share/task_1b/environment/ament_prefix_path.dsv\n'}
[0.453237] (task_1b) StdoutLine: {'line': b'-- Up-to-date: /home/aayush/eYRC/Software/workspace/install/task_1b/share/task_1b/environment/path.sh\n'}
[0.453311] (task_1b) StdoutLine: {'line': b'-- Up-to-date: /home/aayush/eYRC/Software/workspace/install/task_1b/share/task_1b/environment/path.dsv\n'}
[0.453394] (task_1b) StdoutLine: {'line': b'-- Up-to-date: /home/aayush/eYRC/Software/workspace/install/task_1b/share/task_1b/local_setup.bash\n'}
[0.453495] (task_1b) StdoutLine: {'line': b'-- Up-to-date: /home/aayush/eYRC/Software/workspace/install/task_1b/share/task_1b/local_setup.sh\n'}
[0.453591] (task_1b) StdoutLine: {'line': b'-- Up-to-date: /home/aayush/eYRC/Software/workspace/install/task_1b/share/task_1b/local_setup.zsh\n'}
[0.453662] (task_1b) StdoutLine: {'line': b'-- Up-to-date: /home/aayush/eYRC/Software/workspace/install/task_1b/share/task_1b/local_setup.dsv\n'}
[0.453731] (task_1b) StdoutLine: {'line': b'-- Installing: /home/aayush/eYRC/Software/workspace/install/task_1b/share/task_1b/package.dsv\n'}
[0.454053] (task_1b) StdoutLine: {'line': b'-- Up-to-date: /home/aayush/eYRC/Software/workspace/install/task_1b/share/ament_index/resource_index/packages/task_1b\n'}
[0.454207] (task_1b) StdoutLine: {'line': b'-- Up-to-date: /home/aayush/eYRC/Software/workspace/install/task_1b/share/task_1b/cmake/task_1bConfig.cmake\n'}
[0.454292] (task_1b) StdoutLine: {'line': b'-- Up-to-date: /home/aayush/eYRC/Software/workspace/install/task_1b/share/task_1b/cmake/task_1bConfig-version.cmake\n'}
[0.454377] (task_1b) StdoutLine: {'line': b'-- Up-to-date: /home/aayush/eYRC/Software/workspace/install/task_1b/share/task_1b/package.xml\n'}
[0.455683] (task_1b) CommandEnded: {'returncode': 0}
[0.473900] (task_1b) JobEnded: {'identifier': 'task_1b', 'rc': 0}
[0.474722] (shape_interface) CommandEnded: {'returncode': 0}
[0.475542] (shape_interface) JobProgress: {'identifier': 'shape_interface', 'progress': 'install'}
[0.475721] (shape_interface) Command: {'cmd': ['/usr/bin/cmake', '--install', '/home/aayush/eYRC/Software/workspace/build/shape_interface'], 'cwd': '/home/aayush/eYRC/Software/workspace/build/shape_interface', 'env': OrderedDict([('LESSOPEN', '| /usr/bin/lesspipe %s'), ('LANGUAGE', 'en_IN:en'), ('USER', 'aayush'), ('XDG_SESSION_TYPE', 'wayland'), ('SHLVL', '1'), ('LD_LIBRARY_PATH', '/home/aayush/eYRC/Software/workspace/install/hb_description/lib:/home/aayush/eYRC/Software/workspace/install/shape_interface/lib:/opt/ros/humble/opt/rviz_ogre_vendor/lib:/opt/ros/humble/lib/x86_64-linux-gnu:/opt/ros/humble/lib:/opt/mujoco/lib'), ('HOME', '/home/aayush'), ('OLDPWD', '/home/aayush/eYRC/Software/workspace/src'), ('DESKTOP_SESSION', 'ubuntu'), ('ROS_PYTHON_VERSION', '3'), ('GNOME_SHELL_SESSION_MODE', 'ubuntu'), ('GTK_MODULES', 'gail:atk-bridge'), ('SYSTEMD_EXEC_PID', '1744'), ('DBUS_SESSION_BUS_ADDRESS', 'unix:path=/run/user/1000/bus'), ('COLORTERM', 'truecolor'), ('IM_CONFIG_PHASE', '1'), ('WAYLAND_DISPLAY', 'wayland-0'), ('COLCON_PREFIX_PATH', '/home/aayush/eYRC/Software/workspace/install'), ('ROS_DISTRO', 'humble'), ('LOGNAME', 'aayush'), ('_', '/usr/bin/colcon'), ('ROS_VERSION', '2'), ('XDG_SESSION_CLASS', 'user'), ('MUJOCO_HOME', '/opt/mujoco'), ('USERNAME', 'aayush'), ('TERM', 'xterm-256color'), ('GNOME_DESKTOP_SESSION_ID', 'this-is-deprecated'), ('ROS_LOCALHOST_ONLY', '0'), ('PATH', '/opt/ros/humble/bin:/usr/local/sbin:/usr/local/bin:/usr/sbin:/usr/bin:/sbin:/bin:/usr/games:/usr/local/games:/snap/bin:/snap/bin:/opt/mujoco/bin'), ('SESSION_MANAGER', 'local/aayush-Inspiron-15-3530:@/tmp/.ICE-unix/1526,unix/aayush-Inspiron-15-3530:/tmp/.ICE-unix/1526'), ('XDG_MENU_PREFIX', 'gnome-'), ('GNOME_TERMINAL_SCREEN', '/org/gnome/Terminal/screen/3aef74fe_2e12_4c3d_a376_35801467e145'), ('GNOME_SETUP_DISPLAY', ':1'), ('XDG_RUNTIME_DIR', '/run/user/1000'), ('DISPLAY', ':0'), ('LANG', 'en_US.UTF-8'), ('XDG_CURRENT_DESKTOP', 'ubuntu:GNOME'), ('XMODIFIERS', '@im=ibus'), ('XDG_SESSION_DESKTOP', 'ubuntu'), ('XAUTHORITY', '/run/user/1000/.mutter-Xwaylandauth.2VPZW3'), ('LS_COLORS', 'rs=0:di=01;34:ln=01;36:mh=00:pi=40;33:so=01;35:do=01;35:bd=40;33;01:cd=40;33;01:or=40;31;01:mi=00:su=37;41:sg=30;43:ca=30;41:tw=30;42:ow=34;42:st=37;44:ex=01;32:*.tar=01;31:*.tgz=01;31:*.arc=01;31:*.arj=01;31:*.taz=01;31:*.lha=01;31:*.lz4=01;31:*.lzh=01;31:*.lzma=01;31:*.tlz=01;31:*.txz=01;31:*.tzo=01;31:*.t7z=01;31:*.zip=01;31:*.z=01;31:*.dz=01;31:*.gz=01;31:*.lrz=01;31:*.lz=01;31:*.lzo=01;31:*.xz=01;31:*.zst=01;31:*.tzst=01;31:*.bz2=01;31:*.bz=01;31:*.tbz=01;31:*.tbz2=01;31:*.tz=01;31:*.deb=01;31:*.rpm=01;31:*.jar=01;31:*.war=01;31:*.ear=01;31:*.sar=01;31:*.rar=01;31:*.alz=01;31:*.ace=01;31:*.zoo=01;31:*.cpio=01;31:*.7z=01;31:*.rz=01;31:*.cab=01;31:*.wim=01;31:*.swm=01;31:*.dwm=01;31:*.esd=01;31:*.jpg=01;35:*.jpeg=01;35:*.mjpg=01;35:*.mjpeg=01;35:*.gif=01;35:*.bmp=01;35:*.pbm=01;35:*.pgm=01;35:*.ppm=01;35:*.tga=01;35:*.xbm=01;35:*.xpm=01;35:*.tif=01;35:*.tiff=01;35:*.png=01;35:*.svg=01;35:*.svgz=01;35:*.mng=01;35:*.pcx=01;35:*.mov=01;35:*.mpg=01;35:*.mpeg=01;35:*.m2v=01;35:*.mkv=01;35:*.webm=01;35:*.webp=01;35:*.ogm=01;35:*.mp4=01;35:*.m4v=01;35:*.mp4v=01;35:*.vob=01;35:*.qt=01;35:*.nuv=01;35:*.wmv=01;35:*.asf=01;35:*.rm=01;35:*.rmvb=01;35:*.flc=01;35:*.avi=01;35:*.fli=01;35:*.flv=01;35:*.gl=01;35:*.dl=01;35:*.xcf=01;35:*.xwd=01;35:*.yuv=01;35:*.cgm=01;35:*.emf=01;35:*.ogv=01;35:*.ogx=01;35:*.aac=00;36:*.au=00;36:*.flac=00;36:*.m4a=00;36:*.mid=00;36:*.midi=00;36:*.mka=00;36:*.mp3=00;36:*.mpc=00;36:*.ogg=00;36:*.ra=00;36:*.wav=00;36:*.oga=00;36:*.opus=00;36:*.spx=00;36:*.xspf=00;36:'), ('GNOME_TERMINAL_SERVICE', ':1.102'), ('SSH_AGENT_LAUNCHER', 'gnome-keyring'), ('SSH_AUTH_SOCK', '/run/user/1000/keyring/ssh'), ('AMENT_PREFIX_PATH', '/home/aayush/eYRC/Software/workspace/install/task_1c:/home/aayush/eYRC/Software/workspace/install/task_1b:/home/aayush/eYRC/Software/workspace/install/hb_description:/home/aayush/eYRC/Software/workspace/install/task_1a:/home/aayush/eYRC/Software/workspace/install/shape_interface:/opt/ros/humble'), ('SHELL', '/bin/bash'), ('QT_ACCESSIBILITY', '1'), ('GDMSESSION', 'ubuntu'), ('LESSCLOSE', '/usr/bin/lesspipe %s %s'), ('QT_IM_MODULE', 'ibus'), ('PWD', '/home/aayush/eYRC/Software/workspace/build/shape_interface'), ('LC_ALL', 'en_US.UTF-8'), ('XDG_CONFIG_DIRS', '/etc/xdg/xdg-ubuntu:/etc/xdg'), ('XDG_DATA_DIRS', '/usr/share/ubuntu:/usr/local/share/:/usr/share/:/var/lib/snapd/desktop'), ('PYTHONPATH', '/home/aayush/eYRC/Software/workspace/install/task_1b/local/lib/python3.10/dist-packages:/home/aayush/eYRC/Software/workspace/install/task_1a/local/lib/python3.10/dist-packages:/home/aayush/eYRC/Software/workspace/install/shape_interface/local/lib/python3.10/dist-packages:/opt/ros/humble/lib/python3.10/site-packages:/opt/ros/humble/local/lib/python3.10/dist-packages'), ('COLCON', '1'), ('VTE_VERSION', '6800'), ('CMAKE_PREFIX_PATH', '/home/aayush/eYRC/Software/workspace/install/task_1c:/home/aayush/eYRC/Software/workspace/install/task_1b:/home/aayush/eYRC/Software/workspace/install/hb_description:/home/aayush/eYRC/Software/workspace/install/task_1a:/home/aayush/eYRC/Software/workspace/install/shape_interface:/opt/ros/humble')]), 'shell': False}
[0.485958] (shape_interface) StdoutLine: {'line': b'-- Install configuration: ""\n'}
[0.486274] (shape_interface) StdoutLine: {'line': b'-- Up-to-date: /home/aayush/eYRC/Software/workspace/install/shape_interface/share/ament_index/resource_index/rosidl_interfaces/shape_interface\n'}
[0.486363] (shape_interface) StdoutLine: {'line': b'-- Up-to-date: /home/aayush/eYRC/Software/workspace/install/shape_interface/include/shape_interface/shape_interface\n'}
[0.486432] (shape_interface) StdoutLine: {'line': b'-- Up-to-date: /home/aayush/eYRC/Software/workspace/install/shape_interface/include/shape_interface/shape_interface/srv\n'}
[0.486639] (shape_interface) StdoutLine: {'line': b'-- Up-to-date: /home/aayush/eYRC/Software/workspace/install/shape_interface/include/shape_interface/shape_interface/srv/get_shape.h\n'}
[0.486752] (shape_interface) StdoutLine: {'line': b'-- Up-to-date: /home/aayush/eYRC/Software/workspace/install/shape_interface/include/shape_interface/shape_interface/srv/pixel_to_world.h\n'}
[0.486823] (shape_interface) StdoutLine: {'line': b'-- Up-to-date: /home/aayush/eYRC/Software/workspace/install/shape_interface/include/shape_interface/shape_interface/srv/detail\n'}
[0.486887] (shape_interface) StdoutLine: {'line': b'-- Up-to-date: /home/aayush/eYRC/Software/workspace/install/shape_interface/include/shape_interface/shape_interface/srv/detail/get_shape__functions.c\n'}
[0.486953] (shape_interface) StdoutLine: {'line': b'-- Up-to-date: /home/aayush/eYRC/Software/workspace/install/shape_interface/include/shape_interface/shape_interface/srv/detail/pixel_to_world__type_support.h\n'}
[0.487024] (shape_interface) StdoutLine: {'line': b'-- Up-to-date: /home/aayush/eYRC/Software/workspace/install/shape_interface/include/shape_interface/shape_interface/srv/detail/pixel_to_world__functions.h\n'}
[0.487085] (shape_interface) StdoutLine: {'line': b'-- Up-to-date: /home/aayush/eYRC/Software/workspace/install/shape_interface/include/shape_interface/shape_interface/srv/detail/get_shape__struct.h\n'}
[0.487163] (shape_interface) StdoutLine: {'line': b'-- Up-to-date: /home/aayush/eYRC/Software/workspace/install/shape_interface/include/shape_interface/shape_interface/srv/detail/get_shape__functions.h\n'}
[0.487263] (shape_interface) StdoutLine: {'line': b'-- Up-to-date: /home/aayush/eYRC/Software/workspace/install/shape_interface/include/shape_interface/shape_interface/srv/detail/pixel_to_world__functions.c\n'}
[0.487331] (shape_interface) StdoutLine: {'line': b'-- Up-to-date: /home/aayush/eYRC/Software/workspace/install/shape_interface/include/shape_interface/shape_interface/srv/detail/get_shape__type_support.h\n'}
[0.487393] (shape_interface) StdoutLine: {'line': b'-- Up-to-date: /home/aayush/eYRC/Software/workspace/install/shape_interface/include/shape_interface/shape_interface/srv/detail/pixel_to_world__struct.h\n'}
[0.487491] (shape_interface) StdoutLine: {'line': b'-- Up-to-date: /home/aayush/eYRC/Software/workspace/install/shape_interface/include/shape_interface/shape_interface/msg\n'}
[0.487553] (shape_interface) StdoutLine: {'line': b'-- Up-to-date: /home/aayush/eYRC/Software/workspace/install/shape_interface/include/shape_interface/shape_interface/msg/shape.h\n'}
[0.487634] (shape_interface) StdoutLine: {'line': b'-- Up-to-date: /home/aayush/eYRC/Software/workspace/install/shape_interface/include/shape_interface/shape_interface/msg/detail\n'}
[0.487717] (shape_interface) StdoutLine: {'line': b'-- Up-to-date: /home/aayush/eYRC/Software/workspace/install/shape_interface/include/shape_interface/shape_interface/msg/detail/shape__functions.c\n'}
[0.487862] (shape_interface) StdoutLine: {'line': b'-- Up-to-date: /home/aayush/eYRC/Software/workspace/install/shape_interface/include/shape_interface/shape_interface/msg/detail/shape__functions.h\n'}
[0.487951] (shape_interface) StdoutLine: {'line': b'-- Up-to-date: /home/aayush/eYRC/Software/workspace/install/shape_interface/include/shape_interface/shape_interface/msg/detail/shape__type_support.h\n'}
[0.488047] (shape_interface) StdoutLine: {'line': b'-- Up-to-date: /home/aayush/eYRC/Software/workspace/install/shape_interface/include/shape_interface/shape_interface/msg/detail/shape__struct.h\n'}
[0.488131] (shape_interface) StdoutLine: {'line': b'-- Up-to-date: /home/aayush/eYRC/Software/workspace/install/shape_interface/include/shape_interface/shape_interface/msg/rosidl_generator_c__visibility_control.h\n'}
[0.488202] (shape_interface) StdoutLine: {'line': b'-- Up-to-date: /home/aayush/eYRC/Software/workspace/install/shape_interface/share/shape_interface/environment/library_path.sh\n'}
[0.488263] (shape_interface) StdoutLine: {'line': b'-- Up-to-date: /home/aayush/eYRC/Software/workspace/install/shape_interface/share/shape_interface/environment/library_path.dsv\n'}
[0.488323] (shape_interface) StdoutLine: {'line': b'-- Up-to-date: /home/aayush/eYRC/Software/workspace/install/shape_interface/lib/libshape_interface__rosidl_generator_c.so\n'}
[0.488384] (shape_interface) StdoutLine: {'line': b'-- Up-to-date: /home/aayush/eYRC/Software/workspace/install/shape_interface/include/shape_interface/shape_interface\n'}
[0.488442] (shape_interface) StdoutLine: {'line': b'-- Up-to-date: /home/aayush/eYRC/Software/workspace/install/shape_interface/include/shape_interface/shape_interface/srv\n'}
[0.488502] (shape_interface) StdoutLine: {'line': b'-- Up-to-date: /home/aayush/eYRC/Software/workspace/install/shape_interface/include/shape_interface/shape_interface/srv/detail\n'}
[0.488565] (shape_interface) StdoutLine: {'line': b'-- Up-to-date: /home/aayush/eYRC/Software/workspace/install/shape_interface/include/shape_interface/shape_interface/srv/detail/get_shape__rosidl_typesupport_fastrtps_c.h\n'}
[0.488644] (shape_interface) StdoutLine: {'line': b'-- Up-to-date: /home/aayush/eYRC/Software/workspace/install/shape_interface/include/shape_interface/shape_interface/srv/detail/pixel_to_world__rosidl_typesupport_fastrtps_c.h\n'}
[0.488708] (shape_interface) StdoutLine: {'line': b'-- Up-to-date: /home/aayush/eYRC/Software/workspace/install/shape_interface/include/shape_interface/shape_interface/msg\n'}
[0.488790] (shape_interface) StdoutLine: {'line': b'-- Up-to-date: /home/aayush/eYRC/Software/workspace/install/shape_interface/include/shape_interface/shape_interface/msg/detail\n'}
[0.488867] (shape_interface) StdoutLine: {'line': b'-- Up-to-date: /home/aayush/eYRC/Software/workspace/install/shape_interface/include/shape_interface/shape_interface/msg/detail/shape__rosidl_typesupport_fastrtps_c.h\n'}
[0.488954] (shape_interface) StdoutLine: {'line': b'-- Up-to-date: /home/aayush/eYRC/Software/workspace/install/shape_interface/include/shape_interface/shape_interface/msg/rosidl_typesupport_fastrtps_c__visibility_control.h\n'}
[0.489033] (shape_interface) StdoutLine: {'line': b'-- Up-to-date: /home/aayush/eYRC/Software/workspace/install/shape_interface/lib/libshape_interface__rosidl_typesupport_fastrtps_c.so\n'}
[0.489131] (shape_interface) StdoutLine: {'line': b'-- Up-to-date: /home/aayush/eYRC/Software/workspace/install/shape_interface/include/shape_interface/shape_interface\n'}
[0.489194] (shape_interface) StdoutLine: {'line': b'-- Up-to-date: /home/aayush/eYRC/Software/workspace/install/shape_interface/include/shape_interface/shape_interface/srv\n'}
[0.489253] (shape_interface) StdoutLine: {'line': b'-- Up-to-date: /home/aayush/eYRC/Software/workspace/install/shape_interface/include/shape_interface/shape_interface/srv/detail\n'}
[0.489312] (shape_interface) StdoutLine: {'line': b'-- Up-to-date: /home/aayush/eYRC/Software/workspace/install/shape_interface/include/shape_interface/shape_interface/srv/detail/pixel_to_world__rosidl_typesupport_introspection_c.h\n'}
[0.489372] (shape_interface) StdoutLine: {'line': b'-- Up-to-date: /home/aayush/eYRC/Software/workspace/install/shape_interface/include/shape_interface/shape_interface/srv/detail/get_shape__type_support.c\n'}
[0.489437] (shape_interface) StdoutLine: {'line': b'-- Up-to-date: /home/aayush/eYRC/Software/workspace/install/shape_interface/include/shape_interface/shape_interface/srv/detail/pixel_to_world__type_support.c\n'}
[0.489496] (shape_interface) StdoutLine: {'line': b'-- Up-to-date: /home/aayush/eYRC/Software/workspace/install/shape_interface/include/shape_interface/shape_interface/srv/detail/get_shape__rosidl_typesupport_introspection_c.h\n'}
[0.489556] (shape_interface) StdoutLine: {'line': b'-- Up-to-date: /home/aayush/eYRC/Software/workspace/install/shape_interface/include/shape_interface/shape_interface/msg\n'}
[0.489628] (shape_interface) StdoutLine: {'line': b'-- Up-to-date: /home/aayush/eYRC/Software/workspace/install/shape_interface/include/shape_interface/shape_interface/msg/rosidl_typesupport_introspection_c__visibility_control.h\n'}
[0.489687] (shape_interface) StdoutLine: {'line': b'-- Up-to-date: /home/aayush/eYRC/Software/workspace/install/shape_interface/include/shape_interface/shape_interface/msg/detail\n'}
[0.489746] (shape_interface) StdoutLine: {'line': b'-- Up-to-date: /home/aayush/eYRC/Software/workspace/install/shape_interface/include/shape_interface/shape_interface/msg/detail/shape__rosidl_typesupport_introspection_c.h\n'}
[0.489805] (shape_interface) StdoutLine: {'line': b'-- Up-to-date: /home/aayush/eYRC/Software/workspace/install/shape_interface/include/shape_interface/shape_interface/msg/detail/shape__type_support.c\n'}
[0.489865] (shape_interface) StdoutLine: {'line': b'-- Up-to-date: /home/aayush/eYRC/Software/workspace/install/shape_interface/lib/libshape_interface__rosidl_typesupport_introspection_c.so\n'}
[0.490202] (shape_interface) StdoutLine: {'line': b'-- Up-to-date: /home/aayush/eYRC/Software/workspace/install/shape_interface/lib/libshape_interface__rosidl_typesupport_c.so\n'}
[0.490363] (shape_interface) StdoutLine: {'line': b'-- Up-to-date: /home/aayush/eYRC/Software/workspace/install/shape_interface/include/shape_interface/shape_interface\n'}
[0.490437] (shape_interface) StdoutLine: {'line': b'-- Up-to-date: /home/aayush/eYRC/Software/workspace/install/shape_interface/include/shape_interface/shape_interface/srv\n'}
[0.490527] (shape_interface) StdoutLine: {'line': b'-- Up-to-date: /home/aayush/eYRC/Software/workspace/install/shape_interface/include/shape_interface/shape_interface/srv/detail\n'}
[0.490625] (shape_interface) StdoutLine: {'line': b'-- Up-to-date: /home/aayush/eYRC/Software/workspace/install/shape_interface/include/shape_interface/shape_interface/srv/detail/pixel_to_world__type_support.hpp\n'}
[0.490717] (shape_interface) StdoutLine: {'line': b'-- Up-to-date: /home/aayush/eYRC/Software/workspace/install/shape_interface/include/shape_interface/shape_interface/srv/detail/pixel_to_world__struct.hpp\n'}
[0.490805] (shape_interface) StdoutLine: {'line': b'-- Up-to-date: /home/aayush/eYRC/Software/workspace/install/shape_interface/include/shape_interface/shape_interface/srv/detail/get_shape__type_support.hpp\n'}
[0.490880] (shape_interface) StdoutLine: {'line': b'-- Up-to-date: /home/aayush/eYRC/Software/workspace/install/shape_interface/include/shape_interface/shape_interface/srv/detail/pixel_to_world__builder.hpp\n'}
[0.490962] (shape_interface) StdoutLine: {'line': b'-- Up-to-date: /home/aayush/eYRC/Software/workspace/install/shape_interface/include/shape_interface/shape_interface/srv/detail/pixel_to_world__traits.hpp\n'}
[0.491039] (shape_interface) StdoutLine: {'line': b'-- Up-to-date: /home/aayush/eYRC/Software/workspace/install/shape_interface/include/shape_interface/shape_interface/srv/detail/get_shape__struct.hpp\n'}
[0.491122] (shape_interface) StdoutLine: {'line': b'-- Up-to-date: /home/aayush/eYRC/Software/workspace/install/shape_interface/include/shape_interface/shape_interface/srv/detail/get_shape__builder.hpp\n'}
[0.491196] (shape_interface) StdoutLine: {'line': b'-- Up-to-date: /home/aayush/eYRC/Software/workspace/install/shape_interface/include/shape_interface/shape_interface/srv/detail/get_shape__traits.hpp\n'}
[0.491255] (shape_interface) StdoutLine: {'line': b'-- Up-to-date: /home/aayush/eYRC/Software/workspace/install/shape_interface/include/shape_interface/shape_interface/srv/get_shape.hpp\n'}
[0.491315] (shape_interface) StdoutLine: {'line': b'-- Up-to-date: /home/aayush/eYRC/Software/workspace/install/shape_interface/include/shape_interface/shape_interface/srv/pixel_to_world.hpp\n'}
[0.491375] (shape_interface) StdoutLine: {'line': b'-- Up-to-date: /home/aayush/eYRC/Software/workspace/install/shape_interface/include/shape_interface/shape_interface/msg\n'}
[0.491434] (shape_interface) StdoutLine: {'line': b'-- Up-to-date: /home/aayush/eYRC/Software/workspace/install/shape_interface/include/shape_interface/shape_interface/msg/rosidl_generator_cpp__visibility_control.hpp\n'}
[0.491492] (shape_interface) StdoutLine: {'line': b'-- Up-to-date: /home/aayush/eYRC/Software/workspace/install/shape_interface/include/shape_interface/shape_interface/msg/shape.hpp\n'}
[0.491551] (shape_interface) StdoutLine: {'line': b'-- Up-to-date: /home/aayush/eYRC/Software/workspace/install/shape_interface/include/shape_interface/shape_interface/msg/detail\n'}
[0.491611] (shape_interface) StdoutLine: {'line': b'-- Up-to-date: /home/aayush/eYRC/Software/workspace/install/shape_interface/include/shape_interface/shape_interface/msg/detail/shape__struct.hpp\n'}
[0.491675] (shape_interface) StdoutLine: {'line': b'-- Up-to-date: /home/aayush/eYRC/Software/workspace/install/shape_interface/include/shape_interface/shape_interface/msg/detail/shape__type_support.hpp\n'}
[0.491747] (shape_interface) StdoutLine: {'line': b'-- Up-to-date: /home/aayush/eYRC/Software/workspace/install/shape_interface/include/shape_interface/shape_interface/msg/detail/shape__traits.hpp\n'}
[0.491806] (shape_interface) StdoutLine: {'line': b'-- Up-to-date: /home/aayush/eYRC/Software/workspace/install/shape_interface/include/shape_interface/shape_interface/msg/detail/shape__builder.hpp\n'}
[0.491875] (shape_interface) StdoutLine: {'line': b'-- Up-to-date: /home/aayush/eYRC/Software/workspace/install/shape_interface/include/shape_interface/shape_interface\n'}
[0.491958] (shape_interface) StdoutLine: {'line': b'-- Up-to-date: /home/aayush/eYRC/Software/workspace/install/shape_interface/include/shape_interface/shape_interface/srv\n'}
[0.492041] (shape_interface) StdoutLine: {'line': b'-- Up-to-date: /home/aayush/eYRC/Software/workspace/install/shape_interface/include/shape_interface/shape_interface/srv/detail\n'}
[0.492123] (shape_interface) StdoutLine: {'line': b'-- Up-to-date: /home/aayush/eYRC/Software/workspace/install/shape_interface/include/shape_interface/shape_interface/srv/detail/dds_fastrtps\n'}
[0.492186] (shape_interface) StdoutLine: {'line': b'-- Up-to-date: /home/aayush/eYRC/Software/workspace/install/shape_interface/include/shape_interface/shape_interface/srv/detail/pixel_to_world__rosidl_typesupport_fastrtps_cpp.hpp\n'}
[0.492245] (shape_interface) StdoutLine: {'line': b'-- Up-to-date: /home/aayush/eYRC/Software/workspace/install/shape_interface/include/shape_interface/shape_interface/srv/detail/get_shape__rosidl_typesupport_fastrtps_cpp.hpp\n'}
[0.492304] (shape_interface) StdoutLine: {'line': b'-- Up-to-date: /home/aayush/eYRC/Software/workspace/install/shape_interface/include/shape_interface/shape_interface/msg\n'}
[0.492363] (shape_interface) StdoutLine: {'line': b'-- Up-to-date: /home/aayush/eYRC/Software/workspace/install/shape_interface/include/shape_interface/shape_interface/msg/detail\n'}
[0.492431] (shape_interface) StdoutLine: {'line': b'-- Up-to-date: /home/aayush/eYRC/Software/workspace/install/shape_interface/include/shape_interface/shape_interface/msg/detail/shape__rosidl_typesupport_fastrtps_cpp.hpp\n'}
[0.492492] (shape_interface) StdoutLine: {'line': b'-- Up-to-date: /home/aayush/eYRC/Software/workspace/install/shape_interface/include/shape_interface/shape_interface/msg/detail/dds_fastrtps\n'}
[0.492551] (shape_interface) StdoutLine: {'line': b'-- Up-to-date: /home/aayush/eYRC/Software/workspace/install/shape_interface/include/shape_interface/shape_interface/msg/rosidl_typesupport_fastrtps_cpp__visibility_control.h\n'}
[0.492623] (shape_interface) StdoutLine: {'line': b'-- Up-to-date: /home/aayush/eYRC/Software/workspace/install/shape_interface/lib/libshape_interface__rosidl_typesupport_fastrtps_cpp.so\n'}
[0.492683] (shape_interface) StdoutLine: {'line': b'-- Up-to-date: /home/aayush/eYRC/Software/workspace/install/shape_interface/include/shape_interface/shape_interface\n'}
[0.492742] (shape_interface) StdoutLine: {'line': b'-- Up-to-date: /home/aayush/eYRC/Software/workspace/install/shape_interface/include/shape_interface/shape_interface/srv\n'}
[0.492800] (shape_interface) StdoutLine: {'line': b'-- Up-to-date: /home/aayush/eYRC/Software/workspace/install/shape_interface/include/shape_interface/shape_interface/srv/detail\n'}
[0.492858] (shape_interface) StdoutLine: {'line': b'-- Up-to-date: /home/aayush/eYRC/Software/workspace/install/shape_interface/include/shape_interface/shape_interface/srv/detail/pixel_to_world__rosidl_typesupport_introspection_cpp.hpp\n'}
[0.492917] (shape_interface) StdoutLine: {'line': b'-- Up-to-date: /home/aayush/eYRC/Software/workspace/install/shape_interface/include/shape_interface/shape_interface/srv/detail/get_shape__type_support.cpp\n'}
[0.492988] (shape_interface) StdoutLine: {'line': b'-- Up-to-date: /home/aayush/eYRC/Software/workspace/install/shape_interface/include/shape_interface/shape_interface/srv/detail/get_shape__rosidl_typesupport_introspection_cpp.hpp\n'}
[0.493048] (shape_interface) StdoutLine: {'line': b'-- Up-to-date: /home/aayush/eYRC/Software/workspace/install/shape_interface/include/shape_interface/shape_interface/srv/detail/pixel_to_world__type_support.cpp\n'}
[0.493112] (shape_interface) StdoutLine: {'line': b'-- Up-to-date: /home/aayush/eYRC/Software/workspace/install/shape_interface/include/shape_interface/shape_interface/msg\n'}
[0.493177] (shape_interface) StdoutLine: {'line': b'-- Up-to-date: /home/aayush/eYRC/Software/workspace/install/shape_interface/include/shape_interface/shape_interface/msg/detail\n'}
[0.493237] (shape_interface) StdoutLine: {'line': b'-- Up-to-date: /home/aayush/eYRC/Software/workspace/install/shape_interface/include/shape_interface/shape_interface/msg/detail/shape__rosidl_typesupport_introspection_cpp.hpp\n'}
[0.493297] (shape_interface) StdoutLine: {'line': b'-- Up-to-date: /home/aayush/eYRC/Software/workspace/install/shape_interface/include/shape_interface/shape_interface/msg/detail/shape__type_support.cpp\n'}
[0.493367] (shape_interface) StdoutLine: {'line': b'-- Up-to-date: /home/aayush/eYRC/Software/workspace/install/shape_interface/lib/libshape_interface__rosidl_typesupport_introspection_cpp.so\n'}
[0.493427] (shape_interface) StdoutLine: {'line': b'-- Up-to-date: /home/aayush/eYRC/Software/workspace/install/shape_interface/lib/libshape_interface__rosidl_typesupport_cpp.so\n'}
[0.493828] (shape_interface) StdoutLine: {'line': b'-- Up-to-date: /home/aayush/eYRC/Software/workspace/install/shape_interface/share/shape_interface/environment/pythonpath.sh\n'}
[0.493920] (shape_interface) StdoutLine: {'line': b'-- Up-to-date: /home/aayush/eYRC/Software/workspace/install/shape_interface/share/shape_interface/environment/pythonpath.dsv\n'}
[0.494009] (shape_interface) StdoutLine: {'line': b'-- Up-to-date: /home/aayush/eYRC/Software/workspace/install/shape_interface/local/lib/python3.10/dist-packages/shape_interface-0.0.0-py3.10.egg-info\n'}
[0.494105] (shape_interface) StdoutLine: {'line': b'-- Installing: /home/aayush/eYRC/Software/workspace/install/shape_interface/local/lib/python3.10/dist-packages/shape_interface-0.0.0-py3.10.egg-info/SOURCES.txt\n'}
[0.494190] (shape_interface) StdoutLine: {'line': b'-- Installing: /home/aayush/eYRC/Software/workspace/install/shape_interface/local/lib/python3.10/dist-packages/shape_interface-0.0.0-py3.10.egg-info/top_level.txt\n'}
[0.494261] (shape_interface) StdoutLine: {'line': b'-- Installing: /home/aayush/eYRC/Software/workspace/install/shape_interface/local/lib/python3.10/dist-packages/shape_interface-0.0.0-py3.10.egg-info/PKG-INFO\n'}
[0.494321] (shape_interface) StdoutLine: {'line': b'-- Installing: /home/aayush/eYRC/Software/workspace/install/shape_interface/local/lib/python3.10/dist-packages/shape_interface-0.0.0-py3.10.egg-info/dependency_links.txt\n'}
[0.494380] (shape_interface) StdoutLine: {'line': b'-- Up-to-date: /home/aayush/eYRC/Software/workspace/install/shape_interface/local/lib/python3.10/dist-packages/shape_interface\n'}
[0.494440] (shape_interface) StdoutLine: {'line': b'-- Up-to-date: /home/aayush/eYRC/Software/workspace/install/shape_interface/local/lib/python3.10/dist-packages/shape_interface/_shape_interface_s.ep.rosidl_typesupport_c.c\n'}
[0.494502] (shape_interface) StdoutLine: {'line': b'-- Up-to-date: /home/aayush/eYRC/Software/workspace/install/shape_interface/local/lib/python3.10/dist-packages/shape_interface/shape_interface_s__rosidl_typesupport_c.cpython-310-x86_64-linux-gnu.so\n'}
[0.494625] (shape_interface) StdoutLine: {'line': b'-- Up-to-date: /home/aayush/eYRC/Software/workspace/install/shape_interface/local/lib/python3.10/dist-packages/shape_interface/shape_interface_s__rosidl_typesupport_introspection_c.cpython-310-x86_64-linux-gnu.so\n'}
[0.494686] (shape_interface) StdoutLine: {'line': b'-- Up-to-date: /home/aayush/eYRC/Software/workspace/install/shape_interface/local/lib/python3.10/dist-packages/shape_interface/_shape_interface_s.ep.rosidl_typesupport_introspection_c.c\n'}
[0.494746] (shape_interface) StdoutLine: {'line': b'-- Up-to-date: /home/aayush/eYRC/Software/workspace/install/shape_interface/local/lib/python3.10/dist-packages/shape_interface/srv\n'}
[0.494805] (shape_interface) StdoutLine: {'line': b'-- Up-to-date: /home/aayush/eYRC/Software/workspace/install/shape_interface/local/lib/python3.10/dist-packages/shape_interface/srv/_get_shape_s.c\n'}
[0.494864] (shape_interface) StdoutLine: {'line': b'-- Up-to-date: /home/aayush/eYRC/Software/workspace/install/shape_interface/local/lib/python3.10/dist-packages/shape_interface/srv/_pixel_to_world_s.c\n'}
[0.494923] (shape_interface) StdoutLine: {'line': b'-- Up-to-date: /home/aayush/eYRC/Software/workspace/install/shape_interface/local/lib/python3.10/dist-packages/shape_interface/srv/__init__.py\n'}
[0.494984] (shape_interface) StdoutLine: {'line': b'-- Up-to-date: /home/aayush/eYRC/Software/workspace/install/shape_interface/local/lib/python3.10/dist-packages/shape_interface/srv/_pixel_to_world.py\n'}
[0.495048] (shape_interface) StdoutLine: {'line': b'-- Up-to-date: /home/aayush/eYRC/Software/workspace/install/shape_interface/local/lib/python3.10/dist-packages/shape_interface/srv/_get_shape.py\n'}
[0.495117] (shape_interface) StdoutLine: {'line': b'-- Up-to-date: /home/aayush/eYRC/Software/workspace/install/shape_interface/local/lib/python3.10/dist-packages/shape_interface/shape_interface_s__rosidl_typesupport_fastrtps_c.cpython-310-x86_64-linux-gnu.so\n'}
[0.495183] (shape_interface) StdoutLine: {'line': b'-- Up-to-date: /home/aayush/eYRC/Software/workspace/install/shape_interface/local/lib/python3.10/dist-packages/shape_interface/msg\n'}
[0.495243] (shape_interface) StdoutLine: {'line': b'-- Up-to-date: /home/aayush/eYRC/Software/workspace/install/shape_interface/local/lib/python3.10/dist-packages/shape_interface/msg/_shape_s.c\n'}
[0.495303] (shape_interface) StdoutLine: {'line': b'-- Up-to-date: /home/aayush/eYRC/Software/workspace/install/shape_interface/local/lib/python3.10/dist-packages/shape_interface/msg/_shape.py\n'}
[0.495362] (shape_interface) StdoutLine: {'line': b'-- Up-to-date: /home/aayush/eYRC/Software/workspace/install/shape_interface/local/lib/python3.10/dist-packages/shape_interface/msg/__init__.py\n'}
[0.495427] (shape_interface) StdoutLine: {'line': b'-- Up-to-date: /home/aayush/eYRC/Software/workspace/install/shape_interface/local/lib/python3.10/dist-packages/shape_interface/libshape_interface__rosidl_generator_py.so\n'}
[0.495486] (shape_interface) StdoutLine: {'line': b'-- Up-to-date: /home/aayush/eYRC/Software/workspace/install/shape_interface/local/lib/python3.10/dist-packages/shape_interface/__init__.py\n'}
[0.495546] (shape_interface) StdoutLine: {'line': b'-- Up-to-date: /home/aayush/eYRC/Software/workspace/install/shape_interface/local/lib/python3.10/dist-packages/shape_interface/_shape_interface_s.ep.rosidl_typesupport_fastrtps_c.c\n'}
[0.500355] (-) TimerEvent: {}
[0.522152] (shape_interface) StdoutLine: {'line': b"Listing '/home/aayush/eYRC/Software/workspace/install/shape_interface/local/lib/python3.10/dist-packages/shape_interface'...\n"}
[0.522409] (shape_interface) StdoutLine: {'line': b"Listing '/home/aayush/eYRC/Software/workspace/install/shape_interface/local/lib/python3.10/dist-packages/shape_interface/msg'...\n"}
[0.522481] (shape_interface) StdoutLine: {'line': b"Listing '/home/aayush/eYRC/Software/workspace/install/shape_interface/local/lib/python3.10/dist-packages/shape_interface/srv'...\n"}
[0.525645] (shape_interface) StdoutLine: {'line': b'-- Up-to-date: /home/aayush/eYRC/Software/workspace/install/shape_interface/local/lib/python3.10/dist-packages/shape_interface/shape_interface_s__rosidl_typesupport_fastrtps_c.cpython-310-x86_64-linux-gnu.so\n'}
[0.526061] (shape_interface) StdoutLine: {'line': b'-- Up-to-date: /home/aayush/eYRC/Software/workspace/install/shape_interface/local/lib/python3.10/dist-packages/shape_interface/shape_interface_s__rosidl_typesupport_introspection_c.cpython-310-x86_64-linux-gnu.so\n'}
[0.526555] (shape_interface) StdoutLine: {'line': b'-- Up-to-date: /home/aayush/eYRC/Software/workspace/install/shape_interface/local/lib/python3.10/dist-packages/shape_interface/shape_interface_s__rosidl_typesupport_c.cpython-310-x86_64-linux-gnu.so\n'}
[0.526959] (shape_interface) StdoutLine: {'line': b'-- Up-to-date: /home/aayush/eYRC/Software/workspace/install/shape_interface/lib/libshape_interface__rosidl_generator_py.so\n'}
[0.527122] (shape_interface) StdoutLine: {'line': b'-- Up-to-date: /home/aayush/eYRC/Software/workspace/install/shape_interface/share/shape_interface/rust\n'}
[0.527273] (shape_interface) StdoutLine: {'line': b'-- Up-to-date: /home/aayush/eYRC/Software/workspace/install/shape_interface/share/shape_interface/rust/src\n'}
[0.527341] (shape_interface) StdoutLine: {'line': b'-- Up-to-date: /home/aayush/eYRC/Software/workspace/install/shape_interface/share/shape_interface/rust/src/srv.rs\n'}
[0.527390] (shape_interface) StdoutLine: {'line': b'-- Up-to-date: /home/aayush/eYRC/Software/workspace/install/shape_interface/share/shape_interface/rust/src/srv\n'}
[0.527523] (shape_interface) StdoutLine: {'line': b'-- Up-to-date: /home/aayush/eYRC/Software/workspace/install/shape_interface/share/shape_interface/rust/src/srv/rmw.rs\n'}
[0.527571] (shape_interface) StdoutLine: {'line': b'-- Up-to-date: /home/aayush/eYRC/Software/workspace/install/shape_interface/share/shape_interface/rust/src/msg\n'}
[0.527616] (shape_interface) StdoutLine: {'line': b'-- Up-to-date: /home/aayush/eYRC/Software/workspace/install/shape_interface/share/shape_interface/rust/src/msg/rmw.rs\n'}
[0.527661] (shape_interface) StdoutLine: {'line': b'-- Up-to-date: /home/aayush/eYRC/Software/workspace/install/shape_interface/share/shape_interface/rust/src/msg.rs\n'}
[0.527701] (shape_interface) StdoutLine: {'line': b'-- Up-to-date: /home/aayush/eYRC/Software/workspace/install/shape_interface/share/shape_interface/rust/src/lib.rs\n'}
[0.527738] (shape_interface) StdoutLine: {'line': b'-- Up-to-date: /home/aayush/eYRC/Software/workspace/install/shape_interface/share/shape_interface/rust/build.rs\n'}
[0.527774] (shape_interface) StdoutLine: {'line': b'-- Up-to-date: /home/aayush/eYRC/Software/workspace/install/shape_interface/share/shape_interface/rust/Cargo.toml\n'}
[0.527808] (shape_interface) StdoutLine: {'line': b'-- Up-to-date: /home/aayush/eYRC/Software/workspace/install/shape_interface/share/shape_interface/srv/GetShape.idl\n'}
[0.527834] (shape_interface) StdoutLine: {'line': b'-- Up-to-date: /home/aayush/eYRC/Software/workspace/install/shape_interface/share/shape_interface/srv/PixelToWorld.idl\n'}
[0.527858] (shape_interface) StdoutLine: {'line': b'-- Up-to-date: /home/aayush/eYRC/Software/workspace/install/shape_interface/share/shape_interface/msg/Shape.idl\n'}
[0.527882] (shape_interface) StdoutLine: {'line': b'-- Up-to-date: /home/aayush/eYRC/Software/workspace/install/shape_interface/share/shape_interface/srv/GetShape.srv\n'}
[0.527907] (shape_interface) StdoutLine: {'line': b'-- Up-to-date: /home/aayush/eYRC/Software/workspace/install/shape_interface/share/shape_interface/srv/GetShape_Request.msg\n'}
[0.527941] (shape_interface) StdoutLine: {'line': b'-- Up-to-date: /home/aayush/eYRC/Software/workspace/install/shape_interface/share/shape_interface/srv/GetShape_Response.msg\n'}
[0.527982] (shape_interface) StdoutLine: {'line': b'-- Up-to-date: /home/aayush/eYRC/Software/workspace/install/shape_interface/share/shape_interface/srv/PixelToWorld.srv\n'}
[0.528063] (shape_interface) StdoutLine: {'line': b'-- Up-to-date: /home/aayush/eYRC/Software/workspace/install/shape_interface/share/shape_interface/srv/PixelToWorld_Request.msg\n'}
[0.528091] (shape_interface) StdoutLine: {'line': b'-- Up-to-date: /home/aayush/eYRC/Software/workspace/install/shape_interface/share/shape_interface/srv/PixelToWorld_Response.msg\n'}
[0.528126] (shape_interface) StdoutLine: {'line': b'-- Up-to-date: /home/aayush/eYRC/Software/workspace/install/shape_interface/share/shape_interface/msg/Shape.msg\n'}
[0.528150] (shape_interface) StdoutLine: {'line': b'-- Up-to-date: /home/aayush/eYRC/Software/workspace/install/shape_interface/share/ament_index/resource_index/package_run_dependencies/shape_interface\n'}
[0.528178] (shape_interface) StdoutLine: {'line': b'-- Up-to-date: /home/aayush/eYRC/Software/workspace/install/shape_interface/share/ament_index/resource_index/parent_prefix_path/shape_interface\n'}
[0.528209] (shape_interface) StdoutLine: {'line': b'-- Up-to-date: /home/aayush/eYRC/Software/workspace/install/shape_interface/share/shape_interface/environment/ament_prefix_path.sh\n'}
[0.528236] (shape_interface) StdoutLine: {'line': b'-- Up-to-date: /home/aayush/eYRC/Software/workspace/install/shape_interface/share/shape_interface/environment/ament_prefix_path.dsv\n'}
[0.528261] (shape_interface) StdoutLine: {'line': b'-- Up-to-date: /home/aayush/eYRC/Software/workspace/install/shape_interface/share/shape_interface/environment/path.sh\n'}
[0.528285] (shape_interface) StdoutLine: {'line': b'-- Up-to-date: /home/aayush/eYRC/Software/workspace/install/shape_interface/share/shape_interface/environment/path.dsv\n'}
[0.528311] (shape_interface) StdoutLine: {'line': b'-- Up-to-date: /home/aayush/eYRC/Software/workspace/install/shape_interface/share/shape_interface/local_setup.bash\n'}
[0.528341] (shape_interface) StdoutLine: {'line': b'-- Up-to-date: /home/aayush/eYRC/Software/workspace/install/shape_interface/share/shape_interface/local_setup.sh\n'}
[0.528385] (shape_interface) StdoutLine: {'line': b'-- Up-to-date: /home/aayush/eYRC/Software/workspace/install/shape_interface/share/shape_interface/local_setup.zsh\n'}
[0.528427] (shape_interface) StdoutLine: {'line': b'-- Up-to-date: /home/aayush/eYRC/Software/workspace/install/shape_interface/share/shape_interface/local_setup.dsv\n'}
[0.528478] (shape_interface) StdoutLine: {'line': b'-- Installing: /home/aayush/eYRC/Software/workspace/install/shape_interface/share/shape_interface/package.dsv\n'}
[0.528516] (shape_interface) StdoutLine: {'line': b'-- Up-to-date: /home/aayush/eYRC/Software/workspace/install/shape_interface/share/ament_index/resource_index/packages/shape_interface\n'}
[0.528584] (shape_interface) StdoutLine: {'line': b'-- Up-to-date: /home/aayush/eYRC/Software/workspace/install/shape_interface/share/shape_interface/cmake/export_shape_interface__rosidl_generator_cExport.cmake\n'}
[0.528634] (shape_interface) StdoutLine: {'line': b'-- Up-to-date: /home/aayush/eYRC/Software/workspace/install/shape_interface/share/shape_interface/cmake/export_shape_interface__rosidl_generator_cExport-noconfig.cmake\n'}
[0.529052] (shape_interface) StdoutLine: {'line': b'-- Up-to-date: /home/aayush/eYRC/Software/workspace/install/shape_interface/share/shape_interface/cmake/export_shape_interface__rosidl_typesupport_fastrtps_cExport.cmake\n'}
[0.529150] (shape_interface) StdoutLine: {'line': b'-- Up-to-date: /home/aayush/eYRC/Software/workspace/install/shape_interface/share/shape_interface/cmake/export_shape_interface__rosidl_typesupport_fastrtps_cExport-noconfig.cmake\n'}
[0.529581] (shape_interface) StdoutLine: {'line': b'-- Up-to-date: /home/aayush/eYRC/Software/workspace/install/shape_interface/share/shape_interface/cmake/shape_interface__rosidl_typesupport_introspection_cExport.cmake\n'}
[0.529679] (shape_interface) StdoutLine: {'line': b'-- Up-to-date: /home/aayush/eYRC/Software/workspace/install/shape_interface/share/shape_interface/cmake/shape_interface__rosidl_typesupport_introspection_cExport-noconfig.cmake\n'}
[0.530317] (shape_interface) StdoutLine: {'line': b'-- Up-to-date: /home/aayush/eYRC/Software/workspace/install/shape_interface/share/shape_interface/cmake/shape_interface__rosidl_typesupport_cExport.cmake\n'}
[0.530409] (shape_interface) StdoutLine: {'line': b'-- Up-to-date: /home/aayush/eYRC/Software/workspace/install/shape_interface/share/shape_interface/cmake/shape_interface__rosidl_typesupport_cExport-noconfig.cmake\n'}
[0.530775] (shape_interface) StdoutLine: {'line': b'-- Up-to-date: /home/aayush/eYRC/Software/workspace/install/shape_interface/share/shape_interface/cmake/export_shape_interface__rosidl_generator_cppExport.cmake\n'}
[0.531459] (shape_interface) StdoutLine: {'line': b'-- Up-to-date: /home/aayush/eYRC/Software/workspace/install/shape_interface/share/shape_interface/cmake/export_shape_interface__rosidl_typesupport_fastrtps_cppExport.cmake\n'}
[0.531556] (shape_interface) StdoutLine: {'line': b'-- Up-to-date: /home/aayush/eYRC/Software/workspace/install/shape_interface/share/shape_interface/cmake/export_shape_interface__rosidl_typesupport_fastrtps_cppExport-noconfig.cmake\n'}
[0.532155] (shape_interface) StdoutLine: {'line': b'-- Up-to-date: /home/aayush/eYRC/Software/workspace/install/shape_interface/share/shape_interface/cmake/shape_interface__rosidl_typesupport_introspection_cppExport.cmake\n'}
[0.532245] (shape_interface) StdoutLine: {'line': b'-- Up-to-date: /home/aayush/eYRC/Software/workspace/install/shape_interface/share/shape_interface/cmake/shape_interface__rosidl_typesupport_introspection_cppExport-noconfig.cmake\n'}
[0.532822] (shape_interface) StdoutLine: {'line': b'-- Up-to-date: /home/aayush/eYRC/Software/workspace/install/shape_interface/share/shape_interface/cmake/shape_interface__rosidl_typesupport_cppExport.cmake\n'}
[0.532919] (shape_interface) StdoutLine: {'line': b'-- Up-to-date: /home/aayush/eYRC/Software/workspace/install/shape_interface/share/shape_interface/cmake/shape_interface__rosidl_typesupport_cppExport-noconfig.cmake\n'}
[0.533255] (shape_interface) StdoutLine: {'line': b'-- Up-to-date: /home/aayush/eYRC/Software/workspace/install/shape_interface/share/shape_interface/cmake/export_shape_interface__rosidl_generator_pyExport.cmake\n'}
[0.533346] (shape_interface) StdoutLine: {'line': b'-- Up-to-date: /home/aayush/eYRC/Software/workspace/install/shape_interface/share/shape_interface/cmake/export_shape_interface__rosidl_generator_pyExport-noconfig.cmake\n'}
[0.533437] (shape_interface) StdoutLine: {'line': b'-- Up-to-date: /home/aayush/eYRC/Software/workspace/install/shape_interface/share/shape_interface/cmake/rosidl_cmake-extras.cmake\n'}
[0.533527] (shape_interface) StdoutLine: {'line': b'-- Up-to-date: /home/aayush/eYRC/Software/workspace/install/shape_interface/share/shape_interface/cmake/ament_cmake_export_include_directories-extras.cmake\n'}
[0.533591] (shape_interface) StdoutLine: {'line': b'-- Up-to-date: /home/aayush/eYRC/Software/workspace/install/shape_interface/share/shape_interface/cmake/ament_cmake_export_libraries-extras.cmake\n'}
[0.533694] (shape_interface) StdoutLine: {'line': b'-- Up-to-date: /home/aayush/eYRC/Software/workspace/install/shape_interface/share/shape_interface/cmake/ament_cmake_export_targets-extras.cmake\n'}
[0.533763] (shape_interface) StdoutLine: {'line': b'-- Up-to-date: /home/aayush/eYRC/Software/workspace/install/shape_interface/share/shape_interface/cmake/rosidl_cmake_export_typesupport_targets-extras.cmake\n'}
[0.533823] (shape_interface) StdoutLine: {'line': b'-- Up-to-date: /home/aayush/eYRC/Software/workspace/install/shape_interface/share/shape_interface/cmake/ament_cmake_export_dependencies-extras.cmake\n'}
[0.533883] (shape_interface) StdoutLine: {'line': b'-- Up-to-date: /home/aayush/eYRC/Software/workspace/install/shape_interface/share/shape_interface/cmake/rosidl_cmake_export_typesupport_libraries-extras.cmake\n'}
[0.533943] (shape_interface) StdoutLine: {'line': b'-- Up-to-date: /home/aayush/eYRC/Software/workspace/install/shape_interface/share/shape_interface/cmake/rosidl_cmake_aggregate_target-extras.cmake\n'}
[0.534003] (shape_interface) StdoutLine: {'line': b'-- Up-to-date: /home/aayush/eYRC/Software/workspace/install/shape_interface/share/shape_interface/cmake/shape_interfaceConfig.cmake\n'}
[0.534062] (shape_interface) StdoutLine: {'line': b'-- Up-to-date: /home/aayush/eYRC/Software/workspace/install/shape_interface/share/shape_interface/cmake/shape_interfaceConfig-version.cmake\n'}
[0.534132] (shape_interface) StdoutLine: {'line': b'-- Up-to-date: /home/aayush/eYRC/Software/workspace/install/shape_interface/share/shape_interface/package.xml\n'}
[0.538387] (shape_interface) CommandEnded: {'returncode': 0}
[0.561192] (shape_interface) JobEnded: {'identifier': 'shape_interface', 'rc': 0}
[0.562937] (task_1a) JobStarted: {'identifier': 'task_1a'}
[0.565957] (task_1c) JobStarted: {'identifier': 'task_1c'}
[0.572023] (task_1a) JobProgress: {'identifier': 'task_1a', 'progress': 'cmake'}
[0.572936] (task_1a) JobProgress: {'identifier': 'task_1a', 'progress': 'build'}
[0.573128] (task_1a) Command: {'cmd': ['/usr/bin/cmake', '--build', '/home/aayush/eYRC/Software/workspace/build/task_1a', '--', '-j6', '-l6'], 'cwd': '/home/aayush/eYRC/Software/workspace/build/task_1a', 'env': OrderedDict([('LESSOPEN', '| /usr/bin/lesspipe %s'), ('LANGUAGE', 'en_IN:en'), ('USER', 'aayush'), ('XDG_SESSION_TYPE', 'wayland'), ('SHLVL', '1'), ('LD_LIBRARY_PATH', '/home/aayush/eYRC/Software/workspace/install/shape_interface/lib:/home/aayush/eYRC/Software/workspace/install/hb_description/lib:/opt/ros/humble/opt/rviz_ogre_vendor/lib:/opt/ros/humble/lib/x86_64-linux-gnu:/opt/ros/humble/lib:/opt/mujoco/lib'), ('HOME', '/home/aayush'), ('OLDPWD', '/home/aayush/eYRC/Software/workspace/src'), ('DESKTOP_SESSION', 'ubuntu'), ('ROS_PYTHON_VERSION', '3'), ('GNOME_SHELL_SESSION_MODE', 'ubuntu'), ('GTK_MODULES', 'gail:atk-bridge'), ('SYSTEMD_EXEC_PID', '1744'), ('DBUS_SESSION_BUS_ADDRESS', 'unix:path=/run/user/1000/bus'), ('COLORTERM', 'truecolor'), ('IM_CONFIG_PHASE', '1'), ('WAYLAND_DISPLAY', 'wayland-0'), ('COLCON_PREFIX_PATH', '/home/aayush/eYRC/Software/workspace/install'), ('ROS_DISTRO', 'humble'), ('LOGNAME', 'aayush'), ('_', '/usr/bin/colcon'), ('ROS_VERSION', '2'), ('XDG_SESSION_CLASS', 'user'), ('MUJOCO_HOME', '/opt/mujoco'), ('USERNAME', 'aayush'), ('TERM', 'xterm-256color'), ('GNOME_DESKTOP_SESSION_ID', 'this-is-deprecated'), ('ROS_LOCALHOST_ONLY', '0'), ('PATH', '/opt/ros/humble/bin:/usr/local/sbin:/usr/local/bin:/usr/sbin:/usr/bin:/sbin:/bin:/usr/games:/usr/local/games:/snap/bin:/snap/bin:/opt/mujoco/bin'), ('SESSION_MANAGER', 'local/aayush-Inspiron-15-3530:@/tmp/.ICE-unix/1526,unix/aayush-Inspiron-15-3530:/tmp/.ICE-unix/1526'), ('XDG_MENU_PREFIX', 'gnome-'), ('GNOME_TERMINAL_SCREEN', '/org/gnome/Terminal/screen/3aef74fe_2e12_4c3d_a376_35801467e145'), ('GNOME_SETUP_DISPLAY', ':1'), ('XDG_RUNTIME_DIR', '/run/user/1000'), ('DISPLAY', ':0'), ('LANG', 'en_US.UTF-8'), ('XDG_CURRENT_DESKTOP', 'ubuntu:GNOME'), ('XMODIFIERS', '@im=ibus'), ('XDG_SESSION_DESKTOP', 'ubuntu'), ('XAUTHORITY', '/run/user/1000/.mutter-Xwaylandauth.2VPZW3'), ('LS_COLORS', 'rs=0:di=01;34:ln=01;36:mh=00:pi=40;33:so=01;35:do=01;35:bd=40;33;01:cd=40;33;01:or=40;31;01:mi=00:su=37;41:sg=30;43:ca=30;41:tw=30;42:ow=34;42:st=37;44:ex=01;32:*.tar=01;31:*.tgz=01;31:*.arc=01;31:*.arj=01;31:*.taz=01;31:*.lha=01;31:*.lz4=01;31:*.lzh=01;31:*.lzma=01;31:*.tlz=01;31:*.txz=01;31:*.tzo=01;31:*.t7z=01;31:*.zip=01;31:*.z=01;31:*.dz=01;31:*.gz=01;31:*.lrz=01;31:*.lz=01;31:*.lzo=01;31:*.xz=01;31:*.zst=01;31:*.tzst=01;31:*.bz2=01;31:*.bz=01;31:*.tbz=01;31:*.tbz2=01;31:*.tz=01;31:*.deb=01;31:*.rpm=01;31:*.jar=01;31:*.war=01;31:*.ear=01;31:*.sar=01;31:*.rar=01;31:*.alz=01;31:*.ace=01;31:*.zoo=01;31:*.cpio=01;31:*.7z=01;31:*.rz=01;31:*.cab=01;31:*.wim=01;31:*.swm=01;31:*.dwm=01;31:*.esd=01;31:*.jpg=01;35:*.jpeg=01;35:*.mjpg=01;35:*.mjpeg=01;35:*.gif=01;35:*.bmp=01;35:*.pbm=01;35:*.pgm=01;35:*.ppm=01;35:*.tga=01;35:*.xbm=01;35:*.xpm=01;35:*.tif=01;35:*.tiff=01;35:*.png=01;35:*.svg=01;35:*.svgz=01;35:*.mng=01;35:*.pcx=01;35:*.mov=01;35:*.mpg=01;35:*.mpeg=01;35:*.m2v=01;35:*.mkv=01;35:*.webm=01;35:*.webp=01;35:*.ogm=01;35:*.mp4=01;35:*.m4v=01;35:*.mp4v=01;35:*.vob=01;35:*.qt=01;35:*.nuv=01;35:*.wmv=01;35:*.asf=01;35:*.rm=01;35:*.rmvb=01;35:*.flc=01;35:*.avi=01;35:*.fli=01;35:*.flv=01;35:*.gl=01;35:*.dl=01;35:*.xcf=01;35:*.xwd=01;35:*.yuv=01;35:*.cgm=01;35:*.emf=01;35:*.ogv=01;35:*.ogx=01;35:*.aac=00;36:*.au=00;36:*.flac=00;36:*.m4a=00;36:*.mid=00;36:*.midi=00;36:*.mka=00;36:*.mp3=00;36:*.mpc=00;36:*.ogg=00;36:*.ra=00;36:*.wav=00;36:*.oga=00;36:*.opus=00;36:*.spx=00;36:*.xspf=00;36:'), ('GNOME_TERMINAL_SERVICE', ':1.102'), ('SSH_AGENT_LAUNCHER', 'gnome-keyring'), ('SSH_AUTH_SOCK', '/run/user/1000/keyring/ssh'), ('AMENT_PREFIX_PATH', '/home/aayush/eYRC/Software/workspace/install/task_1c:/home/aayush/eYRC/Software/workspace/install/task_1b:/home/aayush/eYRC/Software/workspace/install/hb_description:/home/aayush/eYRC/Software/workspace/install/task_1a:/home/aayush/eYRC/Software/workspace/install/shape_interface:/opt/ros/humble'), ('SHELL', '/bin/bash'), ('QT_ACCESSIBILITY', '1'), ('GDMSESSION', 'ubuntu'), ('LESSCLOSE', '/usr/bin/lesspipe %s %s'), ('QT_IM_MODULE', 'ibus'), ('PWD', '/home/aayush/eYRC/Software/workspace/build/task_1a'), ('LC_ALL', 'en_US.UTF-8'), ('XDG_CONFIG_DIRS', '/etc/xdg/xdg-ubuntu:/etc/xdg'), ('XDG_DATA_DIRS', '/usr/share/ubuntu:/usr/local/share/:/usr/share/:/var/lib/snapd/desktop'), ('PYTHONPATH', '/home/aayush/eYRC/Software/workspace/install/task_1b/local/lib/python3.10/dist-packages:/home/aayush/eYRC/Software/workspace/install/task_1a/local/lib/python3.10/dist-packages:/home/aayush/eYRC/Software/workspace/install/shape_interface/local/lib/python3.10/dist-packages:/opt/ros/humble/lib/python3.10/site-packages:/opt/ros/humble/local/lib/python3.10/dist-packages'), ('COLCON', '1'), ('VTE_VERSION', '6800'), ('CMAKE_PREFIX_PATH', '/home/aayush/eYRC/Software/workspace/install/shape_interface:/home/aayush/eYRC/Software/workspace/install/task_1c:/home/aayush/eYRC/Software/workspace/install/task_1b:/home/aayush/eYRC/Software/workspace/install/hb_description:/home/aayush/eYRC/Software/workspace/install/task_1a:/opt/ros/humble')]), 'shell': False}
[0.574573] (task_1c) JobProgress: {'identifier': 'task_1c', 'progress': 'cmake'}
[0.575324] (task_1c) JobProgress: {'identifier': 'task_1c', 'progress': 'build'}
[0.575469] (task_1c) Command: {'cmd': ['/usr/bin/cmake', '--build', '/home/aayush/eYRC/Software/workspace/build/task_1c', '--', '-j6', '-l6'], 'cwd': '/home/aayush/eYRC/Software/workspace/build/task_1c', 'env': OrderedDict([('LESSOPEN', '| /usr/bin/lesspipe %s'), ('LANGUAGE', 'en_IN:en'), ('USER', 'aayush'), ('XDG_SESSION_TYPE', 'wayland'), ('SHLVL', '1'), ('LD_LIBRARY_PATH', '/home/aayush/eYRC/Software/workspace/install/shape_interface/lib:/home/aayush/eYRC/Software/workspace/install/hb_description/lib:/opt/ros/humble/opt/rviz_ogre_vendor/lib:/opt/ros/humble/lib/x86_64-linux-gnu:/opt/ros/humble/lib:/opt/mujoco/lib'), ('HOME', '/home/aayush'), ('OLDPWD', '/home/aayush/eYRC/Software/workspace/src'), ('DESKTOP_SESSION', 'ubuntu'), ('ROS_PYTHON_VERSION', '3'), ('GNOME_SHELL_SESSION_MODE', 'ubuntu'), ('GTK_MODULES', 'gail:atk-bridge'), ('SYSTEMD_EXEC_PID', '1744'), ('DBUS_SESSION_BUS_ADDRESS', 'unix:path=/run/user/1000/bus'), ('COLORTERM', 'truecolor'), ('IM_CONFIG_PHASE', '1'), ('WAYLAND_DISPLAY', 'wayland-0'), ('COLCON_PREFIX_PATH', '/home/aayush/eYRC/Software/workspace/install'), ('ROS_DISTRO', 'humble'), ('LOGNAME', 'aayush'), ('_', '/usr/bin/colcon'), ('ROS_VERSION', '2'), ('XDG_SESSION_CLASS', 'user'), ('MUJOCO_HOME', '/opt/mujoco'), ('USERNAME', 'aayush'), ('TERM', 'xterm-256color'), ('GNOME_DESKTOP_SESSION_ID', 'this-is-deprecated'), ('ROS_LOCALHOST_ONLY', '0'), ('PATH', '/opt/ros/humble/bin:/usr/local/sbin:/usr/local/bin:/usr/sbin:/usr/bin:/sbin:/bin:/usr/games:/usr/local/games:/snap/bin:/snap/bin:/opt/mujoco/bin'), ('SESSION_MANAGER', 'local/aayush-Inspiron-15-3530:@/tmp/.ICE-unix/1526,unix/aayush-Inspiron-15-3530:/tmp/.ICE-unix/1526'), ('XDG_MENU_PREFIX', 'gnome-'), ('GNOME_TERMINAL_SCREEN', '/org/gnome/Terminal/screen/3aef74fe_2e12_4c3d_a376_35801467e145'), ('GNOME_SETUP_DISPLAY', ':1'), ('XDG_RUNTIME_DIR', '/run/user/1000'), ('DISPLAY', ':0'), ('LANG', 'en_US.UTF-8'), ('XDG_CURRENT_DESKTOP', 'ubuntu:GNOME'), ('XMODIFIERS', '@im=ibus'), ('XDG_SESSION_DESKTOP', 'ubuntu'), ('XAUTHORITY', '/run/user/1000/.mutter-Xwaylandauth.2VPZW3'), ('LS_COLORS', 'rs=0:di=01;34:ln=01;36:mh=00:pi=40;33:so=01;35:do=01;35:bd=40;33;01:cd=40;33;01:or=40;31;01:mi=00:su=37;41:sg=30;43:ca=30;41:tw=30;42:ow=34;42:st=37;44:ex=01;32:*.tar=01;31:*.tgz=01;31:*.arc=01;31:*.arj=01;31:*.taz=01;31:*.lha=01;31:*.lz4=01;31:*.lzh=01;31:*.lzma=01;31:*.tlz=01;31:*.txz=01;31:*.tzo=01;31:*.t7z=01;31:*.zip=01;31:*.z=01;31:*.dz=01;31:*.gz=01;31:*.lrz=01;31:*.lz=01;31:*.lzo=01;31:*.xz=01;31:*.zst=01;31:*.tzst=01;31:*.bz2=01;31:*.bz=01;31:*.tbz=01;31:*.tbz2=01;31:*.tz=01;31:*.deb=01;31:*.rpm=01;31:*.jar=01;31:*.war=01;31:*.ear=01;31:*.sar=01;31:*.rar=01;31:*.alz=01;31:*.ace=01;31:*.zoo=01;31:*.cpio=01;31:*.7z=01;31:*.rz=01;31:*.cab=01;31:*.wim=01;31:*.swm=01;31:*.dwm=01;31:*.esd=01;31:*.jpg=01;35:*.jpeg=01;35:*.mjpg=01;35:*.mjpeg=01;35:*.gif=01;35:*.bmp=01;35:*.pbm=01;35:*.pgm=01;35:*.ppm=01;35:*.tga=01;35:*.xbm=01;35:*.xpm=01;35:*.tif=01;35:*.tiff=01;35:*.png=01;35:*.svg=01;35:*.svgz=01;35:*.mng=01;35:*.pcx=01;35:*.mov=01;35:*.mpg=01;35:*.mpeg=01;35:*.m2v=01;35:*.mkv=01;35:*.webm=01;35:*.webp=01;35:*.ogm=01;35:*.mp4=01;35:*.m4v=01;35:*.mp4v=01;35:*.vob=01;35:*.qt=01;35:*.nuv=01;35:*.wmv=01;35:*.asf=01;35:*.rm=01;35:*.rmvb=01;35:*.flc=01;35:*.avi=01;35:*.fli=01;35:*.flv=01;35:*.gl=01;35:*.dl=01;35:*.xcf=01;35:*.xwd=01;35:*.yuv=01;35:*.cgm=01;35:*.emf=01;35:*.ogv=01;35:*.ogx=01;35:*.aac=00;36:*.au=00;36:*.flac=00;36:*.m4a=00;36:*.mid=00;36:*.midi=00;36:*.mka=00;36:*.mp3=00;36:*.mpc=00;36:*.ogg=00;36:*.ra=00;36:*.wav=00;36:*.oga=00;36:*.opus=00;36:*.spx=00;36:*.xspf=00;36:'), ('GNOME_TERMINAL_SERVICE', ':1.102'), ('SSH_AGENT_LAUNCHER', 'gnome-keyring'), ('SSH_AUTH_SOCK', '/run/user/1000/keyring/ssh'), ('AMENT_PREFIX_PATH', '/home/aayush/eYRC/Software/workspace/install/task_1c:/home/aayush/eYRC/Software/workspace/install/task_1b:/home/aayush/eYRC/Software/workspace/install/hb_description:/home/aayush/eYRC/Software/workspace/install/task_1a:/home/aayush/eYRC/Software/workspace/install/shape_interface:/opt/ros/humble'), ('SHELL', '/bin/bash'), ('QT_ACCESSIBILITY', '1'), ('GDMSESSION', 'ubuntu'), ('LESSCLOSE', '/usr/bin/lesspipe %s %s'), ('QT_IM_MODULE', 'ibus'), ('PWD', '/home/aayush/eYRC/Software/workspace/build/task_1c'), ('LC_ALL', 'en_US.UTF-8'), ('XDG_CONFIG_DIRS', '/etc/xdg/xdg-ubuntu:/etc/xdg'), ('XDG_DATA_DIRS', '/usr/share/ubuntu:/usr/local/share/:/usr/share/:/var/lib/snapd/desktop'), ('PYTHONPATH', '/home/aayush/eYRC/Software/workspace/install/task_1b/local/lib/python3.10/dist-packages:/home/aayush/eYRC/Software/workspace/install/task_1a/local/lib/python3.10/dist-packages:/home/aayush/eYRC/Software/workspace/install/shape_interface/local/lib/python3.10/dist-packages:/opt/ros/humble/lib/python3.10/site-packages:/opt/ros/humble/local/lib/python3.10/dist-packages'), ('COLCON', '1'), ('VTE_VERSION', '6800'), ('CMAKE_PREFIX_PATH', '/home/aayush/eYRC/Software/workspace/install/shape_interface:/home/aayush/eYRC/Software/workspace/install/task_1c:/home/aayush/eYRC/Software/workspace/install/task_1b:/home/aayush/eYRC/Software/workspace/install/hb_description:/home/aayush/eYRC/Software/workspace/install/task_1a:/opt/ros/humble')]), 'shell': False}
[0.600481] (-) TimerEvent: {}
[0.616204] (task_1c) CommandEnded: {'returncode': 0}
[0.617582] (task_1c) JobProgress: {'identifier': 'task_1c', 'progress': 'install'}
[0.617974] (task_1c) Command: {'cmd': ['/usr/bin/cmake', '--install', '/home/aayush/eYRC/Software/workspace/build/task_1c'], 'cwd': '/home/aayush/eYRC/Software/workspace/build/task_1c', 'env': OrderedDict([('LESSOPEN', '| /usr/bin/lesspipe %s'), ('LANGUAGE', 'en_IN:en'), ('USER', 'aayush'), ('XDG_SESSION_TYPE', 'wayland'), ('SHLVL', '1'), ('LD_LIBRARY_PATH', '/home/aayush/eYRC/Software/workspace/install/shape_interface/lib:/home/aayush/eYRC/Software/workspace/install/hb_description/lib:/opt/ros/humble/opt/rviz_ogre_vendor/lib:/opt/ros/humble/lib/x86_64-linux-gnu:/opt/ros/humble/lib:/opt/mujoco/lib'), ('HOME', '/home/aayush'), ('OLDPWD', '/home/aayush/eYRC/Software/workspace/src'), ('DESKTOP_SESSION', 'ubuntu'), ('ROS_PYTHON_VERSION', '3'), ('GNOME_SHELL_SESSION_MODE', 'ubuntu'), ('GTK_MODULES', 'gail:atk-bridge'), ('SYSTEMD_EXEC_PID', '1744'), ('DBUS_SESSION_BUS_ADDRESS', 'unix:path=/run/user/1000/bus'), ('COLORTERM', 'truecolor'), ('IM_CONFIG_PHASE', '1'), ('WAYLAND_DISPLAY', 'wayland-0'), ('COLCON_PREFIX_PATH', '/home/aayush/eYRC/Software/workspace/install'), ('ROS_DISTRO', 'humble'), ('LOGNAME', 'aayush'), ('_', '/usr/bin/colcon'), ('ROS_VERSION', '2'), ('XDG_SESSION_CLASS', 'user'), ('MUJOCO_HOME', '/opt/mujoco'), ('USERNAME', 'aayush'), ('TERM', 'xterm-256color'), ('GNOME_DESKTOP_SESSION_ID', 'this-is-deprecated'), ('ROS_LOCALHOST_ONLY', '0'), ('PATH', '/opt/ros/humble/bin:/usr/local/sbin:/usr/local/bin:/usr/sbin:/usr/bin:/sbin:/bin:/usr/games:/usr/local/games:/snap/bin:/snap/bin:/opt/mujoco/bin'), ('SESSION_MANAGER', 'local/aayush-Inspiron-15-3530:@/tmp/.ICE-unix/1526,unix/aayush-Inspiron-15-3530:/tmp/.ICE-unix/1526'), ('XDG_MENU_PREFIX', 'gnome-'), ('GNOME_TERMINAL_SCREEN', '/org/gnome/Terminal/screen/3aef74fe_2e12_4c3d_a376_35801467e145'), ('GNOME_SETUP_DISPLAY', ':1'), ('XDG_RUNTIME_DIR', '/run/user/1000'), ('DISPLAY', ':0'), ('LANG', 'en_US.UTF-8'), ('XDG_CURRENT_DESKTOP', 'ubuntu:GNOME'), ('XMODIFIERS', '@im=ibus'), ('XDG_SESSION_DESKTOP', 'ubuntu'), ('XAUTHORITY', '/run/user/1000/.mutter-Xwaylandauth.2VPZW3'), ('LS_COLORS', 'rs=0:di=01;34:ln=01;36:mh=00:pi=40;33:so=01;35:do=01;35:bd=40;33;01:cd=40;33;01:or=40;31;01:mi=00:su=37;41:sg=30;43:ca=30;41:tw=30;42:ow=34;42:st=37;44:ex=01;32:*.tar=01;31:*.tgz=01;31:*.arc=01;31:*.arj=01;31:*.taz=01;31:*.lha=01;31:*.lz4=01;31:*.lzh=01;31:*.lzma=01;31:*.tlz=01;31:*.txz=01;31:*.tzo=01;31:*.t7z=01;31:*.zip=01;31:*.z=01;31:*.dz=01;31:*.gz=01;31:*.lrz=01;31:*.lz=01;31:*.lzo=01;31:*.xz=01;31:*.zst=01;31:*.tzst=01;31:*.bz2=01;31:*.bz=01;31:*.tbz=01;31:*.tbz2=01;31:*.tz=01;31:*.deb=01;31:*.rpm=01;31:*.jar=01;31:*.war=01;31:*.ear=01;31:*.sar=01;31:*.rar=01;31:*.alz=01;31:*.ace=01;31:*.zoo=01;31:*.cpio=01;31:*.7z=01;31:*.rz=01;31:*.cab=01;31:*.wim=01;31:*.swm=01;31:*.dwm=01;31:*.esd=01;31:*.jpg=01;35:*.jpeg=01;35:*.mjpg=01;35:*.mjpeg=01;35:*.gif=01;35:*.bmp=01;35:*.pbm=01;35:*.pgm=01;35:*.ppm=01;35:*.tga=01;35:*.xbm=01;35:*.xpm=01;35:*.tif=01;35:*.tiff=01;35:*.png=01;35:*.svg=01;35:*.svgz=01;35:*.mng=01;35:*.pcx=01;35:*.mov=01;35:*.mpg=01;35:*.mpeg=01;35:*.m2v=01;35:*.mkv=01;35:*.webm=01;35:*.webp=01;35:*.ogm=01;35:*.mp4=01;35:*.m4v=01;35:*.mp4v=01;35:*.vob=01;35:*.qt=01;35:*.nuv=01;35:*.wmv=01;35:*.asf=01;35:*.rm=01;35:*.rmvb=01;35:*.flc=01;35:*.avi=01;35:*.fli=01;35:*.flv=01;35:*.gl=01;35:*.dl=01;35:*.xcf=01;35:*.xwd=01;35:*.yuv=01;35:*.cgm=01;35:*.emf=01;35:*.ogv=01;35:*.ogx=01;35:*.aac=00;36:*.au=00;36:*.flac=00;36:*.m4a=00;36:*.mid=00;36:*.midi=00;36:*.mka=00;36:*.mp3=00;36:*.mpc=00;36:*.ogg=00;36:*.ra=00;36:*.wav=00;36:*.oga=00;36:*.opus=00;36:*.spx=00;36:*.xspf=00;36:'), ('GNOME_TERMINAL_SERVICE', ':1.102'), ('SSH_AGENT_LAUNCHER', 'gnome-keyring'), ('SSH_AUTH_SOCK', '/run/user/1000/keyring/ssh'), ('AMENT_PREFIX_PATH', '/home/aayush/eYRC/Software/workspace/install/task_1c:/home/aayush/eYRC/Software/workspace/install/task_1b:/home/aayush/eYRC/Software/workspace/install/hb_description:/home/aayush/eYRC/Software/workspace/install/task_1a:/home/aayush/eYRC/Software/workspace/install/shape_interface:/opt/ros/humble'), ('SHELL', '/bin/bash'), ('QT_ACCESSIBILITY', '1'), ('GDMSESSION', 'ubuntu'), ('LESSCLOSE', '/usr/bin/lesspipe %s %s'), ('QT_IM_MODULE', 'ibus'), ('PWD', '/home/aayush/eYRC/Software/workspace/build/task_1c'), ('LC_ALL', 'en_US.UTF-8'), ('XDG_CONFIG_DIRS', '/etc/xdg/xdg-ubuntu:/etc/xdg'), ('XDG_DATA_DIRS', '/usr/share/ubuntu:/usr/local/share/:/usr/share/:/var/lib/snapd/desktop'), ('PYTHONPATH', '/home/aayush/eYRC/Software/workspace/install/task_1b/local/lib/python3.10/dist-packages:/home/aayush/eYRC/Software/workspace/install/task_1a/local/lib/python3.10/dist-packages:/home/aayush/eYRC/Software/workspace/install/shape_interface/local/lib/python3.10/dist-packages:/opt/ros/humble/lib/python3.10/site-packages:/opt/ros/humble/local/lib/python3.10/dist-packages'), ('COLCON', '1'), ('VTE_VERSION', '6800'), ('CMAKE_PREFIX_PATH', '/home/aayush/eYRC/Software/workspace/install/shape_interface:/home/aayush/eYRC/Software/workspace/install/task_1c:/home/aayush/eYRC/Software/workspace/install/task_1b:/home/aayush/eYRC/Software/workspace/install/hb_description:/home/aayush/eYRC/Software/workspace/install/task_1a:/opt/ros/humble')]), 'shell': False}
[0.627592] (task_1c) StdoutLine: {'line': b'-- Install configuration: ""\n'}
[0.627857] (task_1c) StdoutLine: {'line': b'-- Up-to-date: /home/aayush/eYRC/Software/workspace/install/task_1c/lib/task_1c/sim_control\n'}
[0.628034] (task_1c) StdoutLine: {'line': b'-- Up-to-date: /home/aayush/eYRC/Software/workspace/install/task_1c/lib/task_1c/shape_service\n'}
[0.628161] (task_1c) StdoutLine: {'line': b'-- Up-to-date: /home/aayush/eYRC/Software/workspace/install/task_1c/share/ament_index/resource_index/package_run_dependencies/task_1c\n'}
[0.628258] (task_1c) StdoutLine: {'line': b'-- Up-to-date: /home/aayush/eYRC/Software/workspace/install/task_1c/share/ament_index/resource_index/parent_prefix_path/task_1c\n'}
[0.628347] (task_1c) StdoutLine: {'line': b'-- Up-to-date: /home/aayush/eYRC/Software/workspace/install/task_1c/share/task_1c/environment/ament_prefix_path.sh\n'}
[0.628420] (task_1c) StdoutLine: {'line': b'-- Up-to-date: /home/aayush/eYRC/Software/workspace/install/task_1c/share/task_1c/environment/ament_prefix_path.dsv\n'}
[0.628491] (task_1c) StdoutLine: {'line': b'-- Up-to-date: /home/aayush/eYRC/Software/workspace/install/task_1c/share/task_1c/environment/path.sh\n'}
[0.628608] (task_1c) StdoutLine: {'line': b'-- Up-to-date: /home/aayush/eYRC/Software/workspace/install/task_1c/share/task_1c/environment/path.dsv\n'}
[0.628694] (task_1c) StdoutLine: {'line': b'-- Up-to-date: /home/aayush/eYRC/Software/workspace/install/task_1c/share/task_1c/local_setup.bash\n'}
[0.628790] (task_1c) StdoutLine: {'line': b'-- Up-to-date: /home/aayush/eYRC/Software/workspace/install/task_1c/share/task_1c/local_setup.sh\n'}
[0.628885] (task_1c) StdoutLine: {'line': b'-- Up-to-date: /home/aayush/eYRC/Software/workspace/install/task_1c/share/task_1c/local_setup.zsh\n'}
[0.628967] (task_1c) StdoutLine: {'line': b'-- Up-to-date: /home/aayush/eYRC/Software/workspace/install/task_1c/share/task_1c/local_setup.dsv\n'}
[0.629038] (task_1c) StdoutLine: {'line': b'-- Installing: /home/aayush/eYRC/Software/workspace/install/task_1c/share/task_1c/package.dsv\n'}
[0.629756] (task_1c) StdoutLine: {'line': b'-- Up-to-date: /home/aayush/eYRC/Software/workspace/install/task_1c/share/ament_index/resource_index/packages/task_1c\n'}
[0.629893] (task_1c) StdoutLine: {'line': b'-- Up-to-date: /home/aayush/eYRC/Software/workspace/install/task_1c/share/task_1c/cmake/task_1cConfig.cmake\n'}
[0.630000] (task_1c) StdoutLine: {'line': b'-- Up-to-date: /home/aayush/eYRC/Software/workspace/install/task_1c/share/task_1c/cmake/task_1cConfig-version.cmake\n'}
[0.630078] (task_1c) StdoutLine: {'line': b'-- Up-to-date: /home/aayush/eYRC/Software/workspace/install/task_1c/share/task_1c/package.xml\n'}
[0.631088] (task_1c) CommandEnded: {'returncode': 0}
[0.633545] (task_1a) StdoutLine: {'line': b'Built target ament_cmake_python_copy_task_1a\n'}
[0.641866] (task_1c) JobEnded: {'identifier': 'task_1c', 'rc': 0}
[0.700576] (-) TimerEvent: {}
[0.801392] (-) TimerEvent: {}
[0.840162] (task_1a) StdoutLine: {'line': b'running egg_info\n'}
[0.842282] (task_1a) StdoutLine: {'line': b'writing task_1a.egg-info/PKG-INFO\n'}
[0.842529] (task_1a) StdoutLine: {'line': b'writing dependency_links to task_1a.egg-info/dependency_links.txt\n'}
[0.842613] (task_1a) StdoutLine: {'line': b'writing top-level names to task_1a.egg-info/top_level.txt\n'}
[0.848659] (task_1a) StdoutLine: {'line': b"reading manifest file 'task_1a.egg-info/SOURCES.txt'\n"}
[0.853612] (task_1a) StdoutLine: {'line': b"writing manifest file 'task_1a.egg-info/SOURCES.txt'\n"}
[0.901551] (-) TimerEvent: {}
[0.911350] (task_1a) StdoutLine: {'line': b'Built target ament_cmake_python_build_task_1a_egg\n'}
[0.930506] (task_1a) CommandEnded: {'returncode': 0}
[0.937336] (task_1a) JobProgress: {'identifier': 'task_1a', 'progress': 'install'}
[0.937544] (task_1a) Command: {'cmd': ['/usr/bin/cmake', '--install', '/home/aayush/eYRC/Software/workspace/build/task_1a'], 'cwd': '/home/aayush/eYRC/Software/workspace/build/task_1a', 'env': OrderedDict([('LESSOPEN', '| /usr/bin/lesspipe %s'), ('LANGUAGE', 'en_IN:en'), ('USER', 'aayush'), ('XDG_SESSION_TYPE', 'wayland'), ('SHLVL', '1'), ('LD_LIBRARY_PATH', '/home/aayush/eYRC/Software/workspace/install/shape_interface/lib:/home/aayush/eYRC/Software/workspace/install/hb_description/lib:/opt/ros/humble/opt/rviz_ogre_vendor/lib:/opt/ros/humble/lib/x86_64-linux-gnu:/opt/ros/humble/lib:/opt/mujoco/lib'), ('HOME', '/home/aayush'), ('OLDPWD', '/home/aayush/eYRC/Software/workspace/src'), ('DESKTOP_SESSION', 'ubuntu'), ('ROS_PYTHON_VERSION', '3'), ('GNOME_SHELL_SESSION_MODE', 'ubuntu'), ('GTK_MODULES', 'gail:atk-bridge'), ('SYSTEMD_EXEC_PID', '1744'), ('DBUS_SESSION_BUS_ADDRESS', 'unix:path=/run/user/1000/bus'), ('COLORTERM', 'truecolor'), ('IM_CONFIG_PHASE', '1'), ('WAYLAND_DISPLAY', 'wayland-0'), ('COLCON_PREFIX_PATH', '/home/aayush/eYRC/Software/workspace/install'), ('ROS_DISTRO', 'humble'), ('LOGNAME', 'aayush'), ('_', '/usr/bin/colcon'), ('ROS_VERSION', '2'), ('XDG_SESSION_CLASS', 'user'), ('MUJOCO_HOME', '/opt/mujoco'), ('USERNAME', 'aayush'), ('TERM', 'xterm-256color'), ('GNOME_DESKTOP_SESSION_ID', 'this-is-deprecated'), ('ROS_LOCALHOST_ONLY', '0'), ('PATH', '/opt/ros/humble/bin:/usr/local/sbin:/usr/local/bin:/usr/sbin:/usr/bin:/sbin:/bin:/usr/games:/usr/local/games:/snap/bin:/snap/bin:/opt/mujoco/bin'), ('SESSION_MANAGER', 'local/aayush-Inspiron-15-3530:@/tmp/.ICE-unix/1526,unix/aayush-Inspiron-15-3530:/tmp/.ICE-unix/1526'), ('XDG_MENU_PREFIX', 'gnome-'), ('GNOME_TERMINAL_SCREEN', '/org/gnome/Terminal/screen/3aef74fe_2e12_4c3d_a376_35801467e145'), ('GNOME_SETUP_DISPLAY', ':1'), ('XDG_RUNTIME_DIR', '/run/user/1000'), ('DISPLAY', ':0'), ('LANG', 'en_US.UTF-8'), ('XDG_CURRENT_DESKTOP', 'ubuntu:GNOME'), ('XMODIFIERS', '@im=ibus'), ('XDG_SESSION_DESKTOP', 'ubuntu'), ('XAUTHORITY', '/run/user/1000/.mutter-Xwaylandauth.2VPZW3'), ('LS_COLORS', 'rs=0:di=01;34:ln=01;36:mh=00:pi=40;33:so=01;35:do=01;35:bd=40;33;01:cd=40;33;01:or=40;31;01:mi=00:su=37;41:sg=30;43:ca=30;41:tw=30;42:ow=34;42:st=37;44:ex=01;32:*.tar=01;31:*.tgz=01;31:*.arc=01;31:*.arj=01;31:*.taz=01;31:*.lha=01;31:*.lz4=01;31:*.lzh=01;31:*.lzma=01;31:*.tlz=01;31:*.txz=01;31:*.tzo=01;31:*.t7z=01;31:*.zip=01;31:*.z=01;31:*.dz=01;31:*.gz=01;31:*.lrz=01;31:*.lz=01;31:*.lzo=01;31:*.xz=01;31:*.zst=01;31:*.tzst=01;31:*.bz2=01;31:*.bz=01;31:*.tbz=01;31:*.tbz2=01;31:*.tz=01;31:*.deb=01;31:*.rpm=01;31:*.jar=01;31:*.war=01;31:*.ear=01;31:*.sar=01;31:*.rar=01;31:*.alz=01;31:*.ace=01;31:*.zoo=01;31:*.cpio=01;31:*.7z=01;31:*.rz=01;31:*.cab=01;31:*.wim=01;31:*.swm=01;31:*.dwm=01;31:*.esd=01;31:*.jpg=01;35:*.jpeg=01;35:*.mjpg=01;35:*.mjpeg=01;35:*.gif=01;35:*.bmp=01;35:*.pbm=01;35:*.pgm=01;35:*.ppm=01;35:*.tga=01;35:*.xbm=01;35:*.xpm=01;35:*.tif=01;35:*.tiff=01;35:*.png=01;35:*.svg=01;35:*.svgz=01;35:*.mng=01;35:*.pcx=01;35:*.mov=01;35:*.mpg=01;35:*.mpeg=01;35:*.m2v=01;35:*.mkv=01;35:*.webm=01;35:*.webp=01;35:*.ogm=01;35:*.mp4=01;35:*.m4v=01;35:*.mp4v=01;35:*.vob=01;35:*.qt=01;35:*.nuv=01;35:*.wmv=01;35:*.asf=01;35:*.rm=01;35:*.rmvb=01;35:*.flc=01;35:*.avi=01;35:*.fli=01;35:*.flv=01;35:*.gl=01;35:*.dl=01;35:*.xcf=01;35:*.xwd=01;35:*.yuv=01;35:*.cgm=01;35:*.emf=01;35:*.ogv=01;35:*.ogx=01;35:*.aac=00;36:*.au=00;36:*.flac=00;36:*.m4a=00;36:*.mid=00;36:*.midi=00;36:*.mka=00;36:*.mp3=00;36:*.mpc=00;36:*.ogg=00;36:*.ra=00;36:*.wav=00;36:*.oga=00;36:*.opus=00;36:*.spx=00;36:*.xspf=00;36:'), ('GNOME_TERMINAL_SERVICE', ':1.102'), ('SSH_AGENT_LAUNCHER', 'gnome-keyring'), ('SSH_AUTH_SOCK', '/run/user/1000/keyring/ssh'), ('AMENT_PREFIX_PATH', '/home/aayush/eYRC/Software/workspace/install/task_1c:/home/aayush/eYRC/Software/workspace/install/task_1b:/home/aayush/eYRC/Software/workspace/install/hb_description:/home/aayush/eYRC/Software/workspace/install/task_1a:/home/aayush/eYRC/Software/workspace/install/shape_interface:/opt/ros/humble'), ('SHELL', '/bin/bash'), ('QT_ACCESSIBILITY', '1'), ('GDMSESSION', 'ubuntu'), ('LESSCLOSE', '/usr/bin/lesspipe %s %s'), ('QT_IM_MODULE', 'ibus'), ('PWD', '/home/aayush/eYRC/Software/workspace/build/task_1a'), ('LC_ALL', 'en_US.UTF-8'), ('XDG_CONFIG_DIRS', '/etc/xdg/xdg-ubuntu:/etc/xdg'), ('XDG_DATA_DIRS', '/usr/share/ubuntu:/usr/local/share/:/usr/share/:/var/lib/snapd/desktop'), ('PYTHONPATH', '/home/aayush/eYRC/Software/workspace/install/task_1b/local/lib/python3.10/dist-packages:/home/aayush/eYRC/Software/workspace/install/task_1a/local/lib/python3.10/dist-packages:/home/aayush/eYRC/Software/workspace/install/shape_interface/local/lib/python3.10/dist-packages:/opt/ros/humble/lib/python3.10/site-packages:/opt/ros/humble/local/lib/python3.10/dist-packages'), ('COLCON', '1'), ('VTE_VERSION', '6800'), ('CMAKE_PREFIX_PATH', '/home/aayush/eYRC/Software/workspace/install/shape_interface:/home/aayush/eYRC/Software/workspace/install/task_1c:/home/aayush/eYRC/Software/workspace/install/task_1b:/home/aayush/eYRC/Software/workspace/install/hb_description:/home/aayush/eYRC/Software/workspace/install/task_1a:/opt/ros/humble')]), 'shell': False}
[0.947839] (task_1a) StdoutLine: {'line': b'-- Install configuration: ""\n'}
[0.948410] (task_1a) StdoutLine: {'line': b'-- Up-to-date: /home/aayush/eYRC/Software/workspace/install/task_1a/lib/task_1a/pixel_to_world_service\n'}
[0.948608] (task_1a) StdoutLine: {'line': b'-- Up-to-date: /home/aayush/eYRC/Software/workspace/install/task_1a/share/task_1a/environment/pythonpath.sh\n'}
[0.948712] (task_1a) StdoutLine: {'line': b'-- Up-to-date: /home/aayush/eYRC/Software/workspace/install/task_1a/share/task_1a/environment/pythonpath.dsv\n'}
[0.948765] (task_1a) StdoutLine: {'line': b'-- Up-to-date: /home/aayush/eYRC/Software/workspace/install/task_1a/local/lib/python3.10/dist-packages/task_1a-0.0.1-py3.10.egg-info\n'}
[0.948809] (task_1a) StdoutLine: {'line': b'-- Installing: /home/aayush/eYRC/Software/workspace/install/task_1a/local/lib/python3.10/dist-packages/task_1a-0.0.1-py3.10.egg-info/SOURCES.txt\n'}
[0.948854] (task_1a) StdoutLine: {'line': b'-- Installing: /home/aayush/eYRC/Software/workspace/install/task_1a/local/lib/python3.10/dist-packages/task_1a-0.0.1-py3.10.egg-info/top_level.txt\n'}
[0.948897] (task_1a) StdoutLine: {'line': b'-- Installing: /home/aayush/eYRC/Software/workspace/install/task_1a/local/lib/python3.10/dist-packages/task_1a-0.0.1-py3.10.egg-info/PKG-INFO\n'}
[0.948936] (task_1a) StdoutLine: {'line': b'-- Installing: /home/aayush/eYRC/Software/workspace/install/task_1a/local/lib/python3.10/dist-packages/task_1a-0.0.1-py3.10.egg-info/dependency_links.txt\n'}
[0.948981] (task_1a) StdoutLine: {'line': b'-- Up-to-date: /home/aayush/eYRC/Software/workspace/install/task_1a/local/lib/python3.10/dist-packages/task_1a\n'}
[0.949023] (task_1a) StdoutLine: {'line': b'-- Up-to-date: /home/aayush/eYRC/Software/workspace/install/task_1a/local/lib/python3.10/dist-packages/task_1a/__init__.py\n'}
[0.949065] (task_1a) StdoutLine: {'line': b'-- Up-to-date: /home/aayush/eYRC/Software/workspace/install/task_1a/local/lib/python3.10/dist-packages/task_1a/camera_detection_task1a_ready.py\n'}
[0.949198] (task_1a) StdoutLine: {'line': b'-- Up-to-date: /home/aayush/eYRC/Software/workspace/install/task_1a/local/lib/python3.10/dist-packages/task_1a/camera_detection.py\n'}
[0.974276] (task_1a) StdoutLine: {'line': b"Listing '/home/aayush/eYRC/Software/workspace/install/task_1a/local/lib/python3.10/dist-packages/task_1a'...\n"}
[0.977900] (task_1a) StdoutLine: {'line': b'-- Up-to-date: /home/aayush/eYRC/Software/workspace/install/task_1a/lib/task_1a/camera_detection\n'}
[0.978118] (task_1a) StdoutLine: {'line': b'-- Up-to-date: /home/aayush/eYRC/Software/workspace/install/task_1a/share/ament_index/resource_index/package_run_dependencies/task_1a\n'}
[0.978233] (task_1a) StdoutLine: {'line': b'-- Up-to-date: /home/aayush/eYRC/Software/workspace/install/task_1a/share/ament_index/resource_index/parent_prefix_path/task_1a\n'}
[0.978298] (task_1a) StdoutLine: {'line': b'-- Up-to-date: /home/aayush/eYRC/Software/workspace/install/task_1a/share/task_1a/environment/ament_prefix_path.sh\n'}
[0.978416] (task_1a) StdoutLine: {'line': b'-- Up-to-date: /home/aayush/eYRC/Software/workspace/install/task_1a/share/task_1a/environment/ament_prefix_path.dsv\n'}
[0.978516] (task_1a) StdoutLine: {'line': b'-- Up-to-date: /home/aayush/eYRC/Software/workspace/install/task_1a/share/task_1a/environment/path.sh\n'}
[0.978589] (task_1a) StdoutLine: {'line': b'-- Up-to-date: /home/aayush/eYRC/Software/workspace/install/task_1a/share/task_1a/environment/path.dsv\n'}
[0.978653] (task_1a) StdoutLine: {'line': b'-- Up-to-date: /home/aayush/eYRC/Software/workspace/install/task_1a/share/task_1a/local_setup.bash\n'}
[0.978714] (task_1a) StdoutLine: {'line': b'-- Up-to-date: /home/aayush/eYRC/Software/workspace/install/task_1a/share/task_1a/local_setup.sh\n'}
[0.978774] (task_1a) StdoutLine: {'line': b'-- Up-to-date: /home/aayush/eYRC/Software/workspace/install/task_1a/share/task_1a/local_setup.zsh\n'}
[0.978835] (task_1a) StdoutLine: {'line': b'-- Up-to-date: /home/aayush/eYRC/Software/workspace/install/task_1a/share/task_1a/local_setup.dsv\n'}
[0.978899] (task_1a) StdoutLine: {'line': b'-- Installing: /home/aayush/eYRC/Software/workspace/install/task_1a/share/task_1a/package.dsv\n'}
[0.978963] (task_1a) StdoutLine: {'line': b'-- Up-to-date: /home/aayush/eYRC/Software/workspace/install/task_1a/share/ament_index/resource_index/packages/task_1a\n'}
[0.979026] (task_1a) StdoutLine: {'line': b'-- Up-to-date: /home/aayush/eYRC/Software/workspace/install/task_1a/share/task_1a/cmake/task_1aConfig.cmake\n'}
[0.979112] (task_1a) StdoutLine: {'line': b'-- Up-to-date: /home/aayush/eYRC/Software/workspace/install/task_1a/share/task_1a/cmake/task_1aConfig-version.cmake\n'}
[0.979193] (task_1a) StdoutLine: {'line': b'-- Up-to-date: /home/aayush/eYRC/Software/workspace/install/task_1a/share/task_1a/package.xml\n'}
[0.980748] (task_1a) CommandEnded: {'returncode': 0}
[0.989750] (task_1a) JobEnded: {'identifier': 'task_1a', 'rc': 0}
[0.991921] (hb_description) JobStarted: {'identifier': 'hb_description'}
[0.997108] (hb_description) JobProgress: {'identifier': 'hb_description', 'progress': 'cmake'}
[0.998163] (hb_description) JobProgress: {'identifier': 'hb_description', 'progress': 'build'}
[0.998359] (hb_description) Command: {'cmd': ['/usr/bin/cmake', '--build', '/home/aayush/eYRC/Software/workspace/build/hb_description', '--', '-j6', '-l6'], 'cwd': '/home/aayush/eYRC/Software/workspace/build/hb_description', 'env': OrderedDict([('LESSOPEN', '| /usr/bin/lesspipe %s'), ('LANGUAGE', 'en_IN:en'), ('USER', 'aayush'), ('XDG_SESSION_TYPE', 'wayland'), ('SHLVL', '1'), ('LD_LIBRARY_PATH', '/home/aayush/eYRC/Software/workspace/install/shape_interface/lib:/home/aayush/eYRC/Software/workspace/install/hb_description/lib:/opt/ros/humble/opt/rviz_ogre_vendor/lib:/opt/ros/humble/lib/x86_64-linux-gnu:/opt/ros/humble/lib:/opt/mujoco/lib'), ('HOME', '/home/aayush'), ('OLDPWD', '/home/aayush/eYRC/Software/workspace/src'), ('DESKTOP_SESSION', 'ubuntu'), ('ROS_PYTHON_VERSION', '3'), ('GNOME_SHELL_SESSION_MODE', 'ubuntu'), ('GTK_MODULES', 'gail:atk-bridge'), ('SYSTEMD_EXEC_PID', '1744'), ('DBUS_SESSION_BUS_ADDRESS', 'unix:path=/run/user/1000/bus'), ('COLORTERM', 'truecolor'), ('IM_CONFIG_PHASE', '1'), ('WAYLAND_DISPLAY', 'wayland-0'), ('COLCON_PREFIX_PATH', '/home/aayush/eYRC/Software/workspace/install'), ('ROS_DISTRO', 'humble'), ('LOGNAME', 'aayush'), ('_', '/usr/bin/colcon'), ('ROS_VERSION', '2'), ('XDG_SESSION_CLASS', 'user'), ('MUJOCO_HOME', '/opt/mujoco'), ('USERNAME', 'aayush'), ('TERM', 'xterm-256color'), ('GNOME_DESKTOP_SESSION_ID', 'this-is-deprecated'), ('ROS_LOCALHOST_ONLY', '0'), ('PATH', '/opt/ros/humble/bin:/usr/local/sbin:/usr/local/bin:/usr/sbin:/usr/bin:/sbin:/bin:/usr/games:/usr/local/games:/snap/bin:/snap/bin:/opt/mujoco/bin'), ('SESSION_MANAGER', 'local/aayush-Inspiron-15-3530:@/tmp/.ICE-unix/1526,unix/aayush-Inspiron-15-3530:/tmp/.ICE-unix/1526'), ('XDG_MENU_PREFIX', 'gnome-'), ('GNOME_TERMINAL_SCREEN', '/org/gnome/Terminal/screen/3aef74fe_2e12_4c3d_a376_35801467e145'), ('GNOME_SETUP_DISPLAY', ':1'), ('XDG_RUNTIME_DIR', '/run/user/1000'), ('DISPLAY', ':0'), ('LANG', 'en_US.UTF-8'), ('XDG_CURRENT_DESKTOP', 'ubuntu:GNOME'), ('XMODIFIERS', '@im=ibus'), ('XDG_SESSION_DESKTOP', 'ubuntu'), ('XAUTHORITY', '/run/user/1000/.mutter-Xwaylandauth.2VPZW3'), ('LS_COLORS', 'rs=0:di=01;34:ln=01;36:mh=00:pi=40;33:so=01;35:do=01;35:bd=40;33;01:cd=40;33;01:or=40;31;01:mi=00:su=37;41:sg=30;43:ca=30;41:tw=30;42:ow=34;42:st=37;44:ex=01;32:*.tar=01;31:*.tgz=01;31:*.arc=01;31:*.arj=01;31:*.taz=01;31:*.lha=01;31:*.lz4=01;31:*.lzh=01;31:*.lzma=01;31:*.tlz=01;31:*.txz=01;31:*.tzo=01;31:*.t7z=01;31:*.zip=01;31:*.z=01;31:*.dz=01;31:*.gz=01;31:*.lrz=01;31:*.lz=01;31:*.lzo=01;31:*.xz=01;31:*.zst=01;31:*.tzst=01;31:*.bz2=01;31:*.bz=01;31:*.tbz=01;31:*.tbz2=01;31:*.tz=01;31:*.deb=01;31:*.rpm=01;31:*.jar=01;31:*.war=01;31:*.ear=01;31:*.sar=01;31:*.rar=01;31:*.alz=01;31:*.ace=01;31:*.zoo=01;31:*.cpio=01;31:*.7z=01;31:*.rz=01;31:*.cab=01;31:*.wim=01;31:*.swm=01;31:*.dwm=01;31:*.esd=01;31:*.jpg=01;35:*.jpeg=01;35:*.mjpg=01;35:*.mjpeg=01;35:*.gif=01;35:*.bmp=01;35:*.pbm=01;35:*.pgm=01;35:*.ppm=01;35:*.tga=01;35:*.xbm=01;35:*.xpm=01;35:*.tif=01;35:*.tiff=01;35:*.png=01;35:*.svg=01;35:*.svgz=01;35:*.mng=01;35:*.pcx=01;35:*.mov=01;35:*.mpg=01;35:*.mpeg=01;35:*.m2v=01;35:*.mkv=01;35:*.webm=01;35:*.webp=01;35:*.ogm=01;35:*.mp4=01;35:*.m4v=01;35:*.mp4v=01;35:*.vob=01;35:*.qt=01;35:*.nuv=01;35:*.wmv=01;35:*.asf=01;35:*.rm=01;35:*.rmvb=01;35:*.flc=01;35:*.avi=01;35:*.fli=01;35:*.flv=01;35:*.gl=01;35:*.dl=01;35:*.xcf=01;35:*.xwd=01;35:*.yuv=01;35:*.cgm=01;35:*.emf=01;35:*.ogv=01;35:*.ogx=01;35:*.aac=00;36:*.au=00;36:*.flac=00;36:*.m4a=00;36:*.mid=00;36:*.midi=00;36:*.mka=00;36:*.mp3=00;36:*.mpc=00;36:*.ogg=00;36:*.ra=00;36:*.wav=00;36:*.oga=00;36:*.opus=00;36:*.spx=00;36:*.xspf=00;36:'), ('GNOME_TERMINAL_SERVICE', ':1.102'), ('SSH_AGENT_LAUNCHER', 'gnome-keyring'), ('SSH_AUTH_SOCK', '/run/user/1000/keyring/ssh'), ('AMENT_PREFIX_PATH', '/home/aayush/eYRC/Software/workspace/install/task_1c:/home/aayush/eYRC/Software/workspace/install/task_1b:/home/aayush/eYRC/Software/workspace/install/hb_description:/home/aayush/eYRC/Software/workspace/install/task_1a:/home/aayush/eYRC/Software/workspace/install/shape_interface:/opt/ros/humble'), ('SHELL', '/bin/bash'), ('QT_ACCESSIBILITY', '1'), ('GDMSESSION', 'ubuntu'), ('LESSCLOSE', '/usr/bin/lesspipe %s %s'), ('QT_IM_MODULE', 'ibus'), ('PWD', '/home/aayush/eYRC/Software/workspace/build/hb_description'), ('LC_ALL', 'en_US.UTF-8'), ('XDG_CONFIG_DIRS', '/etc/xdg/xdg-ubuntu:/etc/xdg'), ('XDG_DATA_DIRS', '/usr/share/ubuntu:/usr/local/share/:/usr/share/:/var/lib/snapd/desktop'), ('PYTHONPATH', '/home/aayush/eYRC/Software/workspace/install/task_1b/local/lib/python3.10/dist-packages:/home/aayush/eYRC/Software/workspace/install/task_1a/local/lib/python3.10/dist-packages:/home/aayush/eYRC/Software/workspace/install/shape_interface/local/lib/python3.10/dist-packages:/opt/ros/humble/lib/python3.10/site-packages:/opt/ros/humble/local/lib/python3.10/dist-packages'), ('COLCON', '1'), ('VTE_VERSION', '6800'), ('CMAKE_PREFIX_PATH', '/home/aayush/eYRC/Software/workspace/install/task_1a:/home/aayush/eYRC/Software/workspace/install/shape_interface:/home/aayush/eYRC/Software/workspace/install/task_1c:/home/aayush/eYRC/Software/workspace/install/task_1b:/home/aayush/eYRC/Software/workspace/install/hb_description:/opt/ros/humble')]), 'shell': False}
[1.001651] (-) TimerEvent: {}
[1.065877] (hb_description) CommandEnded: {'returncode': 0}
[1.067091] (hb_description) JobProgress: {'identifier': 'hb_description', 'progress': 'install'}
[1.067490] (hb_description) Command: {'cmd': ['/usr/bin/cmake', '--install', '/home/aayush/eYRC/Software/workspace/build/hb_description'], 'cwd': '/home/aayush/eYRC/Software/workspace/build/hb_description', 'env': OrderedDict([('LESSOPEN', '| /usr/bin/lesspipe %s'), ('LANGUAGE', 'en_IN:en'), ('USER', 'aayush'), ('XDG_SESSION_TYPE', 'wayland'), ('SHLVL', '1'), ('LD_LIBRARY_PATH', '/home/aayush/eYRC/Software/workspace/install/shape_interface/lib:/home/aayush/eYRC/Software/workspace/install/hb_description/lib:/opt/ros/humble/opt/rviz_ogre_vendor/lib:/opt/ros/humble/lib/x86_64-linux-gnu:/opt/ros/humble/lib:/opt/mujoco/lib'), ('HOME', '/home/aayush'), ('OLDPWD', '/home/aayush/eYRC/Software/workspace/src'), ('DESKTOP_SESSION', 'ubuntu'), ('ROS_PYTHON_VERSION', '3'), ('GNOME_SHELL_SESSION_MODE', 'ubuntu'), ('GTK_MODULES', 'gail:atk-bridge'), ('SYSTEMD_EXEC_PID', '1744'), ('DBUS_SESSION_BUS_ADDRESS', 'unix:path=/run/user/1000/bus'), ('COLORTERM', 'truecolor'), ('IM_CONFIG_PHASE', '1'), ('WAYLAND_DISPLAY', 'wayland-0'), ('COLCON_PREFIX_PATH', '/home/aayush/eYRC/Software/workspace/install'), ('ROS_DISTRO', 'humble'), ('LOGNAME', 'aayush'), ('_', '/usr/bin/colcon'), ('ROS_VERSION', '2'), ('XDG_SESSION_CLASS', 'user'), ('MUJOCO_HOME', '/opt/mujoco'), ('USERNAME', 'aayush'), ('TERM', 'xterm-256color'), ('GNOME_DESKTOP_SESSION_ID', 'this-is-deprecated'), ('ROS_LOCALHOST_ONLY', '0'), ('PATH', '/opt/ros/humble/bin:/usr/local/sbin:/usr/local/bin:/usr/sbin:/usr/bin:/sbin:/bin:/usr/games:/usr/local/games:/snap/bin:/snap/bin:/opt/mujoco/bin'), ('SESSION_MANAGER', 'local/aayush-Inspiron-15-3530:@/tmp/.ICE-unix/1526,unix/aayush-Inspiron-15-3530:/tmp/.ICE-unix/1526'), ('XDG_MENU_PREFIX', 'gnome-'), ('GNOME_TERMINAL_SCREEN', '/org/gnome/Terminal/screen/3aef74fe_2e12_4c3d_a376_35801467e145'), ('GNOME_SETUP_DISPLAY', ':1'), ('XDG_RUNTIME_DIR', '/run/user/1000'), ('DISPLAY', ':0'), ('LANG', 'en_US.UTF-8'), ('XDG_CURRENT_DESKTOP', 'ubuntu:GNOME'), ('XMODIFIERS', '@im=ibus'), ('XDG_SESSION_DESKTOP', 'ubuntu'), ('XAUTHORITY', '/run/user/1000/.mutter-Xwaylandauth.2VPZW3'), ('LS_COLORS', 'rs=0:di=01;34:ln=01;36:mh=00:pi=40;33:so=01;35:do=01;35:bd=40;33;01:cd=40;33;01:or=40;31;01:mi=00:su=37;41:sg=30;43:ca=30;41:tw=30;42:ow=34;42:st=37;44:ex=01;32:*.tar=01;31:*.tgz=01;31:*.arc=01;31:*.arj=01;31:*.taz=01;31:*.lha=01;31:*.lz4=01;31:*.lzh=01;31:*.lzma=01;31:*.tlz=01;31:*.txz=01;31:*.tzo=01;31:*.t7z=01;31:*.zip=01;31:*.z=01;31:*.dz=01;31:*.gz=01;31:*.lrz=01;31:*.lz=01;31:*.lzo=01;31:*.xz=01;31:*.zst=01;31:*.tzst=01;31:*.bz2=01;31:*.bz=01;31:*.tbz=01;31:*.tbz2=01;31:*.tz=01;31:*.deb=01;31:*.rpm=01;31:*.jar=01;31:*.war=01;31:*.ear=01;31:*.sar=01;31:*.rar=01;31:*.alz=01;31:*.ace=01;31:*.zoo=01;31:*.cpio=01;31:*.7z=01;31:*.rz=01;31:*.cab=01;31:*.wim=01;31:*.swm=01;31:*.dwm=01;31:*.esd=01;31:*.jpg=01;35:*.jpeg=01;35:*.mjpg=01;35:*.mjpeg=01;35:*.gif=01;35:*.bmp=01;35:*.pbm=01;35:*.pgm=01;35:*.ppm=01;35:*.tga=01;35:*.xbm=01;35:*.xpm=01;35:*.tif=01;35:*.tiff=01;35:*.png=01;35:*.svg=01;35:*.svgz=01;35:*.mng=01;35:*.pcx=01;35:*.mov=01;35:*.mpg=01;35:*.mpeg=01;35:*.m2v=01;35:*.mkv=01;35:*.webm=01;35:*.webp=01;35:*.ogm=01;35:*.mp4=01;35:*.m4v=01;35:*.mp4v=01;35:*.vob=01;35:*.qt=01;35:*.nuv=01;35:*.wmv=01;35:*.asf=01;35:*.rm=01;35:*.rmvb=01;35:*.flc=01;35:*.avi=01;35:*.fli=01;35:*.flv=01;35:*.gl=01;35:*.dl=01;35:*.xcf=01;35:*.xwd=01;35:*.yuv=01;35:*.cgm=01;35:*.emf=01;35:*.ogv=01;35:*.ogx=01;35:*.aac=00;36:*.au=00;36:*.flac=00;36:*.m4a=00;36:*.mid=00;36:*.midi=00;36:*.mka=00;36:*.mp3=00;36:*.mpc=00;36:*.ogg=00;36:*.ra=00;36:*.wav=00;36:*.oga=00;36:*.opus=00;36:*.spx=00;36:*.xspf=00;36:'), ('GNOME_TERMINAL_SERVICE', ':1.102'), ('SSH_AGENT_LAUNCHER', 'gnome-keyring'), ('SSH_AUTH_SOCK', '/run/user/1000/keyring/ssh'), ('AMENT_PREFIX_PATH', '/home/aayush/eYRC/Software/workspace/install/task_1c:/home/aayush/eYRC/Software/workspace/install/task_1b:/home/aayush/eYRC/Software/workspace/install/hb_description:/home/aayush/eYRC/Software/workspace/install/task_1a:/home/aayush/eYRC/Software/workspace/install/shape_interface:/opt/ros/humble'), ('SHELL', '/bin/bash'), ('QT_ACCESSIBILITY', '1'), ('GDMSESSION', 'ubuntu'), ('LESSCLOSE', '/usr/bin/lesspipe %s %s'), ('QT_IM_MODULE', 'ibus'), ('PWD', '/home/aayush/eYRC/Software/workspace/build/hb_description'), ('LC_ALL', 'en_US.UTF-8'), ('XDG_CONFIG_DIRS', '/etc/xdg/xdg-ubuntu:/etc/xdg'), ('XDG_DATA_DIRS', '/usr/share/ubuntu:/usr/local/share/:/usr/share/:/var/lib/snapd/desktop'), ('PYTHONPATH', '/home/aayush/eYRC/Software/workspace/install/task_1b/local/lib/python3.10/dist-packages:/home/aayush/eYRC/Software/workspace/install/task_1a/local/lib/python3.10/dist-packages:/home/aayush/eYRC/Software/workspace/install/shape_interface/local/lib/python3.10/dist-packages:/opt/ros/humble/lib/python3.10/site-packages:/opt/ros/humble/local/lib/python3.10/dist-packages'), ('COLCON', '1'), ('VTE_VERSION', '6800'), ('CMAKE_PREFIX_PATH', '/home/aayush/eYRC/Software/workspace/install/task_1a:/home/aayush/eYRC/Software/workspace/install/shape_interface:/home/aayush/eYRC/Software/workspace/install/task_1c:/home/aayush/eYRC/Software/workspace/install/task_1b:/home/aayush/eYRC/Software/workspace/install/hb_description:/opt/ros/humble')]), 'shell': False}
[1.077550] (hb_description) StdoutLine: {'line': b'-- Install configuration: ""\n'}
[1.079404] (hb_description) StdoutLine: {'line': b'-- Up-to-date: /home/aayush/eYRC/Software/workspace/install/hb_description/lib/hb_description/task1a_bridge\n'}
[1.079519] (hb_description) StdoutLine: {'line': b'-- Up-to-date: /home/aayush/eYRC/Software/workspace/install/hb_description/lib/hb_description/task1a_camera\n'}
[1.079598] (hb_description) StdoutLine: {'line': b'-- Up-to-date: /home/aayush/eYRC/Software/workspace/install/hb_description/lib/hb_description/task1c_bridge\n'}
[1.079670] (hb_description) StdoutLine: {'line': b'-- Up-to-date: /home/aayush/eYRC/Software/workspace/install/hb_description/lib/hb_description/task1c_camera\n'}
[1.079736] (hb_description) StdoutLine: {'line': b'-- Up-to-date: /home/aayush/eYRC/Software/workspace/install/hb_description/lib/hb_description/camera_stream\n'}
[1.079815] (hb_description) StdoutLine: {'line': b'-- Up-to-date: /home/aayush/eYRC/Software/workspace/install/hb_description/lib\n'}
[1.079905] (hb_description) StdoutLine: {'line': b'-- Up-to-date: /home/aayush/eYRC/Software/workspace/install/hb_description/lib/libhb_source__rosidl_typesupport_introspection_cpp.so\n'}
[1.079981] (hb_description) StdoutLine: {'line': b'-- Up-to-date: /home/aayush/eYRC/Software/workspace/install/hb_description/lib/libhb_source__rosidl_generator_c.so\n'}
[1.080054] (hb_description) StdoutLine: {'line': b'-- Up-to-date: /home/aayush/eYRC/Software/workspace/install/hb_description/lib/libhb_source__rosidl_typesupport_introspection_c.so\n'}
[1.080133] (hb_description) StdoutLine: {'line': b'-- Up-to-date: /home/aayush/eYRC/Software/workspace/install/hb_description/lib/libhb_source__rosidl_typesupport_fastrtps_cpp.so\n'}
[1.080205] (hb_description) StdoutLine: {'line': b'-- Up-to-date: /home/aayush/eYRC/Software/workspace/install/hb_description/lib/libhb_source__rosidl_typesupport_c.so\n'}
[1.080273] (hb_description) StdoutLine: {'line': b'-- Up-to-date: /home/aayush/eYRC/Software/workspace/install/hb_description/lib/libhb_source__rosidl_typesupport_cpp.so\n'}
[1.080340] (hb_description) StdoutLine: {'line': b'-- Up-to-date: /home/aayush/eYRC/Software/workspace/install/hb_description/lib/libhb_source__rosidl_typesupport_fastrtps_c.so\n'}
[1.080404] (hb_description) StdoutLine: {'line': b'-- Up-to-date: /home/aayush/eYRC/Software/workspace/install/hb_description/lib/libhb_source__rosidl_generator_py.so\n'}
[1.080491] (hb_description) StdoutLine: {'line': b'-- Up-to-date: /home/aayush/eYRC/Software/workspace/install/hb_description/lib/libmujoco.so\n'}
[1.080584] (hb_description) StdoutLine: {'line': b'-- Up-to-date: /home/aayush/eYRC/Software/workspace/install/hb_description/lib/libmujoco.so.3.4.0\n'}
[1.080653] (hb_description) StdoutLine: {'line': b'-- Up-to-date: /home/aayush/eYRC/Software/workspace/install/hb_description/share/hb_description/launch\n'}
[1.080720] (hb_description) StdoutLine: {'line': b'-- Up-to-date: /home/aayush/eYRC/Software/workspace/install/hb_description/share/hb_description/launch/task1a.launch.py\n'}
[1.080786] (hb_description) StdoutLine: {'line': b'-- Up-to-date: /home/aayush/eYRC/Software/workspace/install/hb_description/share/hb_description/launch/task1c.launch.py\n'}
[1.080850] (hb_description) StdoutLine: {'line': b'-- Up-to-date: /home/aayush/eYRC/Software/workspace/install/hb_description/share/hb_description/launch/task1b.launch.py\n'}
[1.081775] (hb_description) StdoutLine: {'line': b'-- Up-to-date: /home/aayush/eYRC/Software/workspace/install/hb_description/share/ament_index/resource_index/package_run_dependencies/hb_description\n'}
[1.081995] (hb_description) StdoutLine: {'line': b'-- Up-to-date: /home/aayush/eYRC/Software/workspace/install/hb_description/share/ament_index/resource_index/parent_prefix_path/hb_description\n'}
[1.082068] (hb_description) StdoutLine: {'line': b'-- Up-to-date: /home/aayush/eYRC/Software/workspace/install/hb_description/share/hb_description/environment/ament_prefix_path.sh\n'}
[1.082150] (hb_description) StdoutLine: {'line': b'-- Up-to-date: /home/aayush/eYRC/Software/workspace/install/hb_description/share/hb_description/environment/ament_prefix_path.dsv\n'}
[1.082215] (hb_description) StdoutLine: {'line': b'-- Up-to-date: /home/aayush/eYRC/Software/workspace/install/hb_description/share/hb_description/environment/path.sh\n'}
[1.082277] (hb_description) StdoutLine: {'line': b'-- Up-to-date: /home/aayush/eYRC/Software/workspace/install/hb_description/share/hb_description/environment/path.dsv\n'}
[1.082339] (hb_description) StdoutLine: {'line': b'-- Up-to-date: /home/aayush/eYRC/Software/workspace/install/hb_description/share/hb_description/local_setup.bash\n'}
[1.082401] (hb_description) StdoutLine: {'line': b'-- Up-to-date: /home/aayush/eYRC/Software/workspace/install/hb_description/share/hb_description/local_setup.sh\n'}
[1.082462] (hb_description) StdoutLine: {'line': b'-- Up-to-date: /home/aayush/eYRC/Software/workspace/install/hb_description/share/hb_description/local_setup.zsh\n'}
[1.082566] (hb_description) StdoutLine: {'line': b'-- Up-to-date: /home/aayush/eYRC/Software/workspace/install/hb_description/share/hb_description/local_setup.dsv\n'}
[1.082633] (hb_description) StdoutLine: {'line': b'-- Installing: /home/aayush/eYRC/Software/workspace/install/hb_description/share/hb_description/package.dsv\n'}
[1.082704] (hb_description) StdoutLine: {'line': b'-- Up-to-date: /home/aayush/eYRC/Software/workspace/install/hb_description/share/ament_index/resource_index/packages/hb_description\n'}
[1.082769] (hb_description) StdoutLine: {'line': b'-- Up-to-date: /home/aayush/eYRC/Software/workspace/install/hb_description/share/hb_description/cmake/hb_descriptionConfig.cmake\n'}
[1.082842] (hb_description) StdoutLine: {'line': b'-- Up-to-date: /home/aayush/eYRC/Software/workspace/install/hb_description/share/hb_description/cmake/hb_descriptionConfig-version.cmake\n'}
[1.082907] (hb_description) StdoutLine: {'line': b'-- Up-to-date: /home/aayush/eYRC/Software/workspace/install/hb_description/share/hb_description/package.xml\n'}
[1.087431] (hb_description) CommandEnded: {'returncode': 0}
[1.098228] (hb_description) JobEnded: {'identifier': 'hb_description', 'rc': 0}
[1.099321] (-) EventReactorShutdown: {}
