[0.000000] (-) TimerEvent: {}
[0.000284] (shape_interface) JobQueued: {'identifier': 'shape_interface', 'dependencies': OrderedDict()}
[0.000357] (task_1b) JobQueued: {'identifier': 'task_1b', 'dependencies': OrderedDict()}
[0.000391] (task_1a) JobQueued: {'identifier': 'task_1a', 'dependencies': OrderedDict([('shape_interface', '/home/aayush/eYRC/Software/workspace/install/shape_interface')])}
[0.000424] (task_1c) JobQueued: {'identifier': 'task_1c', 'dependencies': OrderedDict([('shape_interface', '/home/aayush/eYRC/Software/workspace/install/shape_interface')])}
[0.000453] (hb_description) JobQueued: {'identifier': 'hb_description', 'dependencies': OrderedDict([('shape_interface', '/home/aayush/eYRC/Software/workspace/install/shape_interface'), ('task_1a', '/home/aayush/eYRC/Software/workspace/install/task_1a')])}
[0.000485] (shape_interface) JobStarted: {'identifier': 'shape_interface'}
[0.009583] (task_1b) JobStarted: {'identifier': 'task_1b'}
[0.016598] (shape_interface) JobProgress: {'identifier': 'shape_interface', 'progress': 'cmake'}
[0.018100] (shape_interface) Command: {'cmd': ['/usr/bin/cmake', '/home/aayush/eYRC/Software/workspace/src/shape_interface', '-DCMAKE_INSTALL_PREFIX=/home/aayush/eYRC/Software/workspace/install/shape_interface'], 'cwd': '/home/aayush/eYRC/Software/workspace/build/shape_interface', 'env': OrderedDict([('LESSOPEN', '| /usr/bin/lesspipe %s'), ('LANGUAGE', 'en_IN:en'), ('USER', 'aayush'), ('XDG_SESSION_TYPE', 'wayland'), ('SHLVL', '1'), ('LD_LIBRARY_PATH', '/opt/ros/humble/opt/rviz_ogre_vendor/lib:/opt/ros/humble/lib/x86_64-linux-gnu:/opt/ros/humble/lib:/opt/mujoco/lib'), ('HOME', '/home/aayush'), ('OLDPWD', '/home/aayush/eYRC'), ('DESKTOP_SESSION', 'ubuntu'), ('ROS_PYTHON_VERSION', '3'), ('GNOME_SHELL_SESSION_MODE', 'ubuntu'), ('GTK_MODULES', 'gail:atk-bridge'), ('SYSTEMD_EXEC_PID', '1531'), ('DBUS_SESSION_BUS_ADDRESS', 'unix:path=/run/user/1000/bus'), ('COLORTERM', 'truecolor'), ('IM_CONFIG_PHASE', '1'), ('WAYLAND_DISPLAY', 'wayland-0'), ('ROS_DISTRO', 'humble'), ('LOGNAME', 'aayush'), ('_', '/usr/bin/colcon'), ('ROS_VERSION', '2'), ('XDG_SESSION_CLASS', 'user'), ('MUJOCO_HOME', '/opt/mujoco'), ('USERNAME', 'aayush'), ('TERM', 'xterm-256color'), ('GNOME_DESKTOP_SESSION_ID', 'this-is-deprecated'), ('ROS_LOCALHOST_ONLY', '0'), ('PATH', '/opt/ros/humble/bin:/usr/local/sbin:/usr/local/bin:/usr/sbin:/usr/bin:/sbin:/bin:/usr/games:/usr/local/games:/snap/bin:/snap/bin:/opt/mujoco/bin'), ('SESSION_MANAGER', 'local/aayush-Inspiron-15-3530:@/tmp/.ICE-unix/1490,unix/aayush-Inspiron-15-3530:/tmp/.ICE-unix/1490'), ('XDG_MENU_PREFIX', 'gnome-'), ('GNOME_TERMINAL_SCREEN', '/org/gnome/Terminal/screen/7bff860e_c2d6_4ff4_a93f_fe6609d850c5'), ('GNOME_SETUP_DISPLAY', ':1'), ('XDG_RUNTIME_DIR', '/run/user/1000'), ('DISPLAY', ':0'), ('LANG', 'en_US.UTF-8'), ('XDG_CURRENT_DESKTOP', 'ubuntu:GNOME'), ('XMODIFIERS', '@im=ibus'), ('XDG_SESSION_DESKTOP', 'ubuntu'), ('XAUTHORITY', '/run/user/1000/.mutter-Xwaylandauth.LLYVW3'), ('LS_COLORS', 'rs=0:di=01;34:ln=01;36:mh=00:pi=40;33:so=01;35:do=01;35:bd=40;33;01:cd=40;33;01:or=40;31;01:mi=00:su=37;41:sg=30;43:ca=30;41:tw=30;42:ow=34;42:st=37;44:ex=01;32:*.tar=01;31:*.tgz=01;31:*.arc=01;31:*.arj=01;31:*.taz=01;31:*.lha=01;31:*.lz4=01;31:*.lzh=01;31:*.lzma=01;31:*.tlz=01;31:*.txz=01;31:*.tzo=01;31:*.t7z=01;31:*.zip=01;31:*.z=01;31:*.dz=01;31:*.gz=01;31:*.lrz=01;31:*.lz=01;31:*.lzo=01;31:*.xz=01;31:*.zst=01;31:*.tzst=01;31:*.bz2=01;31:*.bz=01;31:*.tbz=01;31:*.tbz2=01;31:*.tz=01;31:*.deb=01;31:*.rpm=01;31:*.jar=01;31:*.war=01;31:*.ear=01;31:*.sar=01;31:*.rar=01;31:*.alz=01;31:*.ace=01;31:*.zoo=01;31:*.cpio=01;31:*.7z=01;31:*.rz=01;31:*.cab=01;31:*.wim=01;31:*.swm=01;31:*.dwm=01;31:*.esd=01;31:*.jpg=01;35:*.jpeg=01;35:*.mjpg=01;35:*.mjpeg=01;35:*.gif=01;35:*.bmp=01;35:*.pbm=01;35:*.pgm=01;35:*.ppm=01;35:*.tga=01;35:*.xbm=01;35:*.xpm=01;35:*.tif=01;35:*.tiff=01;35:*.png=01;35:*.svg=01;35:*.svgz=01;35:*.mng=01;35:*.pcx=01;35:*.mov=01;35:*.mpg=01;35:*.mpeg=01;35:*.m2v=01;35:*.mkv=01;35:*.webm=01;35:*.webp=01;35:*.ogm=01;35:*.mp4=01;35:*.m4v=01;35:*.mp4v=01;35:*.vob=01;35:*.qt=01;35:*.nuv=01;35:*.wmv=01;35:*.asf=01;35:*.rm=01;35:*.rmvb=01;35:*.flc=01;35:*.avi=01;35:*.fli=01;35:*.flv=01;35:*.gl=01;35:*.dl=01;35:*.xcf=01;35:*.xwd=01;35:*.yuv=01;35:*.cgm=01;35:*.emf=01;35:*.ogv=01;35:*.ogx=01;35:*.aac=00;36:*.au=00;36:*.flac=00;36:*.m4a=00;36:*.mid=00;36:*.midi=00;36:*.mka=00;36:*.mp3=00;36:*.mpc=00;36:*.ogg=00;36:*.ra=00;36:*.wav=00;36:*.oga=00;36:*.opus=00;36:*.spx=00;36:*.xspf=00;36:'), ('GNOME_TERMINAL_SERVICE', ':1.120'), ('SSH_AGENT_LAUNCHER', 'gnome-keyring'), ('SSH_AUTH_SOCK', '/run/user/1000/keyring/ssh'), ('AMENT_PREFIX_PATH', '/opt/ros/humble'), ('SHELL', '/bin/bash'), ('QT_ACCESSIBILITY', '1'), ('GDMSESSION', 'ubuntu'), ('LESSCLOSE', '/usr/bin/lesspipe %s %s'), ('QT_IM_MODULE', 'ibus'), ('PWD', '/home/aayush/eYRC/Software/workspace/build/shape_interface'), ('LC_ALL', 'en_US.UTF-8'), ('XDG_CONFIG_DIRS', '/etc/xdg/xdg-ubuntu:/etc/xdg'), ('XDG_DATA_DIRS', '/usr/share/ubuntu:/usr/local/share/:/usr/share/:/var/lib/snapd/desktop'), ('PYTHONPATH', '/opt/ros/humble/lib/python3.10/site-packages:/opt/ros/humble/local/lib/python3.10/dist-packages'), ('COLCON', '1'), ('VTE_VERSION', '6800'), ('CMAKE_PREFIX_PATH', '/opt/ros/humble')]), 'shell': False}
[0.022589] (task_1b) JobProgress: {'identifier': 'task_1b', 'progress': 'cmake'}
[0.023310] (task_1b) Command: {'cmd': ['/usr/bin/cmake', '/home/aayush/eYRC/Software/workspace/src/task_1b', '-DCMAKE_INSTALL_PREFIX=/home/aayush/eYRC/Software/workspace/install/task_1b'], 'cwd': '/home/aayush/eYRC/Software/workspace/build/task_1b', 'env': OrderedDict([('LESSOPEN', '| /usr/bin/lesspipe %s'), ('LANGUAGE', 'en_IN:en'), ('USER', 'aayush'), ('XDG_SESSION_TYPE', 'wayland'), ('SHLVL', '1'), ('LD_LIBRARY_PATH', '/opt/ros/humble/opt/rviz_ogre_vendor/lib:/opt/ros/humble/lib/x86_64-linux-gnu:/opt/ros/humble/lib:/opt/mujoco/lib'), ('HOME', '/home/aayush'), ('OLDPWD', '/home/aayush/eYRC'), ('DESKTOP_SESSION', 'ubuntu'), ('ROS_PYTHON_VERSION', '3'), ('GNOME_SHELL_SESSION_MODE', 'ubuntu'), ('GTK_MODULES', 'gail:atk-bridge'), ('SYSTEMD_EXEC_PID', '1531'), ('DBUS_SESSION_BUS_ADDRESS', 'unix:path=/run/user/1000/bus'), ('COLORTERM', 'truecolor'), ('IM_CONFIG_PHASE', '1'), ('WAYLAND_DISPLAY', 'wayland-0'), ('ROS_DISTRO', 'humble'), ('LOGNAME', 'aayush'), ('_', '/usr/bin/colcon'), ('ROS_VERSION', '2'), ('XDG_SESSION_CLASS', 'user'), ('MUJOCO_HOME', '/opt/mujoco'), ('USERNAME', 'aayush'), ('TERM', 'xterm-256color'), ('GNOME_DESKTOP_SESSION_ID', 'this-is-deprecated'), ('ROS_LOCALHOST_ONLY', '0'), ('PATH', '/opt/ros/humble/bin:/usr/local/sbin:/usr/local/bin:/usr/sbin:/usr/bin:/sbin:/bin:/usr/games:/usr/local/games:/snap/bin:/snap/bin:/opt/mujoco/bin'), ('SESSION_MANAGER', 'local/aayush-Inspiron-15-3530:@/tmp/.ICE-unix/1490,unix/aayush-Inspiron-15-3530:/tmp/.ICE-unix/1490'), ('XDG_MENU_PREFIX', 'gnome-'), ('GNOME_TERMINAL_SCREEN', '/org/gnome/Terminal/screen/7bff860e_c2d6_4ff4_a93f_fe6609d850c5'), ('GNOME_SETUP_DISPLAY', ':1'), ('XDG_RUNTIME_DIR', '/run/user/1000'), ('DISPLAY', ':0'), ('LANG', 'en_US.UTF-8'), ('XDG_CURRENT_DESKTOP', 'ubuntu:GNOME'), ('XMODIFIERS', '@im=ibus'), ('XDG_SESSION_DESKTOP', 'ubuntu'), ('XAUTHORITY', '/run/user/1000/.mutter-Xwaylandauth.LLYVW3'), ('LS_COLORS', 'rs=0:di=01;34:ln=01;36:mh=00:pi=40;33:so=01;35:do=01;35:bd=40;33;01:cd=40;33;01:or=40;31;01:mi=00:su=37;41:sg=30;43:ca=30;41:tw=30;42:ow=34;42:st=37;44:ex=01;32:*.tar=01;31:*.tgz=01;31:*.arc=01;31:*.arj=01;31:*.taz=01;31:*.lha=01;31:*.lz4=01;31:*.lzh=01;31:*.lzma=01;31:*.tlz=01;31:*.txz=01;31:*.tzo=01;31:*.t7z=01;31:*.zip=01;31:*.z=01;31:*.dz=01;31:*.gz=01;31:*.lrz=01;31:*.lz=01;31:*.lzo=01;31:*.xz=01;31:*.zst=01;31:*.tzst=01;31:*.bz2=01;31:*.bz=01;31:*.tbz=01;31:*.tbz2=01;31:*.tz=01;31:*.deb=01;31:*.rpm=01;31:*.jar=01;31:*.war=01;31:*.ear=01;31:*.sar=01;31:*.rar=01;31:*.alz=01;31:*.ace=01;31:*.zoo=01;31:*.cpio=01;31:*.7z=01;31:*.rz=01;31:*.cab=01;31:*.wim=01;31:*.swm=01;31:*.dwm=01;31:*.esd=01;31:*.jpg=01;35:*.jpeg=01;35:*.mjpg=01;35:*.mjpeg=01;35:*.gif=01;35:*.bmp=01;35:*.pbm=01;35:*.pgm=01;35:*.ppm=01;35:*.tga=01;35:*.xbm=01;35:*.xpm=01;35:*.tif=01;35:*.tiff=01;35:*.png=01;35:*.svg=01;35:*.svgz=01;35:*.mng=01;35:*.pcx=01;35:*.mov=01;35:*.mpg=01;35:*.mpeg=01;35:*.m2v=01;35:*.mkv=01;35:*.webm=01;35:*.webp=01;35:*.ogm=01;35:*.mp4=01;35:*.m4v=01;35:*.mp4v=01;35:*.vob=01;35:*.qt=01;35:*.nuv=01;35:*.wmv=01;35:*.asf=01;35:*.rm=01;35:*.rmvb=01;35:*.flc=01;35:*.avi=01;35:*.fli=01;35:*.flv=01;35:*.gl=01;35:*.dl=01;35:*.xcf=01;35:*.xwd=01;35:*.yuv=01;35:*.cgm=01;35:*.emf=01;35:*.ogv=01;35:*.ogx=01;35:*.aac=00;36:*.au=00;36:*.flac=00;36:*.m4a=00;36:*.mid=00;36:*.midi=00;36:*.mka=00;36:*.mp3=00;36:*.mpc=00;36:*.ogg=00;36:*.ra=00;36:*.wav=00;36:*.oga=00;36:*.opus=00;36:*.spx=00;36:*.xspf=00;36:'), ('GNOME_TERMINAL_SERVICE', ':1.120'), ('SSH_AGENT_LAUNCHER', 'gnome-keyring'), ('SSH_AUTH_SOCK', '/run/user/1000/keyring/ssh'), ('AMENT_PREFIX_PATH', '/opt/ros/humble'), ('SHELL', '/bin/bash'), ('QT_ACCESSIBILITY', '1'), ('GDMSESSION', 'ubuntu'), ('LESSCLOSE', '/usr/bin/lesspipe %s %s'), ('QT_IM_MODULE', 'ibus'), ('PWD', '/home/aayush/eYRC/Software/workspace/build/task_1b'), ('LC_ALL', 'en_US.UTF-8'), ('XDG_CONFIG_DIRS', '/etc/xdg/xdg-ubuntu:/etc/xdg'), ('XDG_DATA_DIRS', '/usr/share/ubuntu:/usr/local/share/:/usr/share/:/var/lib/snapd/desktop'), ('PYTHONPATH', '/opt/ros/humble/lib/python3.10/site-packages:/opt/ros/humble/local/lib/python3.10/dist-packages'), ('COLCON', '1'), ('VTE_VERSION', '6800'), ('CMAKE_PREFIX_PATH', '/opt/ros/humble')]), 'shell': False}
[0.099246] (-) TimerEvent: {}
[0.199705] (-) TimerEvent: {}
[0.223138] (task_1b) StdoutLine: {'line': b'-- The C compiler identification is GNU 11.4.0\n'}
[0.224870] (shape_interface) StdoutLine: {'line': b'-- The C compiler identification is GNU 11.4.0\n'}
[0.299852] (-) TimerEvent: {}
[0.400340] (-) TimerEvent: {}
[0.416529] (task_1b) StdoutLine: {'line': b'-- The CXX compiler identification is GNU 11.4.0\n'}
[0.418923] (shape_interface) StdoutLine: {'line': b'-- The CXX compiler identification is GNU 11.4.0\n'}
[0.475077] (shape_interface) StdoutLine: {'line': b'-- Detecting C compiler ABI info\n'}
[0.475427] (task_1b) StdoutLine: {'line': b'-- Detecting C compiler ABI info\n'}
[0.500429] (-) TimerEvent: {}
[0.600771] (-) TimerEvent: {}
[0.601443] (task_1b) StdoutLine: {'line': b'-- Detecting C compiler ABI info - done\n'}
[0.606883] (shape_interface) StdoutLine: {'line': b'-- Detecting C compiler ABI info - done\n'}
[0.613822] (task_1b) StdoutLine: {'line': b'-- Check for working C compiler: /usr/bin/cc - skipped\n'}
[0.616393] (task_1b) StdoutLine: {'line': b'-- Detecting C compile features\n'}
[0.617697] (task_1b) StdoutLine: {'line': b'-- Detecting C compile features - done\n'}
[0.618211] (shape_interface) StdoutLine: {'line': b'-- Check for working C compiler: /usr/bin/cc - skipped\n'}
[0.618541] (shape_interface) StdoutLine: {'line': b'-- Detecting C compile features\n'}
[0.619093] (shape_interface) StdoutLine: {'line': b'-- Detecting C compile features - done\n'}
[0.623823] (task_1b) StdoutLine: {'line': b'-- Detecting CXX compiler ABI info\n'}
[0.625820] (shape_interface) StdoutLine: {'line': b'-- Detecting CXX compiler ABI info\n'}
[0.701059] (-) TimerEvent: {}
[0.788295] (task_1b) StdoutLine: {'line': b'-- Detecting CXX compiler ABI info - done\n'}
[0.800256] (task_1b) StdoutLine: {'line': b'-- Check for working CXX compiler: /usr/bin/c++ - skipped\n'}
[0.800489] (task_1b) StdoutLine: {'line': b'-- Detecting CXX compile features\n'}
[0.800580] (task_1b) StdoutLine: {'line': b'-- Detecting CXX compile features - done\n'}
[0.801122] (-) TimerEvent: {}
[0.802995] (shape_interface) StdoutLine: {'line': b'-- Detecting CXX compiler ABI info - done\n'}
[0.806061] (task_1b) StdoutLine: {'line': b'-- Found ament_cmake: 1.3.14 (/opt/ros/humble/share/ament_cmake/cmake)\n'}
[0.815620] (shape_interface) StdoutLine: {'line': b'-- Check for working CXX compiler: /usr/bin/c++ - skipped\n'}
[0.815991] (shape_interface) StdoutLine: {'line': b'-- Detecting CXX compile features\n'}
[0.816666] (shape_interface) StdoutLine: {'line': b'-- Detecting CXX compile features - done\n'}
[0.819278] (shape_interface) StdoutLine: {'line': b'-- Found ament_cmake: 1.3.14 (/opt/ros/humble/share/ament_cmake/cmake)\n'}
[0.901239] (-) TimerEvent: {}
[1.001584] (-) TimerEvent: {}
[1.022125] (shape_interface) StdoutLine: {'line': b'-- Found Python3: /usr/bin/python3 (found version "3.10.12") found components: Interpreter \n'}
[1.054406] (task_1b) StdoutLine: {'line': b'-- Found Python3: /usr/bin/python3 (found version "3.10.12") found components: Interpreter \n'}
[1.101756] (-) TimerEvent: {}
[1.140725] (shape_interface) StdoutLine: {'line': b'-- Found rosidl_default_generators: 1.2.1 (/opt/ros/humble/share/rosidl_default_generators/cmake)\n'}
[1.146549] (shape_interface) StdoutLine: {'line': b'-- Using all available rosidl_typesupport_c: rosidl_typesupport_fastrtps_c;rosidl_typesupport_introspection_c\n'}
[1.154272] (shape_interface) StdoutLine: {'line': b'-- Found rosidl_adapter: 3.1.9 (/opt/ros/humble/share/rosidl_adapter/cmake)\n'}
[1.201897] (-) TimerEvent: {}
[1.227907] (shape_interface) StdoutLine: {'line': b'-- Using all available rosidl_typesupport_cpp: rosidl_typesupport_fastrtps_cpp;rosidl_typesupport_introspection_cpp\n'}
[1.302007] (-) TimerEvent: {}
[1.362174] (task_1b) StdoutLine: {'line': b'-- Configuring done\n'}
[1.364666] (task_1b) StdoutLine: {'line': b'-- Generating done\n'}
[1.366381] (task_1b) StdoutLine: {'line': b'-- Build files have been written to: /home/aayush/eYRC/Software/workspace/build/task_1b\n'}
[1.370054] (task_1b) CommandEnded: {'returncode': 0}
[1.370707] (task_1b) JobProgress: {'identifier': 'task_1b', 'progress': 'build'}
[1.371745] (task_1b) Command: {'cmd': ['/usr/bin/cmake', '--build', '/home/aayush/eYRC/Software/workspace/build/task_1b', '--', '-j6', '-l6'], 'cwd': '/home/aayush/eYRC/Software/workspace/build/task_1b', 'env': OrderedDict([('LESSOPEN', '| /usr/bin/lesspipe %s'), ('LANGUAGE', 'en_IN:en'), ('USER', 'aayush'), ('XDG_SESSION_TYPE', 'wayland'), ('SHLVL', '1'), ('LD_LIBRARY_PATH', '/opt/ros/humble/opt/rviz_ogre_vendor/lib:/opt/ros/humble/lib/x86_64-linux-gnu:/opt/ros/humble/lib:/opt/mujoco/lib'), ('HOME', '/home/aayush'), ('OLDPWD', '/home/aayush/eYRC'), ('DESKTOP_SESSION', 'ubuntu'), ('ROS_PYTHON_VERSION', '3'), ('GNOME_SHELL_SESSION_MODE', 'ubuntu'), ('GTK_MODULES', 'gail:atk-bridge'), ('SYSTEMD_EXEC_PID', '1531'), ('DBUS_SESSION_BUS_ADDRESS', 'unix:path=/run/user/1000/bus'), ('COLORTERM', 'truecolor'), ('IM_CONFIG_PHASE', '1'), ('WAYLAND_DISPLAY', 'wayland-0'), ('ROS_DISTRO', 'humble'), ('LOGNAME', 'aayush'), ('_', '/usr/bin/colcon'), ('ROS_VERSION', '2'), ('XDG_SESSION_CLASS', 'user'), ('MUJOCO_HOME', '/opt/mujoco'), ('USERNAME', 'aayush'), ('TERM', 'xterm-256color'), ('GNOME_DESKTOP_SESSION_ID', 'this-is-deprecated'), ('ROS_LOCALHOST_ONLY', '0'), ('PATH', '/opt/ros/humble/bin:/usr/local/sbin:/usr/local/bin:/usr/sbin:/usr/bin:/sbin:/bin:/usr/games:/usr/local/games:/snap/bin:/snap/bin:/opt/mujoco/bin'), ('SESSION_MANAGER', 'local/aayush-Inspiron-15-3530:@/tmp/.ICE-unix/1490,unix/aayush-Inspiron-15-3530:/tmp/.ICE-unix/1490'), ('XDG_MENU_PREFIX', 'gnome-'), ('GNOME_TERMINAL_SCREEN', '/org/gnome/Terminal/screen/7bff860e_c2d6_4ff4_a93f_fe6609d850c5'), ('GNOME_SETUP_DISPLAY', ':1'), ('XDG_RUNTIME_DIR', '/run/user/1000'), ('DISPLAY', ':0'), ('LANG', 'en_US.UTF-8'), ('XDG_CURRENT_DESKTOP', 'ubuntu:GNOME'), ('XMODIFIERS', '@im=ibus'), ('XDG_SESSION_DESKTOP', 'ubuntu'), ('XAUTHORITY', '/run/user/1000/.mutter-Xwaylandauth.LLYVW3'), ('LS_COLORS', 'rs=0:di=01;34:ln=01;36:mh=00:pi=40;33:so=01;35:do=01;35:bd=40;33;01:cd=40;33;01:or=40;31;01:mi=00:su=37;41:sg=30;43:ca=30;41:tw=30;42:ow=34;42:st=37;44:ex=01;32:*.tar=01;31:*.tgz=01;31:*.arc=01;31:*.arj=01;31:*.taz=01;31:*.lha=01;31:*.lz4=01;31:*.lzh=01;31:*.lzma=01;31:*.tlz=01;31:*.txz=01;31:*.tzo=01;31:*.t7z=01;31:*.zip=01;31:*.z=01;31:*.dz=01;31:*.gz=01;31:*.lrz=01;31:*.lz=01;31:*.lzo=01;31:*.xz=01;31:*.zst=01;31:*.tzst=01;31:*.bz2=01;31:*.bz=01;31:*.tbz=01;31:*.tbz2=01;31:*.tz=01;31:*.deb=01;31:*.rpm=01;31:*.jar=01;31:*.war=01;31:*.ear=01;31:*.sar=01;31:*.rar=01;31:*.alz=01;31:*.ace=01;31:*.zoo=01;31:*.cpio=01;31:*.7z=01;31:*.rz=01;31:*.cab=01;31:*.wim=01;31:*.swm=01;31:*.dwm=01;31:*.esd=01;31:*.jpg=01;35:*.jpeg=01;35:*.mjpg=01;35:*.mjpeg=01;35:*.gif=01;35:*.bmp=01;35:*.pbm=01;35:*.pgm=01;35:*.ppm=01;35:*.tga=01;35:*.xbm=01;35:*.xpm=01;35:*.tif=01;35:*.tiff=01;35:*.png=01;35:*.svg=01;35:*.svgz=01;35:*.mng=01;35:*.pcx=01;35:*.mov=01;35:*.mpg=01;35:*.mpeg=01;35:*.m2v=01;35:*.mkv=01;35:*.webm=01;35:*.webp=01;35:*.ogm=01;35:*.mp4=01;35:*.m4v=01;35:*.mp4v=01;35:*.vob=01;35:*.qt=01;35:*.nuv=01;35:*.wmv=01;35:*.asf=01;35:*.rm=01;35:*.rmvb=01;35:*.flc=01;35:*.avi=01;35:*.fli=01;35:*.flv=01;35:*.gl=01;35:*.dl=01;35:*.xcf=01;35:*.xwd=01;35:*.yuv=01;35:*.cgm=01;35:*.emf=01;35:*.ogv=01;35:*.ogx=01;35:*.aac=00;36:*.au=00;36:*.flac=00;36:*.m4a=00;36:*.mid=00;36:*.midi=00;36:*.mka=00;36:*.mp3=00;36:*.mpc=00;36:*.ogg=00;36:*.ra=00;36:*.wav=00;36:*.oga=00;36:*.opus=00;36:*.spx=00;36:*.xspf=00;36:'), ('GNOME_TERMINAL_SERVICE', ':1.120'), ('SSH_AGENT_LAUNCHER', 'gnome-keyring'), ('SSH_AUTH_SOCK', '/run/user/1000/keyring/ssh'), ('AMENT_PREFIX_PATH', '/opt/ros/humble'), ('SHELL', '/bin/bash'), ('QT_ACCESSIBILITY', '1'), ('GDMSESSION', 'ubuntu'), ('LESSCLOSE', '/usr/bin/lesspipe %s %s'), ('QT_IM_MODULE', 'ibus'), ('PWD', '/home/aayush/eYRC/Software/workspace/build/task_1b'), ('LC_ALL', 'en_US.UTF-8'), ('XDG_CONFIG_DIRS', '/etc/xdg/xdg-ubuntu:/etc/xdg'), ('XDG_DATA_DIRS', '/usr/share/ubuntu:/usr/local/share/:/usr/share/:/var/lib/snapd/desktop'), ('PYTHONPATH', '/opt/ros/humble/lib/python3.10/site-packages:/opt/ros/humble/local/lib/python3.10/dist-packages'), ('COLCON', '1'), ('VTE_VERSION', '6800'), ('CMAKE_PREFIX_PATH', '/opt/ros/humble')]), 'shell': False}
[1.402171] (-) TimerEvent: {}
[1.433398] (task_1b) StdoutLine: {'line': b'Built target ament_cmake_python_copy_task_1b\n'}
[1.502309] (-) TimerEvent: {}
[1.549810] (shape_interface) StdoutLine: {'line': b'-- Found ament_cmake_ros: 0.10.1 (/opt/ros/humble/share/ament_cmake_ros/cmake)\n'}
[1.602543] (-) TimerEvent: {}
[1.702874] (-) TimerEvent: {}
[1.724365] (shape_interface) StdoutLine: {'line': b'-- Using all available rosidl_typesupport_c: rosidl_typesupport_fastrtps_c;rosidl_typesupport_introspection_c\n'}
[1.763648] (task_1b) StdoutLine: {'line': b'running egg_info\n'}
[1.764316] (task_1b) StdoutLine: {'line': b'creating task_1b.egg-info\n'}
[1.764490] (task_1b) StdoutLine: {'line': b'writing task_1b.egg-info/PKG-INFO\n'}
[1.764696] (task_1b) StdoutLine: {'line': b'writing dependency_links to task_1b.egg-info/dependency_links.txt\n'}
[1.764841] (task_1b) StdoutLine: {'line': b'writing top-level names to task_1b.egg-info/top_level.txt\n'}
[1.765126] (task_1b) StdoutLine: {'line': b"writing manifest file 'task_1b.egg-info/SOURCES.txt'\n"}
[1.768128] (task_1b) StdoutLine: {'line': b"reading manifest file 'task_1b.egg-info/SOURCES.txt'\n"}
[1.768430] (task_1b) StdoutLine: {'line': b"writing manifest file 'task_1b.egg-info/SOURCES.txt'\n"}
[1.792073] (task_1b) StdoutLine: {'line': b'Built target ament_cmake_python_build_task_1b_egg\n'}
[1.801572] (task_1b) CommandEnded: {'returncode': 0}
[1.802443] (task_1b) JobProgress: {'identifier': 'task_1b', 'progress': 'install'}
[1.802933] (-) TimerEvent: {}
[1.809774] (task_1b) Command: {'cmd': ['/usr/bin/cmake', '--install', '/home/aayush/eYRC/Software/workspace/build/task_1b'], 'cwd': '/home/aayush/eYRC/Software/workspace/build/task_1b', 'env': OrderedDict([('LESSOPEN', '| /usr/bin/lesspipe %s'), ('LANGUAGE', 'en_IN:en'), ('USER', 'aayush'), ('XDG_SESSION_TYPE', 'wayland'), ('SHLVL', '1'), ('LD_LIBRARY_PATH', '/opt/ros/humble/opt/rviz_ogre_vendor/lib:/opt/ros/humble/lib/x86_64-linux-gnu:/opt/ros/humble/lib:/opt/mujoco/lib'), ('HOME', '/home/aayush'), ('OLDPWD', '/home/aayush/eYRC'), ('DESKTOP_SESSION', 'ubuntu'), ('ROS_PYTHON_VERSION', '3'), ('GNOME_SHELL_SESSION_MODE', 'ubuntu'), ('GTK_MODULES', 'gail:atk-bridge'), ('SYSTEMD_EXEC_PID', '1531'), ('DBUS_SESSION_BUS_ADDRESS', 'unix:path=/run/user/1000/bus'), ('COLORTERM', 'truecolor'), ('IM_CONFIG_PHASE', '1'), ('WAYLAND_DISPLAY', 'wayland-0'), ('ROS_DISTRO', 'humble'), ('LOGNAME', 'aayush'), ('_', '/usr/bin/colcon'), ('ROS_VERSION', '2'), ('XDG_SESSION_CLASS', 'user'), ('MUJOCO_HOME', '/opt/mujoco'), ('USERNAME', 'aayush'), ('TERM', 'xterm-256color'), ('GNOME_DESKTOP_SESSION_ID', 'this-is-deprecated'), ('ROS_LOCALHOST_ONLY', '0'), ('PATH', '/opt/ros/humble/bin:/usr/local/sbin:/usr/local/bin:/usr/sbin:/usr/bin:/sbin:/bin:/usr/games:/usr/local/games:/snap/bin:/snap/bin:/opt/mujoco/bin'), ('SESSION_MANAGER', 'local/aayush-Inspiron-15-3530:@/tmp/.ICE-unix/1490,unix/aayush-Inspiron-15-3530:/tmp/.ICE-unix/1490'), ('XDG_MENU_PREFIX', 'gnome-'), ('GNOME_TERMINAL_SCREEN', '/org/gnome/Terminal/screen/7bff860e_c2d6_4ff4_a93f_fe6609d850c5'), ('GNOME_SETUP_DISPLAY', ':1'), ('XDG_RUNTIME_DIR', '/run/user/1000'), ('DISPLAY', ':0'), ('LANG', 'en_US.UTF-8'), ('XDG_CURRENT_DESKTOP', 'ubuntu:GNOME'), ('XMODIFIERS', '@im=ibus'), ('XDG_SESSION_DESKTOP', 'ubuntu'), ('XAUTHORITY', '/run/user/1000/.mutter-Xwaylandauth.LLYVW3'), ('LS_COLORS', 'rs=0:di=01;34:ln=01;36:mh=00:pi=40;33:so=01;35:do=01;35:bd=40;33;01:cd=40;33;01:or=40;31;01:mi=00:su=37;41:sg=30;43:ca=30;41:tw=30;42:ow=34;42:st=37;44:ex=01;32:*.tar=01;31:*.tgz=01;31:*.arc=01;31:*.arj=01;31:*.taz=01;31:*.lha=01;31:*.lz4=01;31:*.lzh=01;31:*.lzma=01;31:*.tlz=01;31:*.txz=01;31:*.tzo=01;31:*.t7z=01;31:*.zip=01;31:*.z=01;31:*.dz=01;31:*.gz=01;31:*.lrz=01;31:*.lz=01;31:*.lzo=01;31:*.xz=01;31:*.zst=01;31:*.tzst=01;31:*.bz2=01;31:*.bz=01;31:*.tbz=01;31:*.tbz2=01;31:*.tz=01;31:*.deb=01;31:*.rpm=01;31:*.jar=01;31:*.war=01;31:*.ear=01;31:*.sar=01;31:*.rar=01;31:*.alz=01;31:*.ace=01;31:*.zoo=01;31:*.cpio=01;31:*.7z=01;31:*.rz=01;31:*.cab=01;31:*.wim=01;31:*.swm=01;31:*.dwm=01;31:*.esd=01;31:*.jpg=01;35:*.jpeg=01;35:*.mjpg=01;35:*.mjpeg=01;35:*.gif=01;35:*.bmp=01;35:*.pbm=01;35:*.pgm=01;35:*.ppm=01;35:*.tga=01;35:*.xbm=01;35:*.xpm=01;35:*.tif=01;35:*.tiff=01;35:*.png=01;35:*.svg=01;35:*.svgz=01;35:*.mng=01;35:*.pcx=01;35:*.mov=01;35:*.mpg=01;35:*.mpeg=01;35:*.m2v=01;35:*.mkv=01;35:*.webm=01;35:*.webp=01;35:*.ogm=01;35:*.mp4=01;35:*.m4v=01;35:*.mp4v=01;35:*.vob=01;35:*.qt=01;35:*.nuv=01;35:*.wmv=01;35:*.asf=01;35:*.rm=01;35:*.rmvb=01;35:*.flc=01;35:*.avi=01;35:*.fli=01;35:*.flv=01;35:*.gl=01;35:*.dl=01;35:*.xcf=01;35:*.xwd=01;35:*.yuv=01;35:*.cgm=01;35:*.emf=01;35:*.ogv=01;35:*.ogx=01;35:*.aac=00;36:*.au=00;36:*.flac=00;36:*.m4a=00;36:*.mid=00;36:*.midi=00;36:*.mka=00;36:*.mp3=00;36:*.mpc=00;36:*.ogg=00;36:*.ra=00;36:*.wav=00;36:*.oga=00;36:*.opus=00;36:*.spx=00;36:*.xspf=00;36:'), ('GNOME_TERMINAL_SERVICE', ':1.120'), ('SSH_AGENT_LAUNCHER', 'gnome-keyring'), ('SSH_AUTH_SOCK', '/run/user/1000/keyring/ssh'), ('AMENT_PREFIX_PATH', '/opt/ros/humble'), ('SHELL', '/bin/bash'), ('QT_ACCESSIBILITY', '1'), ('GDMSESSION', 'ubuntu'), ('LESSCLOSE', '/usr/bin/lesspipe %s %s'), ('QT_IM_MODULE', 'ibus'), ('PWD', '/home/aayush/eYRC/Software/workspace/build/task_1b'), ('LC_ALL', 'en_US.UTF-8'), ('XDG_CONFIG_DIRS', '/etc/xdg/xdg-ubuntu:/etc/xdg'), ('XDG_DATA_DIRS', '/usr/share/ubuntu:/usr/local/share/:/usr/share/:/var/lib/snapd/desktop'), ('PYTHONPATH', '/opt/ros/humble/lib/python3.10/site-packages:/opt/ros/humble/local/lib/python3.10/dist-packages'), ('COLCON', '1'), ('VTE_VERSION', '6800'), ('CMAKE_PREFIX_PATH', '/opt/ros/humble')]), 'shell': False}
[1.818521] (task_1b) StdoutLine: {'line': b'-- Install configuration: ""\n'}
[1.818790] (task_1b) StdoutLine: {'line': b'-- Installing: /home/aayush/eYRC/Software/workspace/install/task_1b/share/task_1b/environment/pythonpath.sh\n'}
[1.818919] (task_1b) StdoutLine: {'line': b'-- Installing: /home/aayush/eYRC/Software/workspace/install/task_1b/share/task_1b/environment/pythonpath.dsv\n'}
[1.819155] (task_1b) StdoutLine: {'line': b'-- Installing: /home/aayush/eYRC/Software/workspace/install/task_1b/local/lib/python3.10/dist-packages/task_1b-0.0.1-py3.10.egg-info\n'}
[1.819317] (task_1b) StdoutLine: {'line': b'-- Installing: /home/aayush/eYRC/Software/workspace/install/task_1b/local/lib/python3.10/dist-packages/task_1b-0.0.1-py3.10.egg-info/SOURCES.txt\n'}
[1.819423] (task_1b) StdoutLine: {'line': b'-- Installing: /home/aayush/eYRC/Software/workspace/install/task_1b/local/lib/python3.10/dist-packages/task_1b-0.0.1-py3.10.egg-info/top_level.txt\n'}
[1.819519] (task_1b) StdoutLine: {'line': b'-- Installing: /home/aayush/eYRC/Software/workspace/install/task_1b/local/lib/python3.10/dist-packages/task_1b-0.0.1-py3.10.egg-info/PKG-INFO\n'}
[1.819634] (task_1b) StdoutLine: {'line': b'-- Installing: /home/aayush/eYRC/Software/workspace/install/task_1b/local/lib/python3.10/dist-packages/task_1b-0.0.1-py3.10.egg-info/dependency_links.txt\n'}
[1.819722] (task_1b) StdoutLine: {'line': b'-- Installing: /home/aayush/eYRC/Software/workspace/install/task_1b/local/lib/python3.10/dist-packages/task_1b\n'}
[1.819807] (task_1b) StdoutLine: {'line': b'-- Installing: /home/aayush/eYRC/Software/workspace/install/task_1b/local/lib/python3.10/dist-packages/task_1b/__init__.py\n'}
[1.819921] (task_1b) StdoutLine: {'line': b'-- Installing: /home/aayush/eYRC/Software/workspace/install/task_1b/local/lib/python3.10/dist-packages/task_1b/inverse_kinematics.py\n'}
[1.847268] (task_1b) StdoutLine: {'line': b"Listing '/home/aayush/eYRC/Software/workspace/install/task_1b/local/lib/python3.10/dist-packages/task_1b'...\n"}
[1.847648] (task_1b) StdoutLine: {'line': b"Compiling '/home/aayush/eYRC/Software/workspace/install/task_1b/local/lib/python3.10/dist-packages/task_1b/__init__.py'...\n"}
[1.847901] (task_1b) StdoutLine: {'line': b"Compiling '/home/aayush/eYRC/Software/workspace/install/task_1b/local/lib/python3.10/dist-packages/task_1b/inverse_kinematics.py'...\n"}
[1.851631] (task_1b) StdoutLine: {'line': b'-- Installing: /home/aayush/eYRC/Software/workspace/install/task_1b/lib/task_1b/inverse_kinematics\n'}
[1.851888] (task_1b) StdoutLine: {'line': b'-- Installing: /home/aayush/eYRC/Software/workspace/install/task_1b/lib/task_1b/cmd_vel_publisher\n'}
[1.856239] (task_1b) StdoutLine: {'line': b'-- Installing: /home/aayush/eYRC/Software/workspace/install/task_1b/share/ament_index/resource_index/package_run_dependencies/task_1b\n'}
[1.856432] (task_1b) StdoutLine: {'line': b'-- Installing: /home/aayush/eYRC/Software/workspace/install/task_1b/share/ament_index/resource_index/parent_prefix_path/task_1b\n'}
[1.856614] (task_1b) StdoutLine: {'line': b'-- Installing: /home/aayush/eYRC/Software/workspace/install/task_1b/share/task_1b/environment/ament_prefix_path.sh\n'}
[1.856718] (task_1b) StdoutLine: {'line': b'-- Installing: /home/aayush/eYRC/Software/workspace/install/task_1b/share/task_1b/environment/ament_prefix_path.dsv\n'}
[1.857019] (task_1b) StdoutLine: {'line': b'-- Installing: /home/aayush/eYRC/Software/workspace/install/task_1b/share/task_1b/environment/path.sh\n'}
[1.857119] (task_1b) StdoutLine: {'line': b'-- Installing: /home/aayush/eYRC/Software/workspace/install/task_1b/share/task_1b/environment/path.dsv\n'}
[1.857250] (task_1b) StdoutLine: {'line': b'-- Installing: /home/aayush/eYRC/Software/workspace/install/task_1b/share/task_1b/local_setup.bash\n'}
[1.857401] (task_1b) StdoutLine: {'line': b'-- Installing: /home/aayush/eYRC/Software/workspace/install/task_1b/share/task_1b/local_setup.sh\n'}
[1.857571] (task_1b) StdoutLine: {'line': b'-- Installing: /home/aayush/eYRC/Software/workspace/install/task_1b/share/task_1b/local_setup.zsh\n'}
[1.857666] (task_1b) StdoutLine: {'line': b'-- Installing: /home/aayush/eYRC/Software/workspace/install/task_1b/share/task_1b/local_setup.dsv\n'}
[1.857817] (task_1b) StdoutLine: {'line': b'-- Installing: /home/aayush/eYRC/Software/workspace/install/task_1b/share/task_1b/package.dsv\n'}
[1.858039] (task_1b) StdoutLine: {'line': b'-- Installing: /home/aayush/eYRC/Software/workspace/install/task_1b/share/ament_index/resource_index/packages/task_1b\n'}
[1.858229] (task_1b) StdoutLine: {'line': b'-- Installing: /home/aayush/eYRC/Software/workspace/install/task_1b/share/task_1b/cmake/task_1bConfig.cmake\n'}
[1.858362] (task_1b) StdoutLine: {'line': b'-- Installing: /home/aayush/eYRC/Software/workspace/install/task_1b/share/task_1b/cmake/task_1bConfig-version.cmake\n'}
[1.858571] (task_1b) StdoutLine: {'line': b'-- Installing: /home/aayush/eYRC/Software/workspace/install/task_1b/share/task_1b/package.xml\n'}
[1.860962] (task_1b) CommandEnded: {'returncode': 0}
[1.884216] (task_1b) JobEnded: {'identifier': 'task_1b', 'rc': 0}
[1.903077] (-) TimerEvent: {}
[2.003412] (-) TimerEvent: {}
[2.043130] (shape_interface) StdoutLine: {'line': b'-- Using all available rosidl_typesupport_cpp: rosidl_typesupport_fastrtps_cpp;rosidl_typesupport_introspection_cpp\n'}
[2.061946] (shape_interface) StdoutLine: {'line': b'-- Found PythonInterp: /usr/bin/python3 (found suitable version "3.10.12", minimum required is "3.6") \n'}
[2.103657] (-) TimerEvent: {}
[2.134752] (shape_interface) StdoutLine: {'line': b'-- Found python_cmake_module: 0.10.0 (/opt/ros/humble/share/python_cmake_module/cmake)\n'}
[2.164037] (shape_interface) StdoutLine: {'line': b'-- Found PythonLibs: /usr/lib/x86_64-linux-gnu/libpython3.10.so (found suitable version "3.10.12", minimum required is "3.5") \n'}
[2.164236] (shape_interface) StdoutLine: {'line': b'-- Using PYTHON_EXECUTABLE: /usr/bin/python3\n'}
[2.164310] (shape_interface) StdoutLine: {'line': b'-- Using PYTHON_INCLUDE_DIRS: /usr/include/python3.10\n'}
[2.164383] (shape_interface) StdoutLine: {'line': b'-- Using PYTHON_LIBRARIES: /usr/lib/x86_64-linux-gnu/libpython3.10.so\n'}
[2.178806] (shape_interface) StdoutLine: {'line': b'-- Found PythonExtra: .so  \n'}
[2.204078] (-) TimerEvent: {}
[2.257280] (shape_interface) StdoutLine: {'line': b'-- Found ament_lint_auto: 0.12.15 (/opt/ros/humble/share/ament_lint_auto/cmake)\n'}
[2.276393] (shape_interface) StdoutLine: {'line': b"-- Added test 'lint_cmake' to check CMake code style\n"}
[2.277499] (shape_interface) StdoutLine: {'line': b"-- Added test 'xmllint' to check XML markup files\n"}
[2.279141] (shape_interface) StdoutLine: {'line': b'-- Configuring done\n'}
[2.304023] (shape_interface) StdoutLine: {'line': b'-- Generating done\n'}
[2.304255] (-) TimerEvent: {}
[2.312693] (shape_interface) StdoutLine: {'line': b'-- Build files have been written to: /home/aayush/eYRC/Software/workspace/build/shape_interface\n'}
[2.319342] (shape_interface) CommandEnded: {'returncode': 0}
[2.319995] (shape_interface) JobProgress: {'identifier': 'shape_interface', 'progress': 'build'}
[2.320301] (shape_interface) Command: {'cmd': ['/usr/bin/cmake', '--build', '/home/aayush/eYRC/Software/workspace/build/shape_interface', '--', '-j6', '-l6'], 'cwd': '/home/aayush/eYRC/Software/workspace/build/shape_interface', 'env': OrderedDict([('LESSOPEN', '| /usr/bin/lesspipe %s'), ('LANGUAGE', 'en_IN:en'), ('USER', 'aayush'), ('XDG_SESSION_TYPE', 'wayland'), ('SHLVL', '1'), ('LD_LIBRARY_PATH', '/opt/ros/humble/opt/rviz_ogre_vendor/lib:/opt/ros/humble/lib/x86_64-linux-gnu:/opt/ros/humble/lib:/opt/mujoco/lib'), ('HOME', '/home/aayush'), ('OLDPWD', '/home/aayush/eYRC'), ('DESKTOP_SESSION', 'ubuntu'), ('ROS_PYTHON_VERSION', '3'), ('GNOME_SHELL_SESSION_MODE', 'ubuntu'), ('GTK_MODULES', 'gail:atk-bridge'), ('SYSTEMD_EXEC_PID', '1531'), ('DBUS_SESSION_BUS_ADDRESS', 'unix:path=/run/user/1000/bus'), ('COLORTERM', 'truecolor'), ('IM_CONFIG_PHASE', '1'), ('WAYLAND_DISPLAY', 'wayland-0'), ('ROS_DISTRO', 'humble'), ('LOGNAME', 'aayush'), ('_', '/usr/bin/colcon'), ('ROS_VERSION', '2'), ('XDG_SESSION_CLASS', 'user'), ('MUJOCO_HOME', '/opt/mujoco'), ('USERNAME', 'aayush'), ('TERM', 'xterm-256color'), ('GNOME_DESKTOP_SESSION_ID', 'this-is-deprecated'), ('ROS_LOCALHOST_ONLY', '0'), ('PATH', '/opt/ros/humble/bin:/usr/local/sbin:/usr/local/bin:/usr/sbin:/usr/bin:/sbin:/bin:/usr/games:/usr/local/games:/snap/bin:/snap/bin:/opt/mujoco/bin'), ('SESSION_MANAGER', 'local/aayush-Inspiron-15-3530:@/tmp/.ICE-unix/1490,unix/aayush-Inspiron-15-3530:/tmp/.ICE-unix/1490'), ('XDG_MENU_PREFIX', 'gnome-'), ('GNOME_TERMINAL_SCREEN', '/org/gnome/Terminal/screen/7bff860e_c2d6_4ff4_a93f_fe6609d850c5'), ('GNOME_SETUP_DISPLAY', ':1'), ('XDG_RUNTIME_DIR', '/run/user/1000'), ('DISPLAY', ':0'), ('LANG', 'en_US.UTF-8'), ('XDG_CURRENT_DESKTOP', 'ubuntu:GNOME'), ('XMODIFIERS', '@im=ibus'), ('XDG_SESSION_DESKTOP', 'ubuntu'), ('XAUTHORITY', '/run/user/1000/.mutter-Xwaylandauth.LLYVW3'), ('LS_COLORS', 'rs=0:di=01;34:ln=01;36:mh=00:pi=40;33:so=01;35:do=01;35:bd=40;33;01:cd=40;33;01:or=40;31;01:mi=00:su=37;41:sg=30;43:ca=30;41:tw=30;42:ow=34;42:st=37;44:ex=01;32:*.tar=01;31:*.tgz=01;31:*.arc=01;31:*.arj=01;31:*.taz=01;31:*.lha=01;31:*.lz4=01;31:*.lzh=01;31:*.lzma=01;31:*.tlz=01;31:*.txz=01;31:*.tzo=01;31:*.t7z=01;31:*.zip=01;31:*.z=01;31:*.dz=01;31:*.gz=01;31:*.lrz=01;31:*.lz=01;31:*.lzo=01;31:*.xz=01;31:*.zst=01;31:*.tzst=01;31:*.bz2=01;31:*.bz=01;31:*.tbz=01;31:*.tbz2=01;31:*.tz=01;31:*.deb=01;31:*.rpm=01;31:*.jar=01;31:*.war=01;31:*.ear=01;31:*.sar=01;31:*.rar=01;31:*.alz=01;31:*.ace=01;31:*.zoo=01;31:*.cpio=01;31:*.7z=01;31:*.rz=01;31:*.cab=01;31:*.wim=01;31:*.swm=01;31:*.dwm=01;31:*.esd=01;31:*.jpg=01;35:*.jpeg=01;35:*.mjpg=01;35:*.mjpeg=01;35:*.gif=01;35:*.bmp=01;35:*.pbm=01;35:*.pgm=01;35:*.ppm=01;35:*.tga=01;35:*.xbm=01;35:*.xpm=01;35:*.tif=01;35:*.tiff=01;35:*.png=01;35:*.svg=01;35:*.svgz=01;35:*.mng=01;35:*.pcx=01;35:*.mov=01;35:*.mpg=01;35:*.mpeg=01;35:*.m2v=01;35:*.mkv=01;35:*.webm=01;35:*.webp=01;35:*.ogm=01;35:*.mp4=01;35:*.m4v=01;35:*.mp4v=01;35:*.vob=01;35:*.qt=01;35:*.nuv=01;35:*.wmv=01;35:*.asf=01;35:*.rm=01;35:*.rmvb=01;35:*.flc=01;35:*.avi=01;35:*.fli=01;35:*.flv=01;35:*.gl=01;35:*.dl=01;35:*.xcf=01;35:*.xwd=01;35:*.yuv=01;35:*.cgm=01;35:*.emf=01;35:*.ogv=01;35:*.ogx=01;35:*.aac=00;36:*.au=00;36:*.flac=00;36:*.m4a=00;36:*.mid=00;36:*.midi=00;36:*.mka=00;36:*.mp3=00;36:*.mpc=00;36:*.ogg=00;36:*.ra=00;36:*.wav=00;36:*.oga=00;36:*.opus=00;36:*.spx=00;36:*.xspf=00;36:'), ('GNOME_TERMINAL_SERVICE', ':1.120'), ('SSH_AGENT_LAUNCHER', 'gnome-keyring'), ('SSH_AUTH_SOCK', '/run/user/1000/keyring/ssh'), ('AMENT_PREFIX_PATH', '/opt/ros/humble'), ('SHELL', '/bin/bash'), ('QT_ACCESSIBILITY', '1'), ('GDMSESSION', 'ubuntu'), ('LESSCLOSE', '/usr/bin/lesspipe %s %s'), ('QT_IM_MODULE', 'ibus'), ('PWD', '/home/aayush/eYRC/Software/workspace/build/shape_interface'), ('LC_ALL', 'en_US.UTF-8'), ('XDG_CONFIG_DIRS', '/etc/xdg/xdg-ubuntu:/etc/xdg'), ('XDG_DATA_DIRS', '/usr/share/ubuntu:/usr/local/share/:/usr/share/:/var/lib/snapd/desktop'), ('PYTHONPATH', '/opt/ros/humble/lib/python3.10/site-packages:/opt/ros/humble/local/lib/python3.10/dist-packages'), ('COLCON', '1'), ('VTE_VERSION', '6800'), ('CMAKE_PREFIX_PATH', '/opt/ros/humble')]), 'shell': False}
[2.365675] (shape_interface) StdoutLine: {'line': b'[  2%] \x1b[34m\x1b[1mGenerating C code for ROS interfaces\x1b[0m\n'}
[2.372511] (shape_interface) StdoutLine: {'line': b'[  4%] \x1b[34m\x1b[1mGenerating Rust code for ROS interfaces\x1b[0m\n'}
[2.377233] (shape_interface) StdoutLine: {'line': b'[  6%] \x1b[34m\x1b[1mGenerating C++ code for ROS interfaces\x1b[0m\n'}
[2.389809] (shape_interface) StdoutLine: {'line': b'[  6%] Built target ament_cmake_python_copy_shape_interface\n'}
[2.404434] (-) TimerEvent: {}
[2.504809] (-) TimerEvent: {}
[2.607936] (-) TimerEvent: {}
[2.708299] (-) TimerEvent: {}
[2.779202] (shape_interface) StdoutLine: {'line': b'running egg_info\n'}
[2.779628] (shape_interface) StdoutLine: {'line': b'creating shape_interface.egg-info\n'}
[2.779786] (shape_interface) StdoutLine: {'line': b'writing shape_interface.egg-info/PKG-INFO\n'}
[2.780037] (shape_interface) StdoutLine: {'line': b'writing dependency_links to shape_interface.egg-info/dependency_links.txt\n'}
[2.780174] (shape_interface) StdoutLine: {'line': b'writing top-level names to shape_interface.egg-info/top_level.txt\n'}
[2.780406] (shape_interface) StdoutLine: {'line': b"writing manifest file 'shape_interface.egg-info/SOURCES.txt'\n"}
[2.781588] (shape_interface) StdoutLine: {'line': b"reading manifest file 'shape_interface.egg-info/SOURCES.txt'\n"}
[2.782118] (shape_interface) StdoutLine: {'line': b"writing manifest file 'shape_interface.egg-info/SOURCES.txt'\n"}
[2.808465] (-) TimerEvent: {}
[2.824128] (shape_interface) StdoutLine: {'line': b'[  6%] Built target ament_cmake_python_build_shape_interface_egg\n'}
[2.908586] (-) TimerEvent: {}
[2.970680] (shape_interface) StdoutLine: {'line': b'[  6%] Built target shape_interface__cpp\n'}
[2.971246] (shape_interface) StdoutLine: {'line': b'[  6%] Built target shape_interface__rs\n'}
[2.979517] (shape_interface) StdoutLine: {'line': b'[  8%] \x1b[34m\x1b[1mGenerating C++ type support for eProsima Fast-RTPS\x1b[0m\n'}
[2.984871] (shape_interface) StdoutLine: {'line': b'[ 12%] \x1b[34m\x1b[1mGenerating C++ type support dispatch for ROS interfaces\x1b[0m\n'}
[2.985104] (shape_interface) StdoutLine: {'line': b'[ 12%] \x1b[34m\x1b[1mGenerating C++ introspection for ROS interfaces\x1b[0m\n'}
[3.008692] (-) TimerEvent: {}
[3.109090] (-) TimerEvent: {}
[3.151912] (shape_interface) StdoutLine: {'line': b'[ 14%] \x1b[32mBuilding C object CMakeFiles/shape_interface__rosidl_generator_c.dir/rosidl_generator_c/shape_interface/srv/detail/get_shape__functions.c.o\x1b[0m\n'}
[3.152205] (shape_interface) StdoutLine: {'line': b'[ 16%] \x1b[32mBuilding C object CMakeFiles/shape_interface__rosidl_generator_c.dir/rosidl_generator_c/shape_interface/srv/detail/pixel_to_world__functions.c.o\x1b[0m\n'}
[3.152329] (shape_interface) StdoutLine: {'line': b'[ 18%] \x1b[32mBuilding C object CMakeFiles/shape_interface__rosidl_generator_c.dir/rosidl_generator_c/shape_interface/msg/detail/shape__functions.c.o\x1b[0m\n'}
[3.209919] (-) TimerEvent: {}
[3.279095] (shape_interface) StdoutLine: {'line': b'[ 20%] \x1b[32m\x1b[1mLinking C shared library libshape_interface__rosidl_generator_c.so\x1b[0m\n'}
[3.310020] (-) TimerEvent: {}
[3.410367] (-) TimerEvent: {}
[3.430402] (shape_interface) StdoutLine: {'line': b'[ 20%] Built target shape_interface__rosidl_generator_c\n'}
[3.445215] (shape_interface) StdoutLine: {'line': b'[ 22%] \x1b[34m\x1b[1mGenerating C type support for eProsima Fast-RTPS\x1b[0m\n'}
[3.446240] (shape_interface) StdoutLine: {'line': b'[ 25%] \x1b[34m\x1b[1mGenerating C type support dispatch for ROS interfaces\x1b[0m\n'}
[3.450627] (shape_interface) StdoutLine: {'line': b'[ 27%] \x1b[34m\x1b[1mGenerating C introspection for ROS interfaces\x1b[0m\n'}
[3.510467] (-) TimerEvent: {}
[3.610858] (-) TimerEvent: {}
[3.636104] (shape_interface) StdoutLine: {'line': b'[ 29%] \x1b[32mBuilding CXX object CMakeFiles/shape_interface__rosidl_typesupport_cpp.dir/rosidl_typesupport_cpp/shape_interface/srv/get_shape__type_support.cpp.o\x1b[0m\n'}
[3.678611] (shape_interface) StdoutLine: {'line': b'[ 31%] \x1b[32mBuilding CXX object CMakeFiles/shape_interface__rosidl_typesupport_fastrtps_cpp.dir/rosidl_typesupport_fastrtps_cpp/shape_interface/srv/detail/dds_fastrtps/get_shape__type_support.cpp.o\x1b[0m\n'}
[3.710905] (-) TimerEvent: {}
[3.713881] (shape_interface) StdoutLine: {'line': b'[ 33%] \x1b[32mBuilding CXX object CMakeFiles/shape_interface__rosidl_typesupport_introspection_cpp.dir/rosidl_typesupport_introspection_cpp/shape_interface/srv/detail/get_shape__type_support.cpp.o\x1b[0m\n'}
[3.813842] (-) TimerEvent: {}
[3.914210] (-) TimerEvent: {}
[3.974215] (shape_interface) StdoutLine: {'line': b'[ 35%] \x1b[32mBuilding CXX object CMakeFiles/shape_interface__rosidl_typesupport_c.dir/rosidl_typesupport_c/shape_interface/srv/get_shape__type_support.cpp.o\x1b[0m\n'}
[4.014345] (-) TimerEvent: {}
[4.019559] (shape_interface) StdoutLine: {'line': b'[ 37%] \x1b[32mBuilding CXX object CMakeFiles/shape_interface__rosidl_typesupport_c.dir/rosidl_typesupport_c/shape_interface/srv/pixel_to_world__type_support.cpp.o\x1b[0m\n'}
[4.067435] (shape_interface) StdoutLine: {'line': b'[ 39%] \x1b[32mBuilding CXX object CMakeFiles/shape_interface__rosidl_typesupport_c.dir/rosidl_typesupport_c/shape_interface/msg/shape__type_support.cpp.o\x1b[0m\n'}
[4.114563] (-) TimerEvent: {}
[4.149189] (shape_interface) StdoutLine: {'line': b'[ 41%] \x1b[32mBuilding C object CMakeFiles/shape_interface__rosidl_typesupport_introspection_c.dir/rosidl_typesupport_introspection_c/shape_interface/srv/detail/get_shape__type_support.c.o\x1b[0m\n'}
[4.170942] (shape_interface) StdoutLine: {'line': b'[ 43%] \x1b[32m\x1b[1mLinking CXX shared library libshape_interface__rosidl_typesupport_c.so\x1b[0m\n'}
[4.195077] (shape_interface) StdoutLine: {'line': b'[ 45%] \x1b[32mBuilding C object CMakeFiles/shape_interface__rosidl_typesupport_introspection_c.dir/rosidl_typesupport_introspection_c/shape_interface/srv/detail/pixel_to_world__type_support.c.o\x1b[0m\n'}
[4.214715] (-) TimerEvent: {}
[4.238226] (shape_interface) StdoutLine: {'line': b'[ 45%] Built target shape_interface__rosidl_typesupport_c\n'}
[4.248165] (shape_interface) StdoutLine: {'line': b'[ 47%] \x1b[32mBuilding CXX object CMakeFiles/shape_interface__rosidl_typesupport_fastrtps_c.dir/rosidl_typesupport_fastrtps_c/shape_interface/srv/detail/get_shape__type_support_c.cpp.o\x1b[0m\n'}
[4.248598] (shape_interface) StdoutLine: {'line': b'[ 50%] \x1b[32mBuilding CXX object CMakeFiles/shape_interface__rosidl_typesupport_cpp.dir/rosidl_typesupport_cpp/shape_interface/srv/pixel_to_world__type_support.cpp.o\x1b[0m\n'}
[4.315447] (shape_interface) StdoutLine: {'line': b'[ 52%] \x1b[32mBuilding C object CMakeFiles/shape_interface__rosidl_typesupport_introspection_c.dir/rosidl_typesupport_introspection_c/shape_interface/msg/detail/shape__type_support.c.o\x1b[0m\n'}
[4.315743] (-) TimerEvent: {}
[4.345421] (shape_interface) StdoutLine: {'line': b'[ 54%] \x1b[32mBuilding CXX object CMakeFiles/shape_interface__rosidl_typesupport_cpp.dir/rosidl_typesupport_cpp/shape_interface/msg/shape__type_support.cpp.o\x1b[0m\n'}
[4.387290] (shape_interface) StdoutLine: {'line': b'[ 56%] \x1b[32m\x1b[1mLinking C shared library libshape_interface__rosidl_typesupport_introspection_c.so\x1b[0m\n'}
[4.415940] (-) TimerEvent: {}
[4.466172] (shape_interface) StdoutLine: {'line': b'[ 56%] Built target shape_interface__rosidl_typesupport_introspection_c\n'}
[4.475023] (shape_interface) StdoutLine: {'line': b'[ 58%] \x1b[32mBuilding CXX object CMakeFiles/shape_interface__rosidl_typesupport_fastrtps_c.dir/rosidl_typesupport_fastrtps_c/shape_interface/srv/detail/pixel_to_world__type_support_c.cpp.o\x1b[0m\n'}
[4.516073] (-) TimerEvent: {}
[4.616480] (-) TimerEvent: {}
[4.696418] (shape_interface) StdoutLine: {'line': b'[ 60%] \x1b[32mBuilding CXX object CMakeFiles/shape_interface__rosidl_typesupport_fastrtps_cpp.dir/rosidl_typesupport_fastrtps_cpp/shape_interface/srv/detail/dds_fastrtps/pixel_to_world__type_support.cpp.o\x1b[0m\n'}
[4.696706] (shape_interface) StdoutLine: {'line': b'[ 62%] \x1b[32mBuilding CXX object CMakeFiles/shape_interface__rosidl_typesupport_introspection_cpp.dir/rosidl_typesupport_introspection_cpp/shape_interface/srv/detail/pixel_to_world__type_support.cpp.o\x1b[0m\n'}
[4.696816] (shape_interface) StdoutLine: {'line': b'[ 64%] \x1b[32mBuilding CXX object CMakeFiles/shape_interface__rosidl_typesupport_fastrtps_c.dir/rosidl_typesupport_fastrtps_c/shape_interface/msg/detail/shape__type_support_c.cpp.o\x1b[0m\n'}
[4.718912] (-) TimerEvent: {}
[4.780604] (shape_interface) StdoutLine: {'line': b'[ 66%] \x1b[32m\x1b[1mLinking CXX shared library libshape_interface__rosidl_typesupport_cpp.so\x1b[0m\n'}
[4.819030] (-) TimerEvent: {}
[4.919484] (-) TimerEvent: {}
[4.995505] (shape_interface) StdoutLine: {'line': b'[ 66%] Built target shape_interface__rosidl_typesupport_cpp\n'}
[5.008983] (shape_interface) StdoutLine: {'line': b'[ 68%] \x1b[32mBuilding CXX object CMakeFiles/shape_interface__rosidl_typesupport_introspection_cpp.dir/rosidl_typesupport_introspection_cpp/shape_interface/msg/detail/shape__type_support.cpp.o\x1b[0m\n'}
[5.009460] (shape_interface) StdoutLine: {'line': b'[ 70%] \x1b[32mBuilding CXX object CMakeFiles/shape_interface__rosidl_typesupport_fastrtps_cpp.dir/rosidl_typesupport_fastrtps_cpp/shape_interface/msg/detail/dds_fastrtps/shape__type_support.cpp.o\x1b[0m\n'}
[5.019667] (-) TimerEvent: {}
[5.121933] (-) TimerEvent: {}
[5.222431] (-) TimerEvent: {}
[5.248023] (shape_interface) StdoutLine: {'line': b'[ 72%] \x1b[32m\x1b[1mLinking CXX shared library libshape_interface__rosidl_typesupport_fastrtps_c.so\x1b[0m\n'}
[5.322609] (-) TimerEvent: {}
[5.423031] (-) TimerEvent: {}
[5.479454] (shape_interface) StdoutLine: {'line': b'[ 72%] Built target shape_interface__rosidl_typesupport_fastrtps_c\n'}
[5.488648] (shape_interface) StdoutLine: {'line': b'[ 75%] \x1b[32m\x1b[1mLinking CXX shared library libshape_interface__rosidl_typesupport_fastrtps_cpp.so\x1b[0m\n'}
[5.523154] (-) TimerEvent: {}
[5.546286] (shape_interface) StdoutLine: {'line': b'[ 77%] \x1b[32m\x1b[1mLinking CXX shared library libshape_interface__rosidl_typesupport_introspection_cpp.so\x1b[0m\n'}
[5.558733] (shape_interface) StdoutLine: {'line': b'[ 77%] Built target shape_interface__rosidl_typesupport_fastrtps_cpp\n'}
[5.623406] (-) TimerEvent: {}
[5.723798] (-) TimerEvent: {}
[5.772470] (shape_interface) StdoutLine: {'line': b'[ 77%] Built target shape_interface__rosidl_typesupport_introspection_cpp\n'}
[5.792219] (shape_interface) StdoutLine: {'line': b'[ 77%] Built target shape_interface\n'}
[5.809818] (shape_interface) StdoutLine: {'line': b'[ 79%] \x1b[34m\x1b[1mGenerating Python code for ROS interfaces\x1b[0m\n'}
[5.823957] (-) TimerEvent: {}
[5.924251] (-) TimerEvent: {}
[6.024628] (-) TimerEvent: {}
[6.125020] (-) TimerEvent: {}
[6.225335] (-) TimerEvent: {}
[6.250257] (shape_interface) StdoutLine: {'line': b'[ 79%] Built target shape_interface__py\n'}
[6.269657] (shape_interface) StdoutLine: {'line': b'[ 81%] \x1b[32mBuilding C object CMakeFiles/shape_interface__rosidl_generator_py.dir/rosidl_generator_py/shape_interface/srv/_get_shape_s.c.o\x1b[0m\n'}
[6.273552] (shape_interface) StdoutLine: {'line': b'[ 83%] \x1b[32mBuilding C object CMakeFiles/shape_interface__rosidl_generator_py.dir/rosidl_generator_py/shape_interface/srv/_pixel_to_world_s.c.o\x1b[0m\n'}
[6.274074] (shape_interface) StdoutLine: {'line': b'[ 85%] \x1b[32mBuilding C object CMakeFiles/shape_interface__rosidl_generator_py.dir/rosidl_generator_py/shape_interface/msg/_shape_s.c.o\x1b[0m\n'}
[6.325541] (-) TimerEvent: {}
[6.425999] (-) TimerEvent: {}
[6.526396] (-) TimerEvent: {}
[6.626696] (-) TimerEvent: {}
[6.727088] (-) TimerEvent: {}
[6.764729] (shape_interface) StdoutLine: {'line': b'[ 87%] \x1b[32m\x1b[1mLinking C shared library rosidl_generator_py/shape_interface/libshape_interface__rosidl_generator_py.so\x1b[0m\n'}
[6.808030] (shape_interface) StdoutLine: {'line': b'[ 87%] Built target shape_interface__rosidl_generator_py\n'}
[6.827012] (shape_interface) StdoutLine: {'line': b'[ 89%] \x1b[32mBuilding C object CMakeFiles/shape_interface__rosidl_typesupport_fastrtps_c__pyext.dir/rosidl_generator_py/shape_interface/_shape_interface_s.ep.rosidl_typesupport_fastrtps_c.c.o\x1b[0m\n'}
[6.827295] (-) TimerEvent: {}
[6.830511] (shape_interface) StdoutLine: {'line': b'[ 91%] \x1b[32mBuilding C object CMakeFiles/shape_interface__rosidl_typesupport_c__pyext.dir/rosidl_generator_py/shape_interface/_shape_interface_s.ep.rosidl_typesupport_c.c.o\x1b[0m\n'}
[6.831323] (shape_interface) StdoutLine: {'line': b'[ 93%] \x1b[32mBuilding C object CMakeFiles/shape_interface__rosidl_typesupport_introspection_c__pyext.dir/rosidl_generator_py/shape_interface/_shape_interface_s.ep.rosidl_typesupport_introspection_c.c.o\x1b[0m\n'}
[6.927471] (-) TimerEvent: {}
[7.027821] (-) TimerEvent: {}
[7.033694] (shape_interface) StdoutLine: {'line': b'[ 95%] \x1b[32m\x1b[1mLinking C shared library rosidl_generator_py/shape_interface/shape_interface_s__rosidl_typesupport_fastrtps_c.cpython-310-x86_64-linux-gnu.so\x1b[0m\n'}
[7.034536] (shape_interface) StdoutLine: {'line': b'[ 97%] \x1b[32m\x1b[1mLinking C shared library rosidl_generator_py/shape_interface/shape_interface_s__rosidl_typesupport_introspection_c.cpython-310-x86_64-linux-gnu.so\x1b[0m\n'}
[7.038342] (shape_interface) StdoutLine: {'line': b'[100%] \x1b[32m\x1b[1mLinking C shared library rosidl_generator_py/shape_interface/shape_interface_s__rosidl_typesupport_c.cpython-310-x86_64-linux-gnu.so\x1b[0m\n'}
[7.072318] (shape_interface) StdoutLine: {'line': b'[100%] Built target shape_interface__rosidl_typesupport_fastrtps_c__pyext\n'}
[7.077610] (shape_interface) StdoutLine: {'line': b'[100%] Built target shape_interface__rosidl_typesupport_introspection_c__pyext\n'}
[7.078557] (shape_interface) StdoutLine: {'line': b'[100%] Built target shape_interface__rosidl_typesupport_c__pyext\n'}
[7.089491] (shape_interface) CommandEnded: {'returncode': 0}
[7.090353] (shape_interface) JobProgress: {'identifier': 'shape_interface', 'progress': 'install'}
[7.090550] (shape_interface) Command: {'cmd': ['/usr/bin/cmake', '--install', '/home/aayush/eYRC/Software/workspace/build/shape_interface'], 'cwd': '/home/aayush/eYRC/Software/workspace/build/shape_interface', 'env': OrderedDict([('LESSOPEN', '| /usr/bin/lesspipe %s'), ('LANGUAGE', 'en_IN:en'), ('USER', 'aayush'), ('XDG_SESSION_TYPE', 'wayland'), ('SHLVL', '1'), ('LD_LIBRARY_PATH', '/opt/ros/humble/opt/rviz_ogre_vendor/lib:/opt/ros/humble/lib/x86_64-linux-gnu:/opt/ros/humble/lib:/opt/mujoco/lib'), ('HOME', '/home/aayush'), ('OLDPWD', '/home/aayush/eYRC'), ('DESKTOP_SESSION', 'ubuntu'), ('ROS_PYTHON_VERSION', '3'), ('GNOME_SHELL_SESSION_MODE', 'ubuntu'), ('GTK_MODULES', 'gail:atk-bridge'), ('SYSTEMD_EXEC_PID', '1531'), ('DBUS_SESSION_BUS_ADDRESS', 'unix:path=/run/user/1000/bus'), ('COLORTERM', 'truecolor'), ('IM_CONFIG_PHASE', '1'), ('WAYLAND_DISPLAY', 'wayland-0'), ('ROS_DISTRO', 'humble'), ('LOGNAME', 'aayush'), ('_', '/usr/bin/colcon'), ('ROS_VERSION', '2'), ('XDG_SESSION_CLASS', 'user'), ('MUJOCO_HOME', '/opt/mujoco'), ('USERNAME', 'aayush'), ('TERM', 'xterm-256color'), ('GNOME_DESKTOP_SESSION_ID', 'this-is-deprecated'), ('ROS_LOCALHOST_ONLY', '0'), ('PATH', '/opt/ros/humble/bin:/usr/local/sbin:/usr/local/bin:/usr/sbin:/usr/bin:/sbin:/bin:/usr/games:/usr/local/games:/snap/bin:/snap/bin:/opt/mujoco/bin'), ('SESSION_MANAGER', 'local/aayush-Inspiron-15-3530:@/tmp/.ICE-unix/1490,unix/aayush-Inspiron-15-3530:/tmp/.ICE-unix/1490'), ('XDG_MENU_PREFIX', 'gnome-'), ('GNOME_TERMINAL_SCREEN', '/org/gnome/Terminal/screen/7bff860e_c2d6_4ff4_a93f_fe6609d850c5'), ('GNOME_SETUP_DISPLAY', ':1'), ('XDG_RUNTIME_DIR', '/run/user/1000'), ('DISPLAY', ':0'), ('LANG', 'en_US.UTF-8'), ('XDG_CURRENT_DESKTOP', 'ubuntu:GNOME'), ('XMODIFIERS', '@im=ibus'), ('XDG_SESSION_DESKTOP', 'ubuntu'), ('XAUTHORITY', '/run/user/1000/.mutter-Xwaylandauth.LLYVW3'), ('LS_COLORS', 'rs=0:di=01;34:ln=01;36:mh=00:pi=40;33:so=01;35:do=01;35:bd=40;33;01:cd=40;33;01:or=40;31;01:mi=00:su=37;41:sg=30;43:ca=30;41:tw=30;42:ow=34;42:st=37;44:ex=01;32:*.tar=01;31:*.tgz=01;31:*.arc=01;31:*.arj=01;31:*.taz=01;31:*.lha=01;31:*.lz4=01;31:*.lzh=01;31:*.lzma=01;31:*.tlz=01;31:*.txz=01;31:*.tzo=01;31:*.t7z=01;31:*.zip=01;31:*.z=01;31:*.dz=01;31:*.gz=01;31:*.lrz=01;31:*.lz=01;31:*.lzo=01;31:*.xz=01;31:*.zst=01;31:*.tzst=01;31:*.bz2=01;31:*.bz=01;31:*.tbz=01;31:*.tbz2=01;31:*.tz=01;31:*.deb=01;31:*.rpm=01;31:*.jar=01;31:*.war=01;31:*.ear=01;31:*.sar=01;31:*.rar=01;31:*.alz=01;31:*.ace=01;31:*.zoo=01;31:*.cpio=01;31:*.7z=01;31:*.rz=01;31:*.cab=01;31:*.wim=01;31:*.swm=01;31:*.dwm=01;31:*.esd=01;31:*.jpg=01;35:*.jpeg=01;35:*.mjpg=01;35:*.mjpeg=01;35:*.gif=01;35:*.bmp=01;35:*.pbm=01;35:*.pgm=01;35:*.ppm=01;35:*.tga=01;35:*.xbm=01;35:*.xpm=01;35:*.tif=01;35:*.tiff=01;35:*.png=01;35:*.svg=01;35:*.svgz=01;35:*.mng=01;35:*.pcx=01;35:*.mov=01;35:*.mpg=01;35:*.mpeg=01;35:*.m2v=01;35:*.mkv=01;35:*.webm=01;35:*.webp=01;35:*.ogm=01;35:*.mp4=01;35:*.m4v=01;35:*.mp4v=01;35:*.vob=01;35:*.qt=01;35:*.nuv=01;35:*.wmv=01;35:*.asf=01;35:*.rm=01;35:*.rmvb=01;35:*.flc=01;35:*.avi=01;35:*.fli=01;35:*.flv=01;35:*.gl=01;35:*.dl=01;35:*.xcf=01;35:*.xwd=01;35:*.yuv=01;35:*.cgm=01;35:*.emf=01;35:*.ogv=01;35:*.ogx=01;35:*.aac=00;36:*.au=00;36:*.flac=00;36:*.m4a=00;36:*.mid=00;36:*.midi=00;36:*.mka=00;36:*.mp3=00;36:*.mpc=00;36:*.ogg=00;36:*.ra=00;36:*.wav=00;36:*.oga=00;36:*.opus=00;36:*.spx=00;36:*.xspf=00;36:'), ('GNOME_TERMINAL_SERVICE', ':1.120'), ('SSH_AGENT_LAUNCHER', 'gnome-keyring'), ('SSH_AUTH_SOCK', '/run/user/1000/keyring/ssh'), ('AMENT_PREFIX_PATH', '/opt/ros/humble'), ('SHELL', '/bin/bash'), ('QT_ACCESSIBILITY', '1'), ('GDMSESSION', 'ubuntu'), ('LESSCLOSE', '/usr/bin/lesspipe %s %s'), ('QT_IM_MODULE', 'ibus'), ('PWD', '/home/aayush/eYRC/Software/workspace/build/shape_interface'), ('LC_ALL', 'en_US.UTF-8'), ('XDG_CONFIG_DIRS', '/etc/xdg/xdg-ubuntu:/etc/xdg'), ('XDG_DATA_DIRS', '/usr/share/ubuntu:/usr/local/share/:/usr/share/:/var/lib/snapd/desktop'), ('PYTHONPATH', '/opt/ros/humble/lib/python3.10/site-packages:/opt/ros/humble/local/lib/python3.10/dist-packages'), ('COLCON', '1'), ('VTE_VERSION', '6800'), ('CMAKE_PREFIX_PATH', '/opt/ros/humble')]), 'shell': False}
[7.100247] (shape_interface) StdoutLine: {'line': b'-- Install configuration: ""\n'}
[7.100500] (shape_interface) StdoutLine: {'line': b'-- Installing: /home/aayush/eYRC/Software/workspace/install/shape_interface/share/ament_index/resource_index/rosidl_interfaces/shape_interface\n'}
[7.100686] (shape_interface) StdoutLine: {'line': b'-- Installing: /home/aayush/eYRC/Software/workspace/install/shape_interface/include/shape_interface/shape_interface\n'}
[7.100807] (shape_interface) StdoutLine: {'line': b'-- Installing: /home/aayush/eYRC/Software/workspace/install/shape_interface/include/shape_interface/shape_interface/srv\n'}
[7.100926] (shape_interface) StdoutLine: {'line': b'-- Installing: /home/aayush/eYRC/Software/workspace/install/shape_interface/include/shape_interface/shape_interface/srv/get_shape.h\n'}
[7.101035] (shape_interface) StdoutLine: {'line': b'-- Installing: /home/aayush/eYRC/Software/workspace/install/shape_interface/include/shape_interface/shape_interface/srv/pixel_to_world.h\n'}
[7.101216] (shape_interface) StdoutLine: {'line': b'-- Installing: /home/aayush/eYRC/Software/workspace/install/shape_interface/include/shape_interface/shape_interface/srv/detail\n'}
[7.101334] (shape_interface) StdoutLine: {'line': b'-- Installing: /home/aayush/eYRC/Software/workspace/install/shape_interface/include/shape_interface/shape_interface/srv/detail/get_shape__functions.c\n'}
[7.101476] (shape_interface) StdoutLine: {'line': b'-- Installing: /home/aayush/eYRC/Software/workspace/install/shape_interface/include/shape_interface/shape_interface/srv/detail/pixel_to_world__type_support.h\n'}
[7.101601] (shape_interface) StdoutLine: {'line': b'-- Installing: /home/aayush/eYRC/Software/workspace/install/shape_interface/include/shape_interface/shape_interface/srv/detail/pixel_to_world__functions.h\n'}
[7.101742] (shape_interface) StdoutLine: {'line': b'-- Installing: /home/aayush/eYRC/Software/workspace/install/shape_interface/include/shape_interface/shape_interface/srv/detail/get_shape__struct.h\n'}
[7.101916] (shape_interface) StdoutLine: {'line': b'-- Installing: /home/aayush/eYRC/Software/workspace/install/shape_interface/include/shape_interface/shape_interface/srv/detail/get_shape__functions.h\n'}
[7.102060] (shape_interface) StdoutLine: {'line': b'-- Installing: /home/aayush/eYRC/Software/workspace/install/shape_interface/include/shape_interface/shape_interface/srv/detail/pixel_to_world__functions.c\n'}
[7.102199] (shape_interface) StdoutLine: {'line': b'-- Installing: /home/aayush/eYRC/Software/workspace/install/shape_interface/include/shape_interface/shape_interface/srv/detail/get_shape__type_support.h\n'}
[7.102320] (shape_interface) StdoutLine: {'line': b'-- Installing: /home/aayush/eYRC/Software/workspace/install/shape_interface/include/shape_interface/shape_interface/srv/detail/pixel_to_world__struct.h\n'}
[7.102453] (shape_interface) StdoutLine: {'line': b'-- Installing: /home/aayush/eYRC/Software/workspace/install/shape_interface/include/shape_interface/shape_interface/msg\n'}
[7.102560] (shape_interface) StdoutLine: {'line': b'-- Installing: /home/aayush/eYRC/Software/workspace/install/shape_interface/include/shape_interface/shape_interface/msg/shape.h\n'}
[7.102664] (shape_interface) StdoutLine: {'line': b'-- Installing: /home/aayush/eYRC/Software/workspace/install/shape_interface/include/shape_interface/shape_interface/msg/detail\n'}
[7.102769] (shape_interface) StdoutLine: {'line': b'-- Installing: /home/aayush/eYRC/Software/workspace/install/shape_interface/include/shape_interface/shape_interface/msg/detail/shape__functions.c\n'}
[7.103028] (shape_interface) StdoutLine: {'line': b'-- Installing: /home/aayush/eYRC/Software/workspace/install/shape_interface/include/shape_interface/shape_interface/msg/detail/shape__functions.h\n'}
[7.103162] (shape_interface) StdoutLine: {'line': b'-- Installing: /home/aayush/eYRC/Software/workspace/install/shape_interface/include/shape_interface/shape_interface/msg/detail/shape__type_support.h\n'}
[7.103289] (shape_interface) StdoutLine: {'line': b'-- Installing: /home/aayush/eYRC/Software/workspace/install/shape_interface/include/shape_interface/shape_interface/msg/detail/shape__struct.h\n'}
[7.103419] (shape_interface) StdoutLine: {'line': b'-- Installing: /home/aayush/eYRC/Software/workspace/install/shape_interface/include/shape_interface/shape_interface/msg/rosidl_generator_c__visibility_control.h\n'}
[7.103669] (shape_interface) StdoutLine: {'line': b'-- Installing: /home/aayush/eYRC/Software/workspace/install/shape_interface/share/shape_interface/environment/library_path.sh\n'}
[7.103852] (shape_interface) StdoutLine: {'line': b'-- Installing: /home/aayush/eYRC/Software/workspace/install/shape_interface/share/shape_interface/environment/library_path.dsv\n'}
[7.104109] (shape_interface) StdoutLine: {'line': b'-- Installing: /home/aayush/eYRC/Software/workspace/install/shape_interface/lib/libshape_interface__rosidl_generator_c.so\n'}
[7.104603] (shape_interface) StdoutLine: {'line': b'-- Set runtime path of "/home/aayush/eYRC/Software/workspace/install/shape_interface/lib/libshape_interface__rosidl_generator_c.so" to ""\n'}
[7.104704] (shape_interface) StdoutLine: {'line': b'-- Up-to-date: /home/aayush/eYRC/Software/workspace/install/shape_interface/include/shape_interface/shape_interface\n'}
[7.104819] (shape_interface) StdoutLine: {'line': b'-- Up-to-date: /home/aayush/eYRC/Software/workspace/install/shape_interface/include/shape_interface/shape_interface/srv\n'}
[7.104999] (shape_interface) StdoutLine: {'line': b'-- Up-to-date: /home/aayush/eYRC/Software/workspace/install/shape_interface/include/shape_interface/shape_interface/srv/detail\n'}
[7.105051] (shape_interface) StdoutLine: {'line': b'-- Installing: /home/aayush/eYRC/Software/workspace/install/shape_interface/include/shape_interface/shape_interface/srv/detail/get_shape__rosidl_typesupport_fastrtps_c.h\n'}
[7.105093] (shape_interface) StdoutLine: {'line': b'-- Installing: /home/aayush/eYRC/Software/workspace/install/shape_interface/include/shape_interface/shape_interface/srv/detail/pixel_to_world__rosidl_typesupport_fastrtps_c.h\n'}
[7.105166] (shape_interface) StdoutLine: {'line': b'-- Up-to-date: /home/aayush/eYRC/Software/workspace/install/shape_interface/include/shape_interface/shape_interface/msg\n'}
[7.105241] (shape_interface) StdoutLine: {'line': b'-- Up-to-date: /home/aayush/eYRC/Software/workspace/install/shape_interface/include/shape_interface/shape_interface/msg/detail\n'}
[7.105282] (shape_interface) StdoutLine: {'line': b'-- Installing: /home/aayush/eYRC/Software/workspace/install/shape_interface/include/shape_interface/shape_interface/msg/detail/shape__rosidl_typesupport_fastrtps_c.h\n'}
[7.105347] (shape_interface) StdoutLine: {'line': b'-- Installing: /home/aayush/eYRC/Software/workspace/install/shape_interface/include/shape_interface/shape_interface/msg/rosidl_typesupport_fastrtps_c__visibility_control.h\n'}
[7.105482] (shape_interface) StdoutLine: {'line': b'-- Installing: /home/aayush/eYRC/Software/workspace/install/shape_interface/lib/libshape_interface__rosidl_typesupport_fastrtps_c.so\n'}
[7.105996] (shape_interface) StdoutLine: {'line': b'-- Set runtime path of "/home/aayush/eYRC/Software/workspace/install/shape_interface/lib/libshape_interface__rosidl_typesupport_fastrtps_c.so" to ""\n'}
[7.106067] (shape_interface) StdoutLine: {'line': b'-- Up-to-date: /home/aayush/eYRC/Software/workspace/install/shape_interface/include/shape_interface/shape_interface\n'}
[7.106132] (shape_interface) StdoutLine: {'line': b'-- Up-to-date: /home/aayush/eYRC/Software/workspace/install/shape_interface/include/shape_interface/shape_interface/srv\n'}
[7.106197] (shape_interface) StdoutLine: {'line': b'-- Up-to-date: /home/aayush/eYRC/Software/workspace/install/shape_interface/include/shape_interface/shape_interface/srv/detail\n'}
[7.106262] (shape_interface) StdoutLine: {'line': b'-- Installing: /home/aayush/eYRC/Software/workspace/install/shape_interface/include/shape_interface/shape_interface/srv/detail/pixel_to_world__rosidl_typesupport_introspection_c.h\n'}
[7.106331] (shape_interface) StdoutLine: {'line': b'-- Installing: /home/aayush/eYRC/Software/workspace/install/shape_interface/include/shape_interface/shape_interface/srv/detail/get_shape__type_support.c\n'}
[7.106454] (shape_interface) StdoutLine: {'line': b'-- Installing: /home/aayush/eYRC/Software/workspace/install/shape_interface/include/shape_interface/shape_interface/srv/detail/pixel_to_world__type_support.c\n'}
[7.106597] (shape_interface) StdoutLine: {'line': b'-- Installing: /home/aayush/eYRC/Software/workspace/install/shape_interface/include/shape_interface/shape_interface/srv/detail/get_shape__rosidl_typesupport_introspection_c.h\n'}
[7.106712] (shape_interface) StdoutLine: {'line': b'-- Up-to-date: /home/aayush/eYRC/Software/workspace/install/shape_interface/include/shape_interface/shape_interface/msg\n'}
[7.106775] (shape_interface) StdoutLine: {'line': b'-- Installing: /home/aayush/eYRC/Software/workspace/install/shape_interface/include/shape_interface/shape_interface/msg/rosidl_typesupport_introspection_c__visibility_control.h\n'}
[7.106892] (shape_interface) StdoutLine: {'line': b'-- Up-to-date: /home/aayush/eYRC/Software/workspace/install/shape_interface/include/shape_interface/shape_interface/msg/detail\n'}
[7.106959] (shape_interface) StdoutLine: {'line': b'-- Installing: /home/aayush/eYRC/Software/workspace/install/shape_interface/include/shape_interface/shape_interface/msg/detail/shape__rosidl_typesupport_introspection_c.h\n'}
[7.107065] (shape_interface) StdoutLine: {'line': b'-- Installing: /home/aayush/eYRC/Software/workspace/install/shape_interface/include/shape_interface/shape_interface/msg/detail/shape__type_support.c\n'}
[7.107249] (shape_interface) StdoutLine: {'line': b'-- Installing: /home/aayush/eYRC/Software/workspace/install/shape_interface/lib/libshape_interface__rosidl_typesupport_introspection_c.so\n'}
[7.107733] (shape_interface) StdoutLine: {'line': b'-- Set runtime path of "/home/aayush/eYRC/Software/workspace/install/shape_interface/lib/libshape_interface__rosidl_typesupport_introspection_c.so" to ""\n'}
[7.107797] (shape_interface) StdoutLine: {'line': b'-- Installing: /home/aayush/eYRC/Software/workspace/install/shape_interface/lib/libshape_interface__rosidl_typesupport_c.so\n'}
[7.108183] (shape_interface) StdoutLine: {'line': b'-- Set runtime path of "/home/aayush/eYRC/Software/workspace/install/shape_interface/lib/libshape_interface__rosidl_typesupport_c.so" to ""\n'}
[7.108248] (shape_interface) StdoutLine: {'line': b'-- Up-to-date: /home/aayush/eYRC/Software/workspace/install/shape_interface/include/shape_interface/shape_interface\n'}
[7.108308] (shape_interface) StdoutLine: {'line': b'-- Up-to-date: /home/aayush/eYRC/Software/workspace/install/shape_interface/include/shape_interface/shape_interface/srv\n'}
[7.108371] (shape_interface) StdoutLine: {'line': b'-- Up-to-date: /home/aayush/eYRC/Software/workspace/install/shape_interface/include/shape_interface/shape_interface/srv/detail\n'}
[7.108434] (shape_interface) StdoutLine: {'line': b'-- Installing: /home/aayush/eYRC/Software/workspace/install/shape_interface/include/shape_interface/shape_interface/srv/detail/pixel_to_world__type_support.hpp\n'}
[7.108509] (shape_interface) StdoutLine: {'line': b'-- Installing: /home/aayush/eYRC/Software/workspace/install/shape_interface/include/shape_interface/shape_interface/srv/detail/pixel_to_world__struct.hpp\n'}
[7.108647] (shape_interface) StdoutLine: {'line': b'-- Installing: /home/aayush/eYRC/Software/workspace/install/shape_interface/include/shape_interface/shape_interface/srv/detail/get_shape__type_support.hpp\n'}
[7.108769] (shape_interface) StdoutLine: {'line': b'-- Installing: /home/aayush/eYRC/Software/workspace/install/shape_interface/include/shape_interface/shape_interface/srv/detail/pixel_to_world__builder.hpp\n'}
[7.108902] (shape_interface) StdoutLine: {'line': b'-- Installing: /home/aayush/eYRC/Software/workspace/install/shape_interface/include/shape_interface/shape_interface/srv/detail/pixel_to_world__traits.hpp\n'}
[7.109116] (shape_interface) StdoutLine: {'line': b'-- Installing: /home/aayush/eYRC/Software/workspace/install/shape_interface/include/shape_interface/shape_interface/srv/detail/get_shape__struct.hpp\n'}
[7.109259] (shape_interface) StdoutLine: {'line': b'-- Installing: /home/aayush/eYRC/Software/workspace/install/shape_interface/include/shape_interface/shape_interface/srv/detail/get_shape__builder.hpp\n'}
[7.109384] (shape_interface) StdoutLine: {'line': b'-- Installing: /home/aayush/eYRC/Software/workspace/install/shape_interface/include/shape_interface/shape_interface/srv/detail/get_shape__traits.hpp\n'}
[7.109512] (shape_interface) StdoutLine: {'line': b'-- Installing: /home/aayush/eYRC/Software/workspace/install/shape_interface/include/shape_interface/shape_interface/srv/get_shape.hpp\n'}
[7.109631] (shape_interface) StdoutLine: {'line': b'-- Installing: /home/aayush/eYRC/Software/workspace/install/shape_interface/include/shape_interface/shape_interface/srv/pixel_to_world.hpp\n'}
[7.109748] (shape_interface) StdoutLine: {'line': b'-- Up-to-date: /home/aayush/eYRC/Software/workspace/install/shape_interface/include/shape_interface/shape_interface/msg\n'}
[7.109807] (shape_interface) StdoutLine: {'line': b'-- Installing: /home/aayush/eYRC/Software/workspace/install/shape_interface/include/shape_interface/shape_interface/msg/rosidl_generator_cpp__visibility_control.hpp\n'}
[7.109934] (shape_interface) StdoutLine: {'line': b'-- Installing: /home/aayush/eYRC/Software/workspace/install/shape_interface/include/shape_interface/shape_interface/msg/shape.hpp\n'}
[7.110047] (shape_interface) StdoutLine: {'line': b'-- Up-to-date: /home/aayush/eYRC/Software/workspace/install/shape_interface/include/shape_interface/shape_interface/msg/detail\n'}
[7.110109] (shape_interface) StdoutLine: {'line': b'-- Installing: /home/aayush/eYRC/Software/workspace/install/shape_interface/include/shape_interface/shape_interface/msg/detail/shape__struct.hpp\n'}
[7.110222] (shape_interface) StdoutLine: {'line': b'-- Installing: /home/aayush/eYRC/Software/workspace/install/shape_interface/include/shape_interface/shape_interface/msg/detail/shape__type_support.hpp\n'}
[7.110337] (shape_interface) StdoutLine: {'line': b'-- Installing: /home/aayush/eYRC/Software/workspace/install/shape_interface/include/shape_interface/shape_interface/msg/detail/shape__traits.hpp\n'}
[7.110459] (shape_interface) StdoutLine: {'line': b'-- Installing: /home/aayush/eYRC/Software/workspace/install/shape_interface/include/shape_interface/shape_interface/msg/detail/shape__builder.hpp\n'}
[7.110625] (shape_interface) StdoutLine: {'line': b'-- Up-to-date: /home/aayush/eYRC/Software/workspace/install/shape_interface/include/shape_interface/shape_interface\n'}
[7.110684] (shape_interface) StdoutLine: {'line': b'-- Up-to-date: /home/aayush/eYRC/Software/workspace/install/shape_interface/include/shape_interface/shape_interface/srv\n'}
[7.110735] (shape_interface) StdoutLine: {'line': b'-- Up-to-date: /home/aayush/eYRC/Software/workspace/install/shape_interface/include/shape_interface/shape_interface/srv/detail\n'}
[7.110798] (shape_interface) StdoutLine: {'line': b'-- Installing: /home/aayush/eYRC/Software/workspace/install/shape_interface/include/shape_interface/shape_interface/srv/detail/dds_fastrtps\n'}
[7.110860] (shape_interface) StdoutLine: {'line': b'-- Installing: /home/aayush/eYRC/Software/workspace/install/shape_interface/include/shape_interface/shape_interface/srv/detail/pixel_to_world__rosidl_typesupport_fastrtps_cpp.hpp\n'}
[7.111008] (shape_interface) StdoutLine: {'line': b'-- Installing: /home/aayush/eYRC/Software/workspace/install/shape_interface/include/shape_interface/shape_interface/srv/detail/get_shape__rosidl_typesupport_fastrtps_cpp.hpp\n'}
[7.111134] (shape_interface) StdoutLine: {'line': b'-- Up-to-date: /home/aayush/eYRC/Software/workspace/install/shape_interface/include/shape_interface/shape_interface/msg\n'}
[7.111190] (shape_interface) StdoutLine: {'line': b'-- Up-to-date: /home/aayush/eYRC/Software/workspace/install/shape_interface/include/shape_interface/shape_interface/msg/detail\n'}
[7.111250] (shape_interface) StdoutLine: {'line': b'-- Installing: /home/aayush/eYRC/Software/workspace/install/shape_interface/include/shape_interface/shape_interface/msg/detail/shape__rosidl_typesupport_fastrtps_cpp.hpp\n'}
[7.111334] (shape_interface) StdoutLine: {'line': b'-- Installing: /home/aayush/eYRC/Software/workspace/install/shape_interface/include/shape_interface/shape_interface/msg/detail/dds_fastrtps\n'}
[7.111587] (shape_interface) StdoutLine: {'line': b'-- Installing: /home/aayush/eYRC/Software/workspace/install/shape_interface/include/shape_interface/shape_interface/msg/rosidl_typesupport_fastrtps_cpp__visibility_control.h\n'}
[7.111764] (shape_interface) StdoutLine: {'line': b'-- Installing: /home/aayush/eYRC/Software/workspace/install/shape_interface/lib/libshape_interface__rosidl_typesupport_fastrtps_cpp.so\n'}
[7.112316] (shape_interface) StdoutLine: {'line': b'-- Set runtime path of "/home/aayush/eYRC/Software/workspace/install/shape_interface/lib/libshape_interface__rosidl_typesupport_fastrtps_cpp.so" to ""\n'}
[7.112489] (shape_interface) StdoutLine: {'line': b'-- Up-to-date: /home/aayush/eYRC/Software/workspace/install/shape_interface/include/shape_interface/shape_interface\n'}
[7.112585] (shape_interface) StdoutLine: {'line': b'-- Up-to-date: /home/aayush/eYRC/Software/workspace/install/shape_interface/include/shape_interface/shape_interface/srv\n'}
[7.112668] (shape_interface) StdoutLine: {'line': b'-- Up-to-date: /home/aayush/eYRC/Software/workspace/install/shape_interface/include/shape_interface/shape_interface/srv/detail\n'}
[7.112771] (shape_interface) StdoutLine: {'line': b'-- Installing: /home/aayush/eYRC/Software/workspace/install/shape_interface/include/shape_interface/shape_interface/srv/detail/pixel_to_world__rosidl_typesupport_introspection_cpp.hpp\n'}
[7.112885] (shape_interface) StdoutLine: {'line': b'-- Installing: /home/aayush/eYRC/Software/workspace/install/shape_interface/include/shape_interface/shape_interface/srv/detail/get_shape__type_support.cpp\n'}
[7.112995] (shape_interface) StdoutLine: {'line': b'-- Installing: /home/aayush/eYRC/Software/workspace/install/shape_interface/include/shape_interface/shape_interface/srv/detail/get_shape__rosidl_typesupport_introspection_cpp.hpp\n'}
[7.113084] (shape_interface) StdoutLine: {'line': b'-- Installing: /home/aayush/eYRC/Software/workspace/install/shape_interface/include/shape_interface/shape_interface/srv/detail/pixel_to_world__type_support.cpp\n'}
[7.113200] (shape_interface) StdoutLine: {'line': b'-- Up-to-date: /home/aayush/eYRC/Software/workspace/install/shape_interface/include/shape_interface/shape_interface/msg\n'}
[7.113326] (shape_interface) StdoutLine: {'line': b'-- Up-to-date: /home/aayush/eYRC/Software/workspace/install/shape_interface/include/shape_interface/shape_interface/msg/detail\n'}
[7.113401] (shape_interface) StdoutLine: {'line': b'-- Installing: /home/aayush/eYRC/Software/workspace/install/shape_interface/include/shape_interface/shape_interface/msg/detail/shape__rosidl_typesupport_introspection_cpp.hpp\n'}
[7.113483] (shape_interface) StdoutLine: {'line': b'-- Installing: /home/aayush/eYRC/Software/workspace/install/shape_interface/include/shape_interface/shape_interface/msg/detail/shape__type_support.cpp\n'}
[7.113597] (shape_interface) StdoutLine: {'line': b'-- Installing: /home/aayush/eYRC/Software/workspace/install/shape_interface/lib/libshape_interface__rosidl_typesupport_introspection_cpp.so\n'}
[7.113934] (shape_interface) StdoutLine: {'line': b'-- Set runtime path of "/home/aayush/eYRC/Software/workspace/install/shape_interface/lib/libshape_interface__rosidl_typesupport_introspection_cpp.so" to ""\n'}
[7.114057] (shape_interface) StdoutLine: {'line': b'-- Installing: /home/aayush/eYRC/Software/workspace/install/shape_interface/lib/libshape_interface__rosidl_typesupport_cpp.so\n'}
[7.114435] (shape_interface) StdoutLine: {'line': b'-- Set runtime path of "/home/aayush/eYRC/Software/workspace/install/shape_interface/lib/libshape_interface__rosidl_typesupport_cpp.so" to ""\n'}
[7.114546] (shape_interface) StdoutLine: {'line': b'-- Installing: /home/aayush/eYRC/Software/workspace/install/shape_interface/share/shape_interface/environment/pythonpath.sh\n'}
[7.114667] (shape_interface) StdoutLine: {'line': b'-- Installing: /home/aayush/eYRC/Software/workspace/install/shape_interface/share/shape_interface/environment/pythonpath.dsv\n'}
[7.114810] (shape_interface) StdoutLine: {'line': b'-- Installing: /home/aayush/eYRC/Software/workspace/install/shape_interface/local/lib/python3.10/dist-packages/shape_interface-0.0.0-py3.10.egg-info\n'}
[7.115005] (shape_interface) StdoutLine: {'line': b'-- Installing: /home/aayush/eYRC/Software/workspace/install/shape_interface/local/lib/python3.10/dist-packages/shape_interface-0.0.0-py3.10.egg-info/SOURCES.txt\n'}
[7.115134] (shape_interface) StdoutLine: {'line': b'-- Installing: /home/aayush/eYRC/Software/workspace/install/shape_interface/local/lib/python3.10/dist-packages/shape_interface-0.0.0-py3.10.egg-info/top_level.txt\n'}
[7.115252] (shape_interface) StdoutLine: {'line': b'-- Installing: /home/aayush/eYRC/Software/workspace/install/shape_interface/local/lib/python3.10/dist-packages/shape_interface-0.0.0-py3.10.egg-info/PKG-INFO\n'}
[7.115356] (shape_interface) StdoutLine: {'line': b'-- Installing: /home/aayush/eYRC/Software/workspace/install/shape_interface/local/lib/python3.10/dist-packages/shape_interface-0.0.0-py3.10.egg-info/dependency_links.txt\n'}
[7.115505] (shape_interface) StdoutLine: {'line': b'-- Installing: /home/aayush/eYRC/Software/workspace/install/shape_interface/local/lib/python3.10/dist-packages/shape_interface\n'}
[7.115597] (shape_interface) StdoutLine: {'line': b'-- Installing: /home/aayush/eYRC/Software/workspace/install/shape_interface/local/lib/python3.10/dist-packages/shape_interface/_shape_interface_s.ep.rosidl_typesupport_c.c\n'}
[7.115740] (shape_interface) StdoutLine: {'line': b'-- Installing: /home/aayush/eYRC/Software/workspace/install/shape_interface/local/lib/python3.10/dist-packages/shape_interface/shape_interface_s__rosidl_typesupport_c.cpython-310-x86_64-linux-gnu.so\n'}
[7.115897] (shape_interface) StdoutLine: {'line': b'-- Installing: /home/aayush/eYRC/Software/workspace/install/shape_interface/local/lib/python3.10/dist-packages/shape_interface/shape_interface_s__rosidl_typesupport_introspection_c.cpython-310-x86_64-linux-gnu.so\n'}
[7.116051] (shape_interface) StdoutLine: {'line': b'-- Installing: /home/aayush/eYRC/Software/workspace/install/shape_interface/local/lib/python3.10/dist-packages/shape_interface/_shape_interface_s.ep.rosidl_typesupport_introspection_c.c\n'}
[7.116197] (shape_interface) StdoutLine: {'line': b'-- Installing: /home/aayush/eYRC/Software/workspace/install/shape_interface/local/lib/python3.10/dist-packages/shape_interface/srv\n'}
[7.116293] (shape_interface) StdoutLine: {'line': b'-- Installing: /home/aayush/eYRC/Software/workspace/install/shape_interface/local/lib/python3.10/dist-packages/shape_interface/srv/_get_shape_s.c\n'}
[7.116403] (shape_interface) StdoutLine: {'line': b'-- Installing: /home/aayush/eYRC/Software/workspace/install/shape_interface/local/lib/python3.10/dist-packages/shape_interface/srv/_pixel_to_world_s.c\n'}
[7.116520] (shape_interface) StdoutLine: {'line': b'-- Installing: /home/aayush/eYRC/Software/workspace/install/shape_interface/local/lib/python3.10/dist-packages/shape_interface/srv/__init__.py\n'}
[7.116627] (shape_interface) StdoutLine: {'line': b'-- Installing: /home/aayush/eYRC/Software/workspace/install/shape_interface/local/lib/python3.10/dist-packages/shape_interface/srv/_pixel_to_world.py\n'}
[7.116750] (shape_interface) StdoutLine: {'line': b'-- Installing: /home/aayush/eYRC/Software/workspace/install/shape_interface/local/lib/python3.10/dist-packages/shape_interface/srv/_get_shape.py\n'}
[7.116899] (shape_interface) StdoutLine: {'line': b'-- Installing: /home/aayush/eYRC/Software/workspace/install/shape_interface/local/lib/python3.10/dist-packages/shape_interface/shape_interface_s__rosidl_typesupport_fastrtps_c.cpython-310-x86_64-linux-gnu.so\n'}
[7.117146] (shape_interface) StdoutLine: {'line': b'-- Installing: /home/aayush/eYRC/Software/workspace/install/shape_interface/local/lib/python3.10/dist-packages/shape_interface/msg\n'}
[7.117282] (shape_interface) StdoutLine: {'line': b'-- Installing: /home/aayush/eYRC/Software/workspace/install/shape_interface/local/lib/python3.10/dist-packages/shape_interface/msg/_shape_s.c\n'}
[7.117391] (shape_interface) StdoutLine: {'line': b'-- Installing: /home/aayush/eYRC/Software/workspace/install/shape_interface/local/lib/python3.10/dist-packages/shape_interface/msg/_shape.py\n'}
[7.117483] (shape_interface) StdoutLine: {'line': b'-- Installing: /home/aayush/eYRC/Software/workspace/install/shape_interface/local/lib/python3.10/dist-packages/shape_interface/msg/__init__.py\n'}
[7.117581] (shape_interface) StdoutLine: {'line': b'-- Installing: /home/aayush/eYRC/Software/workspace/install/shape_interface/local/lib/python3.10/dist-packages/shape_interface/libshape_interface__rosidl_generator_py.so\n'}
[7.117723] (shape_interface) StdoutLine: {'line': b'-- Installing: /home/aayush/eYRC/Software/workspace/install/shape_interface/local/lib/python3.10/dist-packages/shape_interface/__init__.py\n'}
[7.117821] (shape_interface) StdoutLine: {'line': b'-- Installing: /home/aayush/eYRC/Software/workspace/install/shape_interface/local/lib/python3.10/dist-packages/shape_interface/_shape_interface_s.ep.rosidl_typesupport_fastrtps_c.c\n'}
[7.127853] (-) TimerEvent: {}
[7.148384] (shape_interface) StdoutLine: {'line': b"Listing '/home/aayush/eYRC/Software/workspace/install/shape_interface/local/lib/python3.10/dist-packages/shape_interface'...\n"}
[7.148568] (shape_interface) StdoutLine: {'line': b"Compiling '/home/aayush/eYRC/Software/workspace/install/shape_interface/local/lib/python3.10/dist-packages/shape_interface/__init__.py'...\n"}
[7.148662] (shape_interface) StdoutLine: {'line': b"Listing '/home/aayush/eYRC/Software/workspace/install/shape_interface/local/lib/python3.10/dist-packages/shape_interface/msg'...\n"}
[7.148757] (shape_interface) StdoutLine: {'line': b"Compiling '/home/aayush/eYRC/Software/workspace/install/shape_interface/local/lib/python3.10/dist-packages/shape_interface/msg/__init__.py'...\n"}
[7.148859] (shape_interface) StdoutLine: {'line': b"Compiling '/home/aayush/eYRC/Software/workspace/install/shape_interface/local/lib/python3.10/dist-packages/shape_interface/msg/_shape.py'...\n"}
[7.148979] (shape_interface) StdoutLine: {'line': b"Listing '/home/aayush/eYRC/Software/workspace/install/shape_interface/local/lib/python3.10/dist-packages/shape_interface/srv'...\n"}
[7.149070] (shape_interface) StdoutLine: {'line': b"Compiling '/home/aayush/eYRC/Software/workspace/install/shape_interface/local/lib/python3.10/dist-packages/shape_interface/srv/__init__.py'...\n"}
[7.149158] (shape_interface) StdoutLine: {'line': b"Compiling '/home/aayush/eYRC/Software/workspace/install/shape_interface/local/lib/python3.10/dist-packages/shape_interface/srv/_get_shape.py'...\n"}
[7.149236] (shape_interface) StdoutLine: {'line': b"Compiling '/home/aayush/eYRC/Software/workspace/install/shape_interface/local/lib/python3.10/dist-packages/shape_interface/srv/_pixel_to_world.py'...\n"}
[7.152408] (shape_interface) StdoutLine: {'line': b'-- Installing: /home/aayush/eYRC/Software/workspace/install/shape_interface/local/lib/python3.10/dist-packages/shape_interface/shape_interface_s__rosidl_typesupport_fastrtps_c.cpython-310-x86_64-linux-gnu.so\n'}
[7.152699] (shape_interface) StdoutLine: {'line': b'-- Set runtime path of "/home/aayush/eYRC/Software/workspace/install/shape_interface/local/lib/python3.10/dist-packages/shape_interface/shape_interface_s__rosidl_typesupport_fastrtps_c.cpython-310-x86_64-linux-gnu.so" to ""\n'}
[7.152808] (shape_interface) StdoutLine: {'line': b'-- Installing: /home/aayush/eYRC/Software/workspace/install/shape_interface/local/lib/python3.10/dist-packages/shape_interface/shape_interface_s__rosidl_typesupport_introspection_c.cpython-310-x86_64-linux-gnu.so\n'}
[7.152972] (shape_interface) StdoutLine: {'line': b'-- Set runtime path of "/home/aayush/eYRC/Software/workspace/install/shape_interface/local/lib/python3.10/dist-packages/shape_interface/shape_interface_s__rosidl_typesupport_introspection_c.cpython-310-x86_64-linux-gnu.so" to ""\n'}
[7.153195] (shape_interface) StdoutLine: {'line': b'-- Installing: /home/aayush/eYRC/Software/workspace/install/shape_interface/local/lib/python3.10/dist-packages/shape_interface/shape_interface_s__rosidl_typesupport_c.cpython-310-x86_64-linux-gnu.so\n'}
[7.153389] (shape_interface) StdoutLine: {'line': b'-- Set runtime path of "/home/aayush/eYRC/Software/workspace/install/shape_interface/local/lib/python3.10/dist-packages/shape_interface/shape_interface_s__rosidl_typesupport_c.cpython-310-x86_64-linux-gnu.so" to ""\n'}
[7.153502] (shape_interface) StdoutLine: {'line': b'-- Installing: /home/aayush/eYRC/Software/workspace/install/shape_interface/lib/libshape_interface__rosidl_generator_py.so\n'}
[7.153753] (shape_interface) StdoutLine: {'line': b'-- Set runtime path of "/home/aayush/eYRC/Software/workspace/install/shape_interface/lib/libshape_interface__rosidl_generator_py.so" to ""\n'}
[7.154013] (shape_interface) StdoutLine: {'line': b'-- Installing: /home/aayush/eYRC/Software/workspace/install/shape_interface/share/shape_interface/rust\n'}
[7.154257] (shape_interface) StdoutLine: {'line': b'-- Installing: /home/aayush/eYRC/Software/workspace/install/shape_interface/share/shape_interface/rust/src\n'}
[7.154379] (shape_interface) StdoutLine: {'line': b'-- Installing: /home/aayush/eYRC/Software/workspace/install/shape_interface/share/shape_interface/rust/src/srv.rs\n'}
[7.154495] (shape_interface) StdoutLine: {'line': b'-- Installing: /home/aayush/eYRC/Software/workspace/install/shape_interface/share/shape_interface/rust/src/srv\n'}
[7.154656] (shape_interface) StdoutLine: {'line': b'-- Installing: /home/aayush/eYRC/Software/workspace/install/shape_interface/share/shape_interface/rust/src/srv/rmw.rs\n'}
[7.154888] (shape_interface) StdoutLine: {'line': b'-- Installing: /home/aayush/eYRC/Software/workspace/install/shape_interface/share/shape_interface/rust/src/msg\n'}
[7.155199] (shape_interface) StdoutLine: {'line': b'-- Installing: /home/aayush/eYRC/Software/workspace/install/shape_interface/share/shape_interface/rust/src/msg/rmw.rs\n'}
[7.155357] (shape_interface) StdoutLine: {'line': b'-- Installing: /home/aayush/eYRC/Software/workspace/install/shape_interface/share/shape_interface/rust/src/msg.rs\n'}
[7.155490] (shape_interface) StdoutLine: {'line': b'-- Installing: /home/aayush/eYRC/Software/workspace/install/shape_interface/share/shape_interface/rust/src/lib.rs\n'}
[7.155727] (shape_interface) StdoutLine: {'line': b'-- Installing: /home/aayush/eYRC/Software/workspace/install/shape_interface/share/shape_interface/rust/build.rs\n'}
[7.155860] (shape_interface) StdoutLine: {'line': b'-- Installing: /home/aayush/eYRC/Software/workspace/install/shape_interface/share/shape_interface/rust/Cargo.toml\n'}
[7.156071] (shape_interface) StdoutLine: {'line': b'-- Installing: /home/aayush/eYRC/Software/workspace/install/shape_interface/share/shape_interface/srv/GetShape.idl\n'}
[7.156182] (shape_interface) StdoutLine: {'line': b'-- Installing: /home/aayush/eYRC/Software/workspace/install/shape_interface/share/shape_interface/srv/PixelToWorld.idl\n'}
[7.156335] (shape_interface) StdoutLine: {'line': b'-- Installing: /home/aayush/eYRC/Software/workspace/install/shape_interface/share/shape_interface/msg/Shape.idl\n'}
[7.156465] (shape_interface) StdoutLine: {'line': b'-- Installing: /home/aayush/eYRC/Software/workspace/install/shape_interface/share/shape_interface/srv/GetShape.srv\n'}
[7.156592] (shape_interface) StdoutLine: {'line': b'-- Installing: /home/aayush/eYRC/Software/workspace/install/shape_interface/share/shape_interface/srv/GetShape_Request.msg\n'}
[7.156701] (shape_interface) StdoutLine: {'line': b'-- Installing: /home/aayush/eYRC/Software/workspace/install/shape_interface/share/shape_interface/srv/GetShape_Response.msg\n'}
[7.156824] (shape_interface) StdoutLine: {'line': b'-- Installing: /home/aayush/eYRC/Software/workspace/install/shape_interface/share/shape_interface/srv/PixelToWorld.srv\n'}
[7.157031] (shape_interface) StdoutLine: {'line': b'-- Installing: /home/aayush/eYRC/Software/workspace/install/shape_interface/share/shape_interface/srv/PixelToWorld_Request.msg\n'}
[7.157203] (shape_interface) StdoutLine: {'line': b'-- Installing: /home/aayush/eYRC/Software/workspace/install/shape_interface/share/shape_interface/srv/PixelToWorld_Response.msg\n'}
[7.157337] (shape_interface) StdoutLine: {'line': b'-- Installing: /home/aayush/eYRC/Software/workspace/install/shape_interface/share/shape_interface/msg/Shape.msg\n'}
[7.157466] (shape_interface) StdoutLine: {'line': b'-- Installing: /home/aayush/eYRC/Software/workspace/install/shape_interface/share/ament_index/resource_index/package_run_dependencies/shape_interface\n'}
[7.157596] (shape_interface) StdoutLine: {'line': b'-- Installing: /home/aayush/eYRC/Software/workspace/install/shape_interface/share/ament_index/resource_index/parent_prefix_path/shape_interface\n'}
[7.157738] (shape_interface) StdoutLine: {'line': b'-- Installing: /home/aayush/eYRC/Software/workspace/install/shape_interface/share/shape_interface/environment/ament_prefix_path.sh\n'}
[7.157934] (shape_interface) StdoutLine: {'line': b'-- Installing: /home/aayush/eYRC/Software/workspace/install/shape_interface/share/shape_interface/environment/ament_prefix_path.dsv\n'}
[7.158177] (shape_interface) StdoutLine: {'line': b'-- Installing: /home/aayush/eYRC/Software/workspace/install/shape_interface/share/shape_interface/environment/path.sh\n'}
[7.158760] (shape_interface) StdoutLine: {'line': b'-- Installing: /home/aayush/eYRC/Software/workspace/install/shape_interface/share/shape_interface/environment/path.dsv\n'}
[7.159073] (shape_interface) StdoutLine: {'line': b'-- Installing: /home/aayush/eYRC/Software/workspace/install/shape_interface/share/shape_interface/local_setup.bash\n'}
[7.159198] (shape_interface) StdoutLine: {'line': b'-- Installing: /home/aayush/eYRC/Software/workspace/install/shape_interface/share/shape_interface/local_setup.sh\n'}
[7.159291] (shape_interface) StdoutLine: {'line': b'-- Installing: /home/aayush/eYRC/Software/workspace/install/shape_interface/share/shape_interface/local_setup.zsh\n'}
[7.159384] (shape_interface) StdoutLine: {'line': b'-- Installing: /home/aayush/eYRC/Software/workspace/install/shape_interface/share/shape_interface/local_setup.dsv\n'}
[7.159477] (shape_interface) StdoutLine: {'line': b'-- Installing: /home/aayush/eYRC/Software/workspace/install/shape_interface/share/shape_interface/package.dsv\n'}
[7.159572] (shape_interface) StdoutLine: {'line': b'-- Installing: /home/aayush/eYRC/Software/workspace/install/shape_interface/share/ament_index/resource_index/packages/shape_interface\n'}
[7.159667] (shape_interface) StdoutLine: {'line': b'-- Installing: /home/aayush/eYRC/Software/workspace/install/shape_interface/share/shape_interface/cmake/export_shape_interface__rosidl_generator_cExport.cmake\n'}
[7.159759] (shape_interface) StdoutLine: {'line': b'-- Installing: /home/aayush/eYRC/Software/workspace/install/shape_interface/share/shape_interface/cmake/export_shape_interface__rosidl_generator_cExport-noconfig.cmake\n'}
[7.159893] (shape_interface) StdoutLine: {'line': b'-- Installing: /home/aayush/eYRC/Software/workspace/install/shape_interface/share/shape_interface/cmake/export_shape_interface__rosidl_typesupport_fastrtps_cExport.cmake\n'}
[7.160054] (shape_interface) StdoutLine: {'line': b'-- Installing: /home/aayush/eYRC/Software/workspace/install/shape_interface/share/shape_interface/cmake/export_shape_interface__rosidl_typesupport_fastrtps_cExport-noconfig.cmake\n'}
[7.160145] (shape_interface) StdoutLine: {'line': b'-- Installing: /home/aayush/eYRC/Software/workspace/install/shape_interface/share/shape_interface/cmake/shape_interface__rosidl_typesupport_introspection_cExport.cmake\n'}
[7.160237] (shape_interface) StdoutLine: {'line': b'-- Installing: /home/aayush/eYRC/Software/workspace/install/shape_interface/share/shape_interface/cmake/shape_interface__rosidl_typesupport_introspection_cExport-noconfig.cmake\n'}
[7.160324] (shape_interface) StdoutLine: {'line': b'-- Installing: /home/aayush/eYRC/Software/workspace/install/shape_interface/share/shape_interface/cmake/shape_interface__rosidl_typesupport_cExport.cmake\n'}
[7.160488] (shape_interface) StdoutLine: {'line': b'-- Installing: /home/aayush/eYRC/Software/workspace/install/shape_interface/share/shape_interface/cmake/shape_interface__rosidl_typesupport_cExport-noconfig.cmake\n'}
[7.160606] (shape_interface) StdoutLine: {'line': b'-- Installing: /home/aayush/eYRC/Software/workspace/install/shape_interface/share/shape_interface/cmake/export_shape_interface__rosidl_generator_cppExport.cmake\n'}
[7.160699] (shape_interface) StdoutLine: {'line': b'-- Installing: /home/aayush/eYRC/Software/workspace/install/shape_interface/share/shape_interface/cmake/export_shape_interface__rosidl_typesupport_fastrtps_cppExport.cmake\n'}
[7.160790] (shape_interface) StdoutLine: {'line': b'-- Installing: /home/aayush/eYRC/Software/workspace/install/shape_interface/share/shape_interface/cmake/export_shape_interface__rosidl_typesupport_fastrtps_cppExport-noconfig.cmake\n'}
[7.160926] (shape_interface) StdoutLine: {'line': b'-- Installing: /home/aayush/eYRC/Software/workspace/install/shape_interface/share/shape_interface/cmake/shape_interface__rosidl_typesupport_introspection_cppExport.cmake\n'}
[7.161013] (shape_interface) StdoutLine: {'line': b'-- Installing: /home/aayush/eYRC/Software/workspace/install/shape_interface/share/shape_interface/cmake/shape_interface__rosidl_typesupport_introspection_cppExport-noconfig.cmake\n'}
[7.161096] (shape_interface) StdoutLine: {'line': b'-- Installing: /home/aayush/eYRC/Software/workspace/install/shape_interface/share/shape_interface/cmake/shape_interface__rosidl_typesupport_cppExport.cmake\n'}
[7.161182] (shape_interface) StdoutLine: {'line': b'-- Installing: /home/aayush/eYRC/Software/workspace/install/shape_interface/share/shape_interface/cmake/shape_interface__rosidl_typesupport_cppExport-noconfig.cmake\n'}
[7.161268] (shape_interface) StdoutLine: {'line': b'-- Installing: /home/aayush/eYRC/Software/workspace/install/shape_interface/share/shape_interface/cmake/export_shape_interface__rosidl_generator_pyExport.cmake\n'}
[7.161351] (shape_interface) StdoutLine: {'line': b'-- Installing: /home/aayush/eYRC/Software/workspace/install/shape_interface/share/shape_interface/cmake/export_shape_interface__rosidl_generator_pyExport-noconfig.cmake\n'}
[7.161433] (shape_interface) StdoutLine: {'line': b'-- Installing: /home/aayush/eYRC/Software/workspace/install/shape_interface/share/shape_interface/cmake/rosidl_cmake-extras.cmake\n'}
[7.161516] (shape_interface) StdoutLine: {'line': b'-- Installing: /home/aayush/eYRC/Software/workspace/install/shape_interface/share/shape_interface/cmake/ament_cmake_export_include_directories-extras.cmake\n'}
[7.161599] (shape_interface) StdoutLine: {'line': b'-- Installing: /home/aayush/eYRC/Software/workspace/install/shape_interface/share/shape_interface/cmake/ament_cmake_export_libraries-extras.cmake\n'}
[7.161685] (shape_interface) StdoutLine: {'line': b'-- Installing: /home/aayush/eYRC/Software/workspace/install/shape_interface/share/shape_interface/cmake/ament_cmake_export_targets-extras.cmake\n'}
[7.161768] (shape_interface) StdoutLine: {'line': b'-- Installing: /home/aayush/eYRC/Software/workspace/install/shape_interface/share/shape_interface/cmake/rosidl_cmake_export_typesupport_targets-extras.cmake\n'}
[7.161864] (shape_interface) StdoutLine: {'line': b'-- Installing: /home/aayush/eYRC/Software/workspace/install/shape_interface/share/shape_interface/cmake/ament_cmake_export_dependencies-extras.cmake\n'}
[7.161954] (shape_interface) StdoutLine: {'line': b'-- Installing: /home/aayush/eYRC/Software/workspace/install/shape_interface/share/shape_interface/cmake/rosidl_cmake_export_typesupport_libraries-extras.cmake\n'}
[7.162038] (shape_interface) StdoutLine: {'line': b'-- Installing: /home/aayush/eYRC/Software/workspace/install/shape_interface/share/shape_interface/cmake/rosidl_cmake_aggregate_target-extras.cmake\n'}
[7.162121] (shape_interface) StdoutLine: {'line': b'-- Installing: /home/aayush/eYRC/Software/workspace/install/shape_interface/share/shape_interface/cmake/shape_interfaceConfig.cmake\n'}
[7.162211] (shape_interface) StdoutLine: {'line': b'-- Installing: /home/aayush/eYRC/Software/workspace/install/shape_interface/share/shape_interface/cmake/shape_interfaceConfig-version.cmake\n'}
[7.162295] (shape_interface) StdoutLine: {'line': b'-- Installing: /home/aayush/eYRC/Software/workspace/install/shape_interface/share/shape_interface/package.xml\n'}
[7.163082] (shape_interface) CommandEnded: {'returncode': 0}
[7.196390] (shape_interface) JobEnded: {'identifier': 'shape_interface', 'rc': 0}
[7.196985] (task_1a) JobStarted: {'identifier': 'task_1a'}
[7.198617] (task_1c) JobStarted: {'identifier': 'task_1c'}
[7.203824] (task_1a) JobProgress: {'identifier': 'task_1a', 'progress': 'cmake'}
[7.204615] (task_1a) Command: {'cmd': ['/usr/bin/cmake', '/home/aayush/eYRC/Software/workspace/src/task_1a', '-DCMAKE_INSTALL_PREFIX=/home/aayush/eYRC/Software/workspace/install/task_1a'], 'cwd': '/home/aayush/eYRC/Software/workspace/build/task_1a', 'env': OrderedDict([('LESSOPEN', '| /usr/bin/lesspipe %s'), ('LANGUAGE', 'en_IN:en'), ('USER', 'aayush'), ('XDG_SESSION_TYPE', 'wayland'), ('SHLVL', '1'), ('LD_LIBRARY_PATH', '/home/aayush/eYRC/Software/workspace/install/shape_interface/lib:/opt/ros/humble/opt/rviz_ogre_vendor/lib:/opt/ros/humble/lib/x86_64-linux-gnu:/opt/ros/humble/lib:/opt/mujoco/lib'), ('HOME', '/home/aayush'), ('OLDPWD', '/home/aayush/eYRC'), ('DESKTOP_SESSION', 'ubuntu'), ('ROS_PYTHON_VERSION', '3'), ('GNOME_SHELL_SESSION_MODE', 'ubuntu'), ('GTK_MODULES', 'gail:atk-bridge'), ('SYSTEMD_EXEC_PID', '1531'), ('DBUS_SESSION_BUS_ADDRESS', 'unix:path=/run/user/1000/bus'), ('COLORTERM', 'truecolor'), ('IM_CONFIG_PHASE', '1'), ('WAYLAND_DISPLAY', 'wayland-0'), ('ROS_DISTRO', 'humble'), ('LOGNAME', 'aayush'), ('_', '/usr/bin/colcon'), ('ROS_VERSION', '2'), ('XDG_SESSION_CLASS', 'user'), ('MUJOCO_HOME', '/opt/mujoco'), ('USERNAME', 'aayush'), ('TERM', 'xterm-256color'), ('GNOME_DESKTOP_SESSION_ID', 'this-is-deprecated'), ('ROS_LOCALHOST_ONLY', '0'), ('PATH', '/opt/ros/humble/bin:/usr/local/sbin:/usr/local/bin:/usr/sbin:/usr/bin:/sbin:/bin:/usr/games:/usr/local/games:/snap/bin:/snap/bin:/opt/mujoco/bin'), ('SESSION_MANAGER', 'local/aayush-Inspiron-15-3530:@/tmp/.ICE-unix/1490,unix/aayush-Inspiron-15-3530:/tmp/.ICE-unix/1490'), ('XDG_MENU_PREFIX', 'gnome-'), ('GNOME_TERMINAL_SCREEN', '/org/gnome/Terminal/screen/7bff860e_c2d6_4ff4_a93f_fe6609d850c5'), ('GNOME_SETUP_DISPLAY', ':1'), ('XDG_RUNTIME_DIR', '/run/user/1000'), ('DISPLAY', ':0'), ('LANG', 'en_US.UTF-8'), ('XDG_CURRENT_DESKTOP', 'ubuntu:GNOME'), ('XMODIFIERS', '@im=ibus'), ('XDG_SESSION_DESKTOP', 'ubuntu'), ('XAUTHORITY', '/run/user/1000/.mutter-Xwaylandauth.LLYVW3'), ('LS_COLORS', 'rs=0:di=01;34:ln=01;36:mh=00:pi=40;33:so=01;35:do=01;35:bd=40;33;01:cd=40;33;01:or=40;31;01:mi=00:su=37;41:sg=30;43:ca=30;41:tw=30;42:ow=34;42:st=37;44:ex=01;32:*.tar=01;31:*.tgz=01;31:*.arc=01;31:*.arj=01;31:*.taz=01;31:*.lha=01;31:*.lz4=01;31:*.lzh=01;31:*.lzma=01;31:*.tlz=01;31:*.txz=01;31:*.tzo=01;31:*.t7z=01;31:*.zip=01;31:*.z=01;31:*.dz=01;31:*.gz=01;31:*.lrz=01;31:*.lz=01;31:*.lzo=01;31:*.xz=01;31:*.zst=01;31:*.tzst=01;31:*.bz2=01;31:*.bz=01;31:*.tbz=01;31:*.tbz2=01;31:*.tz=01;31:*.deb=01;31:*.rpm=01;31:*.jar=01;31:*.war=01;31:*.ear=01;31:*.sar=01;31:*.rar=01;31:*.alz=01;31:*.ace=01;31:*.zoo=01;31:*.cpio=01;31:*.7z=01;31:*.rz=01;31:*.cab=01;31:*.wim=01;31:*.swm=01;31:*.dwm=01;31:*.esd=01;31:*.jpg=01;35:*.jpeg=01;35:*.mjpg=01;35:*.mjpeg=01;35:*.gif=01;35:*.bmp=01;35:*.pbm=01;35:*.pgm=01;35:*.ppm=01;35:*.tga=01;35:*.xbm=01;35:*.xpm=01;35:*.tif=01;35:*.tiff=01;35:*.png=01;35:*.svg=01;35:*.svgz=01;35:*.mng=01;35:*.pcx=01;35:*.mov=01;35:*.mpg=01;35:*.mpeg=01;35:*.m2v=01;35:*.mkv=01;35:*.webm=01;35:*.webp=01;35:*.ogm=01;35:*.mp4=01;35:*.m4v=01;35:*.mp4v=01;35:*.vob=01;35:*.qt=01;35:*.nuv=01;35:*.wmv=01;35:*.asf=01;35:*.rm=01;35:*.rmvb=01;35:*.flc=01;35:*.avi=01;35:*.fli=01;35:*.flv=01;35:*.gl=01;35:*.dl=01;35:*.xcf=01;35:*.xwd=01;35:*.yuv=01;35:*.cgm=01;35:*.emf=01;35:*.ogv=01;35:*.ogx=01;35:*.aac=00;36:*.au=00;36:*.flac=00;36:*.m4a=00;36:*.mid=00;36:*.midi=00;36:*.mka=00;36:*.mp3=00;36:*.mpc=00;36:*.ogg=00;36:*.ra=00;36:*.wav=00;36:*.oga=00;36:*.opus=00;36:*.spx=00;36:*.xspf=00;36:'), ('GNOME_TERMINAL_SERVICE', ':1.120'), ('SSH_AGENT_LAUNCHER', 'gnome-keyring'), ('SSH_AUTH_SOCK', '/run/user/1000/keyring/ssh'), ('AMENT_PREFIX_PATH', '/home/aayush/eYRC/Software/workspace/install/shape_interface:/opt/ros/humble'), ('SHELL', '/bin/bash'), ('QT_ACCESSIBILITY', '1'), ('GDMSESSION', 'ubuntu'), ('LESSCLOSE', '/usr/bin/lesspipe %s %s'), ('QT_IM_MODULE', 'ibus'), ('PWD', '/home/aayush/eYRC/Software/workspace/build/task_1a'), ('LC_ALL', 'en_US.UTF-8'), ('XDG_CONFIG_DIRS', '/etc/xdg/xdg-ubuntu:/etc/xdg'), ('XDG_DATA_DIRS', '/usr/share/ubuntu:/usr/local/share/:/usr/share/:/var/lib/snapd/desktop'), ('PYTHONPATH', '/home/aayush/eYRC/Software/workspace/install/shape_interface/local/lib/python3.10/dist-packages:/opt/ros/humble/lib/python3.10/site-packages:/opt/ros/humble/local/lib/python3.10/dist-packages'), ('COLCON', '1'), ('VTE_VERSION', '6800'), ('CMAKE_PREFIX_PATH', '/home/aayush/eYRC/Software/workspace/install/shape_interface:/opt/ros/humble')]), 'shell': False}
[7.206771] (task_1c) JobProgress: {'identifier': 'task_1c', 'progress': 'cmake'}
[7.207957] (task_1c) Command: {'cmd': ['/usr/bin/cmake', '/home/aayush/eYRC/Software/workspace/src/task_1c', '-DCMAKE_INSTALL_PREFIX=/home/aayush/eYRC/Software/workspace/install/task_1c'], 'cwd': '/home/aayush/eYRC/Software/workspace/build/task_1c', 'env': OrderedDict([('LESSOPEN', '| /usr/bin/lesspipe %s'), ('LANGUAGE', 'en_IN:en'), ('USER', 'aayush'), ('XDG_SESSION_TYPE', 'wayland'), ('SHLVL', '1'), ('LD_LIBRARY_PATH', '/home/aayush/eYRC/Software/workspace/install/shape_interface/lib:/opt/ros/humble/opt/rviz_ogre_vendor/lib:/opt/ros/humble/lib/x86_64-linux-gnu:/opt/ros/humble/lib:/opt/mujoco/lib'), ('HOME', '/home/aayush'), ('OLDPWD', '/home/aayush/eYRC'), ('DESKTOP_SESSION', 'ubuntu'), ('ROS_PYTHON_VERSION', '3'), ('GNOME_SHELL_SESSION_MODE', 'ubuntu'), ('GTK_MODULES', 'gail:atk-bridge'), ('SYSTEMD_EXEC_PID', '1531'), ('DBUS_SESSION_BUS_ADDRESS', 'unix:path=/run/user/1000/bus'), ('COLORTERM', 'truecolor'), ('IM_CONFIG_PHASE', '1'), ('WAYLAND_DISPLAY', 'wayland-0'), ('ROS_DISTRO', 'humble'), ('LOGNAME', 'aayush'), ('_', '/usr/bin/colcon'), ('ROS_VERSION', '2'), ('XDG_SESSION_CLASS', 'user'), ('MUJOCO_HOME', '/opt/mujoco'), ('USERNAME', 'aayush'), ('TERM', 'xterm-256color'), ('GNOME_DESKTOP_SESSION_ID', 'this-is-deprecated'), ('ROS_LOCALHOST_ONLY', '0'), ('PATH', '/opt/ros/humble/bin:/usr/local/sbin:/usr/local/bin:/usr/sbin:/usr/bin:/sbin:/bin:/usr/games:/usr/local/games:/snap/bin:/snap/bin:/opt/mujoco/bin'), ('SESSION_MANAGER', 'local/aayush-Inspiron-15-3530:@/tmp/.ICE-unix/1490,unix/aayush-Inspiron-15-3530:/tmp/.ICE-unix/1490'), ('XDG_MENU_PREFIX', 'gnome-'), ('GNOME_TERMINAL_SCREEN', '/org/gnome/Terminal/screen/7bff860e_c2d6_4ff4_a93f_fe6609d850c5'), ('GNOME_SETUP_DISPLAY', ':1'), ('XDG_RUNTIME_DIR', '/run/user/1000'), ('DISPLAY', ':0'), ('LANG', 'en_US.UTF-8'), ('XDG_CURRENT_DESKTOP', 'ubuntu:GNOME'), ('XMODIFIERS', '@im=ibus'), ('XDG_SESSION_DESKTOP', 'ubuntu'), ('XAUTHORITY', '/run/user/1000/.mutter-Xwaylandauth.LLYVW3'), ('LS_COLORS', 'rs=0:di=01;34:ln=01;36:mh=00:pi=40;33:so=01;35:do=01;35:bd=40;33;01:cd=40;33;01:or=40;31;01:mi=00:su=37;41:sg=30;43:ca=30;41:tw=30;42:ow=34;42:st=37;44:ex=01;32:*.tar=01;31:*.tgz=01;31:*.arc=01;31:*.arj=01;31:*.taz=01;31:*.lha=01;31:*.lz4=01;31:*.lzh=01;31:*.lzma=01;31:*.tlz=01;31:*.txz=01;31:*.tzo=01;31:*.t7z=01;31:*.zip=01;31:*.z=01;31:*.dz=01;31:*.gz=01;31:*.lrz=01;31:*.lz=01;31:*.lzo=01;31:*.xz=01;31:*.zst=01;31:*.tzst=01;31:*.bz2=01;31:*.bz=01;31:*.tbz=01;31:*.tbz2=01;31:*.tz=01;31:*.deb=01;31:*.rpm=01;31:*.jar=01;31:*.war=01;31:*.ear=01;31:*.sar=01;31:*.rar=01;31:*.alz=01;31:*.ace=01;31:*.zoo=01;31:*.cpio=01;31:*.7z=01;31:*.rz=01;31:*.cab=01;31:*.wim=01;31:*.swm=01;31:*.dwm=01;31:*.esd=01;31:*.jpg=01;35:*.jpeg=01;35:*.mjpg=01;35:*.mjpeg=01;35:*.gif=01;35:*.bmp=01;35:*.pbm=01;35:*.pgm=01;35:*.ppm=01;35:*.tga=01;35:*.xbm=01;35:*.xpm=01;35:*.tif=01;35:*.tiff=01;35:*.png=01;35:*.svg=01;35:*.svgz=01;35:*.mng=01;35:*.pcx=01;35:*.mov=01;35:*.mpg=01;35:*.mpeg=01;35:*.m2v=01;35:*.mkv=01;35:*.webm=01;35:*.webp=01;35:*.ogm=01;35:*.mp4=01;35:*.m4v=01;35:*.mp4v=01;35:*.vob=01;35:*.qt=01;35:*.nuv=01;35:*.wmv=01;35:*.asf=01;35:*.rm=01;35:*.rmvb=01;35:*.flc=01;35:*.avi=01;35:*.fli=01;35:*.flv=01;35:*.gl=01;35:*.dl=01;35:*.xcf=01;35:*.xwd=01;35:*.yuv=01;35:*.cgm=01;35:*.emf=01;35:*.ogv=01;35:*.ogx=01;35:*.aac=00;36:*.au=00;36:*.flac=00;36:*.m4a=00;36:*.mid=00;36:*.midi=00;36:*.mka=00;36:*.mp3=00;36:*.mpc=00;36:*.ogg=00;36:*.ra=00;36:*.wav=00;36:*.oga=00;36:*.opus=00;36:*.spx=00;36:*.xspf=00;36:'), ('GNOME_TERMINAL_SERVICE', ':1.120'), ('SSH_AGENT_LAUNCHER', 'gnome-keyring'), ('SSH_AUTH_SOCK', '/run/user/1000/keyring/ssh'), ('AMENT_PREFIX_PATH', '/home/aayush/eYRC/Software/workspace/install/shape_interface:/opt/ros/humble'), ('SHELL', '/bin/bash'), ('QT_ACCESSIBILITY', '1'), ('GDMSESSION', 'ubuntu'), ('LESSCLOSE', '/usr/bin/lesspipe %s %s'), ('QT_IM_MODULE', 'ibus'), ('PWD', '/home/aayush/eYRC/Software/workspace/build/task_1c'), ('LC_ALL', 'en_US.UTF-8'), ('XDG_CONFIG_DIRS', '/etc/xdg/xdg-ubuntu:/etc/xdg'), ('XDG_DATA_DIRS', '/usr/share/ubuntu:/usr/local/share/:/usr/share/:/var/lib/snapd/desktop'), ('PYTHONPATH', '/home/aayush/eYRC/Software/workspace/install/shape_interface/local/lib/python3.10/dist-packages:/opt/ros/humble/lib/python3.10/site-packages:/opt/ros/humble/local/lib/python3.10/dist-packages'), ('COLCON', '1'), ('VTE_VERSION', '6800'), ('CMAKE_PREFIX_PATH', '/home/aayush/eYRC/Software/workspace/install/shape_interface:/opt/ros/humble')]), 'shell': False}
[7.228138] (-) TimerEvent: {}
[7.328820] (-) TimerEvent: {}
[7.340819] (task_1c) StdoutLine: {'line': b'-- The C compiler identification is GNU 11.4.0\n'}
[7.341204] (task_1a) StdoutLine: {'line': b'-- The C compiler identification is GNU 11.4.0\n'}
[7.395904] (task_1c) StdoutLine: {'line': b'-- The CXX compiler identification is GNU 11.4.0\n'}
[7.406390] (task_1c) StdoutLine: {'line': b'-- Detecting C compiler ABI info\n'}
[7.407604] (task_1a) StdoutLine: {'line': b'-- The CXX compiler identification is GNU 11.4.0\n'}
[7.415063] (task_1a) StdoutLine: {'line': b'-- Detecting C compiler ABI info\n'}
[7.428914] (-) TimerEvent: {}
[7.529349] (-) TimerEvent: {}
[7.539581] (task_1c) StdoutLine: {'line': b'-- Detecting C compiler ABI info - done\n'}
[7.539842] (task_1a) StdoutLine: {'line': b'-- Detecting C compiler ABI info - done\n'}
[7.547055] (task_1c) StdoutLine: {'line': b'-- Check for working C compiler: /usr/bin/cc - skipped\n'}
[7.547291] (task_1c) StdoutLine: {'line': b'-- Detecting C compile features\n'}
[7.547574] (task_1c) StdoutLine: {'line': b'-- Detecting C compile features - done\n'}
[7.550101] (task_1a) StdoutLine: {'line': b'-- Check for working C compiler: /usr/bin/cc - skipped\n'}
[7.550243] (task_1c) StdoutLine: {'line': b'-- Detecting CXX compiler ABI info\n'}
[7.550407] (task_1a) StdoutLine: {'line': b'-- Detecting C compile features\n'}
[7.550953] (task_1a) StdoutLine: {'line': b'-- Detecting C compile features - done\n'}
[7.554995] (task_1a) StdoutLine: {'line': b'-- Detecting CXX compiler ABI info\n'}
[7.629669] (-) TimerEvent: {}
[7.675570] (task_1c) StdoutLine: {'line': b'-- Detecting CXX compiler ABI info - done\n'}
[7.684934] (task_1a) StdoutLine: {'line': b'-- Detecting CXX compiler ABI info - done\n'}
[7.686702] (task_1c) StdoutLine: {'line': b'-- Check for working CXX compiler: /usr/bin/c++ - skipped\n'}
[7.687167] (task_1c) StdoutLine: {'line': b'-- Detecting CXX compile features\n'}
[7.687814] (task_1c) StdoutLine: {'line': b'-- Detecting CXX compile features - done\n'}
[7.690263] (task_1c) StdoutLine: {'line': b'-- Found ament_cmake: 1.3.14 (/opt/ros/humble/share/ament_cmake/cmake)\n'}
[7.695307] (task_1a) StdoutLine: {'line': b'-- Check for working CXX compiler: /usr/bin/c++ - skipped\n'}
[7.695648] (task_1a) StdoutLine: {'line': b'-- Detecting CXX compile features\n'}
[7.696451] (task_1a) StdoutLine: {'line': b'-- Detecting CXX compile features - done\n'}
[7.699455] (task_1a) StdoutLine: {'line': b'-- Found ament_cmake: 1.3.14 (/opt/ros/humble/share/ament_cmake/cmake)\n'}
[7.729775] (-) TimerEvent: {}
[7.830119] (-) TimerEvent: {}
[7.844450] (task_1a) StdoutLine: {'line': b'-- Found Python3: /usr/bin/python3 (found version "3.10.12") found components: Interpreter \n'}
[7.872736] (task_1c) StdoutLine: {'line': b'-- Found Python3: /usr/bin/python3 (found version "3.10.12") found components: Interpreter \n'}
[7.930222] (-) TimerEvent: {}
[7.972886] (task_1c) StdoutLine: {'line': b'-- Found ament_lint_auto: 0.12.15 (/opt/ros/humble/share/ament_lint_auto/cmake)\n'}
[7.985861] (task_1a) StdoutLine: {'line': b'-- Found ament_lint_auto: 0.12.15 (/opt/ros/humble/share/ament_lint_auto/cmake)\n'}
[8.030332] (-) TimerEvent: {}
[8.046256] (task_1a) StdoutLine: {'line': b"-- Added test 'flake8' to check Python code syntax and style conventions\n"}
[8.046553] (task_1a) StdoutLine: {'line': b"-- Added test 'lint_cmake' to check CMake code style\n"}
[8.047003] (task_1a) StdoutLine: {'line': b"-- Added test 'pep257' to check Python code against some of the docstring style conventions in PEP 257\n"}
[8.047604] (task_1a) StdoutLine: {'line': b"-- Added test 'xmllint' to check XML markup files\n"}
[8.048520] (task_1a) StdoutLine: {'line': b'-- Configuring done\n'}
[8.051572] (task_1a) StdoutLine: {'line': b'-- Generating done\n'}
[8.053303] (task_1a) StdoutLine: {'line': b'-- Build files have been written to: /home/aayush/eYRC/Software/workspace/build/task_1a\n'}
[8.057210] (task_1a) CommandEnded: {'returncode': 0}
[8.057878] (task_1a) JobProgress: {'identifier': 'task_1a', 'progress': 'build'}
[8.059403] (task_1a) Command: {'cmd': ['/usr/bin/cmake', '--build', '/home/aayush/eYRC/Software/workspace/build/task_1a', '--', '-j6', '-l6'], 'cwd': '/home/aayush/eYRC/Software/workspace/build/task_1a', 'env': OrderedDict([('LESSOPEN', '| /usr/bin/lesspipe %s'), ('LANGUAGE', 'en_IN:en'), ('USER', 'aayush'), ('XDG_SESSION_TYPE', 'wayland'), ('SHLVL', '1'), ('LD_LIBRARY_PATH', '/home/aayush/eYRC/Software/workspace/install/shape_interface/lib:/opt/ros/humble/opt/rviz_ogre_vendor/lib:/opt/ros/humble/lib/x86_64-linux-gnu:/opt/ros/humble/lib:/opt/mujoco/lib'), ('HOME', '/home/aayush'), ('OLDPWD', '/home/aayush/eYRC'), ('DESKTOP_SESSION', 'ubuntu'), ('ROS_PYTHON_VERSION', '3'), ('GNOME_SHELL_SESSION_MODE', 'ubuntu'), ('GTK_MODULES', 'gail:atk-bridge'), ('SYSTEMD_EXEC_PID', '1531'), ('DBUS_SESSION_BUS_ADDRESS', 'unix:path=/run/user/1000/bus'), ('COLORTERM', 'truecolor'), ('IM_CONFIG_PHASE', '1'), ('WAYLAND_DISPLAY', 'wayland-0'), ('ROS_DISTRO', 'humble'), ('LOGNAME', 'aayush'), ('_', '/usr/bin/colcon'), ('ROS_VERSION', '2'), ('XDG_SESSION_CLASS', 'user'), ('MUJOCO_HOME', '/opt/mujoco'), ('USERNAME', 'aayush'), ('TERM', 'xterm-256color'), ('GNOME_DESKTOP_SESSION_ID', 'this-is-deprecated'), ('ROS_LOCALHOST_ONLY', '0'), ('PATH', '/opt/ros/humble/bin:/usr/local/sbin:/usr/local/bin:/usr/sbin:/usr/bin:/sbin:/bin:/usr/games:/usr/local/games:/snap/bin:/snap/bin:/opt/mujoco/bin'), ('SESSION_MANAGER', 'local/aayush-Inspiron-15-3530:@/tmp/.ICE-unix/1490,unix/aayush-Inspiron-15-3530:/tmp/.ICE-unix/1490'), ('XDG_MENU_PREFIX', 'gnome-'), ('GNOME_TERMINAL_SCREEN', '/org/gnome/Terminal/screen/7bff860e_c2d6_4ff4_a93f_fe6609d850c5'), ('GNOME_SETUP_DISPLAY', ':1'), ('XDG_RUNTIME_DIR', '/run/user/1000'), ('DISPLAY', ':0'), ('LANG', 'en_US.UTF-8'), ('XDG_CURRENT_DESKTOP', 'ubuntu:GNOME'), ('XMODIFIERS', '@im=ibus'), ('XDG_SESSION_DESKTOP', 'ubuntu'), ('XAUTHORITY', '/run/user/1000/.mutter-Xwaylandauth.LLYVW3'), ('LS_COLORS', 'rs=0:di=01;34:ln=01;36:mh=00:pi=40;33:so=01;35:do=01;35:bd=40;33;01:cd=40;33;01:or=40;31;01:mi=00:su=37;41:sg=30;43:ca=30;41:tw=30;42:ow=34;42:st=37;44:ex=01;32:*.tar=01;31:*.tgz=01;31:*.arc=01;31:*.arj=01;31:*.taz=01;31:*.lha=01;31:*.lz4=01;31:*.lzh=01;31:*.lzma=01;31:*.tlz=01;31:*.txz=01;31:*.tzo=01;31:*.t7z=01;31:*.zip=01;31:*.z=01;31:*.dz=01;31:*.gz=01;31:*.lrz=01;31:*.lz=01;31:*.lzo=01;31:*.xz=01;31:*.zst=01;31:*.tzst=01;31:*.bz2=01;31:*.bz=01;31:*.tbz=01;31:*.tbz2=01;31:*.tz=01;31:*.deb=01;31:*.rpm=01;31:*.jar=01;31:*.war=01;31:*.ear=01;31:*.sar=01;31:*.rar=01;31:*.alz=01;31:*.ace=01;31:*.zoo=01;31:*.cpio=01;31:*.7z=01;31:*.rz=01;31:*.cab=01;31:*.wim=01;31:*.swm=01;31:*.dwm=01;31:*.esd=01;31:*.jpg=01;35:*.jpeg=01;35:*.mjpg=01;35:*.mjpeg=01;35:*.gif=01;35:*.bmp=01;35:*.pbm=01;35:*.pgm=01;35:*.ppm=01;35:*.tga=01;35:*.xbm=01;35:*.xpm=01;35:*.tif=01;35:*.tiff=01;35:*.png=01;35:*.svg=01;35:*.svgz=01;35:*.mng=01;35:*.pcx=01;35:*.mov=01;35:*.mpg=01;35:*.mpeg=01;35:*.m2v=01;35:*.mkv=01;35:*.webm=01;35:*.webp=01;35:*.ogm=01;35:*.mp4=01;35:*.m4v=01;35:*.mp4v=01;35:*.vob=01;35:*.qt=01;35:*.nuv=01;35:*.wmv=01;35:*.asf=01;35:*.rm=01;35:*.rmvb=01;35:*.flc=01;35:*.avi=01;35:*.fli=01;35:*.flv=01;35:*.gl=01;35:*.dl=01;35:*.xcf=01;35:*.xwd=01;35:*.yuv=01;35:*.cgm=01;35:*.emf=01;35:*.ogv=01;35:*.ogx=01;35:*.aac=00;36:*.au=00;36:*.flac=00;36:*.m4a=00;36:*.mid=00;36:*.midi=00;36:*.mka=00;36:*.mp3=00;36:*.mpc=00;36:*.ogg=00;36:*.ra=00;36:*.wav=00;36:*.oga=00;36:*.opus=00;36:*.spx=00;36:*.xspf=00;36:'), ('GNOME_TERMINAL_SERVICE', ':1.120'), ('SSH_AGENT_LAUNCHER', 'gnome-keyring'), ('SSH_AUTH_SOCK', '/run/user/1000/keyring/ssh'), ('AMENT_PREFIX_PATH', '/home/aayush/eYRC/Software/workspace/install/shape_interface:/opt/ros/humble'), ('SHELL', '/bin/bash'), ('QT_ACCESSIBILITY', '1'), ('GDMSESSION', 'ubuntu'), ('LESSCLOSE', '/usr/bin/lesspipe %s %s'), ('QT_IM_MODULE', 'ibus'), ('PWD', '/home/aayush/eYRC/Software/workspace/build/task_1a'), ('LC_ALL', 'en_US.UTF-8'), ('XDG_CONFIG_DIRS', '/etc/xdg/xdg-ubuntu:/etc/xdg'), ('XDG_DATA_DIRS', '/usr/share/ubuntu:/usr/local/share/:/usr/share/:/var/lib/snapd/desktop'), ('PYTHONPATH', '/home/aayush/eYRC/Software/workspace/install/shape_interface/local/lib/python3.10/dist-packages:/opt/ros/humble/lib/python3.10/site-packages:/opt/ros/humble/local/lib/python3.10/dist-packages'), ('COLCON', '1'), ('VTE_VERSION', '6800'), ('CMAKE_PREFIX_PATH', '/home/aayush/eYRC/Software/workspace/install/shape_interface:/opt/ros/humble')]), 'shell': False}
[8.065731] (task_1c) StdoutLine: {'line': b"-- Added test 'flake8' to check Python code syntax and style conventions\n"}
[8.066404] (task_1c) StdoutLine: {'line': b"-- Added test 'lint_cmake' to check CMake code style\n"}
[8.067076] (task_1c) StdoutLine: {'line': b"-- Added test 'pep257' to check Python code against some of the docstring style conventions in PEP 257\n"}
[8.068057] (task_1c) StdoutLine: {'line': b"-- Added test 'xmllint' to check XML markup files\n"}
[8.069544] (task_1c) StdoutLine: {'line': b'-- Configuring done\n'}
[8.073474] (task_1c) StdoutLine: {'line': b'-- Generating done\n'}
[8.078972] (task_1c) StdoutLine: {'line': b'-- Build files have been written to: /home/aayush/eYRC/Software/workspace/build/task_1c\n'}
[8.082998] (task_1c) CommandEnded: {'returncode': 0}
[8.083758] (task_1c) JobProgress: {'identifier': 'task_1c', 'progress': 'build'}
[8.084058] (task_1c) Command: {'cmd': ['/usr/bin/cmake', '--build', '/home/aayush/eYRC/Software/workspace/build/task_1c', '--', '-j6', '-l6'], 'cwd': '/home/aayush/eYRC/Software/workspace/build/task_1c', 'env': OrderedDict([('LESSOPEN', '| /usr/bin/lesspipe %s'), ('LANGUAGE', 'en_IN:en'), ('USER', 'aayush'), ('XDG_SESSION_TYPE', 'wayland'), ('SHLVL', '1'), ('LD_LIBRARY_PATH', '/home/aayush/eYRC/Software/workspace/install/shape_interface/lib:/opt/ros/humble/opt/rviz_ogre_vendor/lib:/opt/ros/humble/lib/x86_64-linux-gnu:/opt/ros/humble/lib:/opt/mujoco/lib'), ('HOME', '/home/aayush'), ('OLDPWD', '/home/aayush/eYRC'), ('DESKTOP_SESSION', 'ubuntu'), ('ROS_PYTHON_VERSION', '3'), ('GNOME_SHELL_SESSION_MODE', 'ubuntu'), ('GTK_MODULES', 'gail:atk-bridge'), ('SYSTEMD_EXEC_PID', '1531'), ('DBUS_SESSION_BUS_ADDRESS', 'unix:path=/run/user/1000/bus'), ('COLORTERM', 'truecolor'), ('IM_CONFIG_PHASE', '1'), ('WAYLAND_DISPLAY', 'wayland-0'), ('ROS_DISTRO', 'humble'), ('LOGNAME', 'aayush'), ('_', '/usr/bin/colcon'), ('ROS_VERSION', '2'), ('XDG_SESSION_CLASS', 'user'), ('MUJOCO_HOME', '/opt/mujoco'), ('USERNAME', 'aayush'), ('TERM', 'xterm-256color'), ('GNOME_DESKTOP_SESSION_ID', 'this-is-deprecated'), ('ROS_LOCALHOST_ONLY', '0'), ('PATH', '/opt/ros/humble/bin:/usr/local/sbin:/usr/local/bin:/usr/sbin:/usr/bin:/sbin:/bin:/usr/games:/usr/local/games:/snap/bin:/snap/bin:/opt/mujoco/bin'), ('SESSION_MANAGER', 'local/aayush-Inspiron-15-3530:@/tmp/.ICE-unix/1490,unix/aayush-Inspiron-15-3530:/tmp/.ICE-unix/1490'), ('XDG_MENU_PREFIX', 'gnome-'), ('GNOME_TERMINAL_SCREEN', '/org/gnome/Terminal/screen/7bff860e_c2d6_4ff4_a93f_fe6609d850c5'), ('GNOME_SETUP_DISPLAY', ':1'), ('XDG_RUNTIME_DIR', '/run/user/1000'), ('DISPLAY', ':0'), ('LANG', 'en_US.UTF-8'), ('XDG_CURRENT_DESKTOP', 'ubuntu:GNOME'), ('XMODIFIERS', '@im=ibus'), ('XDG_SESSION_DESKTOP', 'ubuntu'), ('XAUTHORITY', '/run/user/1000/.mutter-Xwaylandauth.LLYVW3'), ('LS_COLORS', 'rs=0:di=01;34:ln=01;36:mh=00:pi=40;33:so=01;35:do=01;35:bd=40;33;01:cd=40;33;01:or=40;31;01:mi=00:su=37;41:sg=30;43:ca=30;41:tw=30;42:ow=34;42:st=37;44:ex=01;32:*.tar=01;31:*.tgz=01;31:*.arc=01;31:*.arj=01;31:*.taz=01;31:*.lha=01;31:*.lz4=01;31:*.lzh=01;31:*.lzma=01;31:*.tlz=01;31:*.txz=01;31:*.tzo=01;31:*.t7z=01;31:*.zip=01;31:*.z=01;31:*.dz=01;31:*.gz=01;31:*.lrz=01;31:*.lz=01;31:*.lzo=01;31:*.xz=01;31:*.zst=01;31:*.tzst=01;31:*.bz2=01;31:*.bz=01;31:*.tbz=01;31:*.tbz2=01;31:*.tz=01;31:*.deb=01;31:*.rpm=01;31:*.jar=01;31:*.war=01;31:*.ear=01;31:*.sar=01;31:*.rar=01;31:*.alz=01;31:*.ace=01;31:*.zoo=01;31:*.cpio=01;31:*.7z=01;31:*.rz=01;31:*.cab=01;31:*.wim=01;31:*.swm=01;31:*.dwm=01;31:*.esd=01;31:*.jpg=01;35:*.jpeg=01;35:*.mjpg=01;35:*.mjpeg=01;35:*.gif=01;35:*.bmp=01;35:*.pbm=01;35:*.pgm=01;35:*.ppm=01;35:*.tga=01;35:*.xbm=01;35:*.xpm=01;35:*.tif=01;35:*.tiff=01;35:*.png=01;35:*.svg=01;35:*.svgz=01;35:*.mng=01;35:*.pcx=01;35:*.mov=01;35:*.mpg=01;35:*.mpeg=01;35:*.m2v=01;35:*.mkv=01;35:*.webm=01;35:*.webp=01;35:*.ogm=01;35:*.mp4=01;35:*.m4v=01;35:*.mp4v=01;35:*.vob=01;35:*.qt=01;35:*.nuv=01;35:*.wmv=01;35:*.asf=01;35:*.rm=01;35:*.rmvb=01;35:*.flc=01;35:*.avi=01;35:*.fli=01;35:*.flv=01;35:*.gl=01;35:*.dl=01;35:*.xcf=01;35:*.xwd=01;35:*.yuv=01;35:*.cgm=01;35:*.emf=01;35:*.ogv=01;35:*.ogx=01;35:*.aac=00;36:*.au=00;36:*.flac=00;36:*.m4a=00;36:*.mid=00;36:*.midi=00;36:*.mka=00;36:*.mp3=00;36:*.mpc=00;36:*.ogg=00;36:*.ra=00;36:*.wav=00;36:*.oga=00;36:*.opus=00;36:*.spx=00;36:*.xspf=00;36:'), ('GNOME_TERMINAL_SERVICE', ':1.120'), ('SSH_AGENT_LAUNCHER', 'gnome-keyring'), ('SSH_AUTH_SOCK', '/run/user/1000/keyring/ssh'), ('AMENT_PREFIX_PATH', '/home/aayush/eYRC/Software/workspace/install/shape_interface:/opt/ros/humble'), ('SHELL', '/bin/bash'), ('QT_ACCESSIBILITY', '1'), ('GDMSESSION', 'ubuntu'), ('LESSCLOSE', '/usr/bin/lesspipe %s %s'), ('QT_IM_MODULE', 'ibus'), ('PWD', '/home/aayush/eYRC/Software/workspace/build/task_1c'), ('LC_ALL', 'en_US.UTF-8'), ('XDG_CONFIG_DIRS', '/etc/xdg/xdg-ubuntu:/etc/xdg'), ('XDG_DATA_DIRS', '/usr/share/ubuntu:/usr/local/share/:/usr/share/:/var/lib/snapd/desktop'), ('PYTHONPATH', '/home/aayush/eYRC/Software/workspace/install/shape_interface/local/lib/python3.10/dist-packages:/opt/ros/humble/lib/python3.10/site-packages:/opt/ros/humble/local/lib/python3.10/dist-packages'), ('COLCON', '1'), ('VTE_VERSION', '6800'), ('CMAKE_PREFIX_PATH', '/home/aayush/eYRC/Software/workspace/install/shape_interface:/opt/ros/humble')]), 'shell': False}
[8.116728] (task_1a) StdoutLine: {'line': b'Built target ament_cmake_python_copy_task_1a\n'}
[8.129473] (task_1c) CommandEnded: {'returncode': 0}
[8.130304] (task_1c) JobProgress: {'identifier': 'task_1c', 'progress': 'install'}
[8.130518] (-) TimerEvent: {}
[8.131252] (task_1c) Command: {'cmd': ['/usr/bin/cmake', '--install', '/home/aayush/eYRC/Software/workspace/build/task_1c'], 'cwd': '/home/aayush/eYRC/Software/workspace/build/task_1c', 'env': OrderedDict([('LESSOPEN', '| /usr/bin/lesspipe %s'), ('LANGUAGE', 'en_IN:en'), ('USER', 'aayush'), ('XDG_SESSION_TYPE', 'wayland'), ('SHLVL', '1'), ('LD_LIBRARY_PATH', '/home/aayush/eYRC/Software/workspace/install/shape_interface/lib:/opt/ros/humble/opt/rviz_ogre_vendor/lib:/opt/ros/humble/lib/x86_64-linux-gnu:/opt/ros/humble/lib:/opt/mujoco/lib'), ('HOME', '/home/aayush'), ('OLDPWD', '/home/aayush/eYRC'), ('DESKTOP_SESSION', 'ubuntu'), ('ROS_PYTHON_VERSION', '3'), ('GNOME_SHELL_SESSION_MODE', 'ubuntu'), ('GTK_MODULES', 'gail:atk-bridge'), ('SYSTEMD_EXEC_PID', '1531'), ('DBUS_SESSION_BUS_ADDRESS', 'unix:path=/run/user/1000/bus'), ('COLORTERM', 'truecolor'), ('IM_CONFIG_PHASE', '1'), ('WAYLAND_DISPLAY', 'wayland-0'), ('ROS_DISTRO', 'humble'), ('LOGNAME', 'aayush'), ('_', '/usr/bin/colcon'), ('ROS_VERSION', '2'), ('XDG_SESSION_CLASS', 'user'), ('MUJOCO_HOME', '/opt/mujoco'), ('USERNAME', 'aayush'), ('TERM', 'xterm-256color'), ('GNOME_DESKTOP_SESSION_ID', 'this-is-deprecated'), ('ROS_LOCALHOST_ONLY', '0'), ('PATH', '/opt/ros/humble/bin:/usr/local/sbin:/usr/local/bin:/usr/sbin:/usr/bin:/sbin:/bin:/usr/games:/usr/local/games:/snap/bin:/snap/bin:/opt/mujoco/bin'), ('SESSION_MANAGER', 'local/aayush-Inspiron-15-3530:@/tmp/.ICE-unix/1490,unix/aayush-Inspiron-15-3530:/tmp/.ICE-unix/1490'), ('XDG_MENU_PREFIX', 'gnome-'), ('GNOME_TERMINAL_SCREEN', '/org/gnome/Terminal/screen/7bff860e_c2d6_4ff4_a93f_fe6609d850c5'), ('GNOME_SETUP_DISPLAY', ':1'), ('XDG_RUNTIME_DIR', '/run/user/1000'), ('DISPLAY', ':0'), ('LANG', 'en_US.UTF-8'), ('XDG_CURRENT_DESKTOP', 'ubuntu:GNOME'), ('XMODIFIERS', '@im=ibus'), ('XDG_SESSION_DESKTOP', 'ubuntu'), ('XAUTHORITY', '/run/user/1000/.mutter-Xwaylandauth.LLYVW3'), ('LS_COLORS', 'rs=0:di=01;34:ln=01;36:mh=00:pi=40;33:so=01;35:do=01;35:bd=40;33;01:cd=40;33;01:or=40;31;01:mi=00:su=37;41:sg=30;43:ca=30;41:tw=30;42:ow=34;42:st=37;44:ex=01;32:*.tar=01;31:*.tgz=01;31:*.arc=01;31:*.arj=01;31:*.taz=01;31:*.lha=01;31:*.lz4=01;31:*.lzh=01;31:*.lzma=01;31:*.tlz=01;31:*.txz=01;31:*.tzo=01;31:*.t7z=01;31:*.zip=01;31:*.z=01;31:*.dz=01;31:*.gz=01;31:*.lrz=01;31:*.lz=01;31:*.lzo=01;31:*.xz=01;31:*.zst=01;31:*.tzst=01;31:*.bz2=01;31:*.bz=01;31:*.tbz=01;31:*.tbz2=01;31:*.tz=01;31:*.deb=01;31:*.rpm=01;31:*.jar=01;31:*.war=01;31:*.ear=01;31:*.sar=01;31:*.rar=01;31:*.alz=01;31:*.ace=01;31:*.zoo=01;31:*.cpio=01;31:*.7z=01;31:*.rz=01;31:*.cab=01;31:*.wim=01;31:*.swm=01;31:*.dwm=01;31:*.esd=01;31:*.jpg=01;35:*.jpeg=01;35:*.mjpg=01;35:*.mjpeg=01;35:*.gif=01;35:*.bmp=01;35:*.pbm=01;35:*.pgm=01;35:*.ppm=01;35:*.tga=01;35:*.xbm=01;35:*.xpm=01;35:*.tif=01;35:*.tiff=01;35:*.png=01;35:*.svg=01;35:*.svgz=01;35:*.mng=01;35:*.pcx=01;35:*.mov=01;35:*.mpg=01;35:*.mpeg=01;35:*.m2v=01;35:*.mkv=01;35:*.webm=01;35:*.webp=01;35:*.ogm=01;35:*.mp4=01;35:*.m4v=01;35:*.mp4v=01;35:*.vob=01;35:*.qt=01;35:*.nuv=01;35:*.wmv=01;35:*.asf=01;35:*.rm=01;35:*.rmvb=01;35:*.flc=01;35:*.avi=01;35:*.fli=01;35:*.flv=01;35:*.gl=01;35:*.dl=01;35:*.xcf=01;35:*.xwd=01;35:*.yuv=01;35:*.cgm=01;35:*.emf=01;35:*.ogv=01;35:*.ogx=01;35:*.aac=00;36:*.au=00;36:*.flac=00;36:*.m4a=00;36:*.mid=00;36:*.midi=00;36:*.mka=00;36:*.mp3=00;36:*.mpc=00;36:*.ogg=00;36:*.ra=00;36:*.wav=00;36:*.oga=00;36:*.opus=00;36:*.spx=00;36:*.xspf=00;36:'), ('GNOME_TERMINAL_SERVICE', ':1.120'), ('SSH_AGENT_LAUNCHER', 'gnome-keyring'), ('SSH_AUTH_SOCK', '/run/user/1000/keyring/ssh'), ('AMENT_PREFIX_PATH', '/home/aayush/eYRC/Software/workspace/install/shape_interface:/opt/ros/humble'), ('SHELL', '/bin/bash'), ('QT_ACCESSIBILITY', '1'), ('GDMSESSION', 'ubuntu'), ('LESSCLOSE', '/usr/bin/lesspipe %s %s'), ('QT_IM_MODULE', 'ibus'), ('PWD', '/home/aayush/eYRC/Software/workspace/build/task_1c'), ('LC_ALL', 'en_US.UTF-8'), ('XDG_CONFIG_DIRS', '/etc/xdg/xdg-ubuntu:/etc/xdg'), ('XDG_DATA_DIRS', '/usr/share/ubuntu:/usr/local/share/:/usr/share/:/var/lib/snapd/desktop'), ('PYTHONPATH', '/home/aayush/eYRC/Software/workspace/install/shape_interface/local/lib/python3.10/dist-packages:/opt/ros/humble/lib/python3.10/site-packages:/opt/ros/humble/local/lib/python3.10/dist-packages'), ('COLCON', '1'), ('VTE_VERSION', '6800'), ('CMAKE_PREFIX_PATH', '/home/aayush/eYRC/Software/workspace/install/shape_interface:/opt/ros/humble')]), 'shell': False}
[8.139843] (task_1c) StdoutLine: {'line': b'-- Install configuration: ""\n'}
[8.140072] (task_1c) StdoutLine: {'line': b'-- Installing: /home/aayush/eYRC/Software/workspace/install/task_1c/lib/task_1c/sim_control\n'}
[8.140280] (task_1c) StdoutLine: {'line': b'-- Installing: /home/aayush/eYRC/Software/workspace/install/task_1c/lib/task_1c/shape_service\n'}
[8.147311] (task_1c) StdoutLine: {'line': b'-- Installing: /home/aayush/eYRC/Software/workspace/install/task_1c/share/ament_index/resource_index/package_run_dependencies/task_1c\n'}
[8.147549] (task_1c) StdoutLine: {'line': b'-- Installing: /home/aayush/eYRC/Software/workspace/install/task_1c/share/ament_index/resource_index/parent_prefix_path/task_1c\n'}
[8.149592] (task_1c) StdoutLine: {'line': b'-- Installing: /home/aayush/eYRC/Software/workspace/install/task_1c/share/task_1c/environment/ament_prefix_path.sh\n'}
[8.149764] (task_1c) StdoutLine: {'line': b'-- Installing: /home/aayush/eYRC/Software/workspace/install/task_1c/share/task_1c/environment/ament_prefix_path.dsv\n'}
[8.149812] (task_1c) StdoutLine: {'line': b'-- Installing: /home/aayush/eYRC/Software/workspace/install/task_1c/share/task_1c/environment/path.sh\n'}
[8.149866] (task_1c) StdoutLine: {'line': b'-- Installing: /home/aayush/eYRC/Software/workspace/install/task_1c/share/task_1c/environment/path.dsv\n'}
[8.149909] (task_1c) StdoutLine: {'line': b'-- Installing: /home/aayush/eYRC/Software/workspace/install/task_1c/share/task_1c/local_setup.bash\n'}
[8.149950] (task_1c) StdoutLine: {'line': b'-- Installing: /home/aayush/eYRC/Software/workspace/install/task_1c/share/task_1c/local_setup.sh\n'}
[8.149983] (task_1c) StdoutLine: {'line': b'-- Installing: /home/aayush/eYRC/Software/workspace/install/task_1c/share/task_1c/local_setup.zsh\n'}
[8.150017] (task_1c) StdoutLine: {'line': b'-- Installing: /home/aayush/eYRC/Software/workspace/install/task_1c/share/task_1c/local_setup.dsv\n'}
[8.150049] (task_1c) StdoutLine: {'line': b'-- Installing: /home/aayush/eYRC/Software/workspace/install/task_1c/share/task_1c/package.dsv\n'}
[8.150081] (task_1c) StdoutLine: {'line': b'-- Installing: /home/aayush/eYRC/Software/workspace/install/task_1c/share/ament_index/resource_index/packages/task_1c\n'}
[8.150114] (task_1c) StdoutLine: {'line': b'-- Installing: /home/aayush/eYRC/Software/workspace/install/task_1c/share/task_1c/cmake/task_1cConfig.cmake\n'}
[8.150146] (task_1c) StdoutLine: {'line': b'-- Installing: /home/aayush/eYRC/Software/workspace/install/task_1c/share/task_1c/cmake/task_1cConfig-version.cmake\n'}
[8.150178] (task_1c) StdoutLine: {'line': b'-- Installing: /home/aayush/eYRC/Software/workspace/install/task_1c/share/task_1c/package.xml\n'}
[8.150785] (task_1c) CommandEnded: {'returncode': 0}
[8.163392] (task_1c) JobEnded: {'identifier': 'task_1c', 'rc': 0}
[8.230622] (-) TimerEvent: {}
[8.310592] (task_1a) StdoutLine: {'line': b'running egg_info\n'}
[8.311125] (task_1a) StdoutLine: {'line': b'creating task_1a.egg-info\n'}
[8.311377] (task_1a) StdoutLine: {'line': b'writing task_1a.egg-info/PKG-INFO\n'}
[8.311523] (task_1a) StdoutLine: {'line': b'writing dependency_links to task_1a.egg-info/dependency_links.txt\n'}
[8.311600] (task_1a) StdoutLine: {'line': b'writing top-level names to task_1a.egg-info/top_level.txt\n'}
[8.311684] (task_1a) StdoutLine: {'line': b"writing manifest file 'task_1a.egg-info/SOURCES.txt'\n"}
[8.312921] (task_1a) StdoutLine: {'line': b"reading manifest file 'task_1a.egg-info/SOURCES.txt'\n"}
[8.313378] (task_1a) StdoutLine: {'line': b"writing manifest file 'task_1a.egg-info/SOURCES.txt'\n"}
[8.330844] (-) TimerEvent: {}
[8.335497] (task_1a) StdoutLine: {'line': b'Built target ament_cmake_python_build_task_1a_egg\n'}
[8.345476] (task_1a) CommandEnded: {'returncode': 0}
[8.346159] (task_1a) JobProgress: {'identifier': 'task_1a', 'progress': 'install'}
[8.346448] (task_1a) Command: {'cmd': ['/usr/bin/cmake', '--install', '/home/aayush/eYRC/Software/workspace/build/task_1a'], 'cwd': '/home/aayush/eYRC/Software/workspace/build/task_1a', 'env': OrderedDict([('LESSOPEN', '| /usr/bin/lesspipe %s'), ('LANGUAGE', 'en_IN:en'), ('USER', 'aayush'), ('XDG_SESSION_TYPE', 'wayland'), ('SHLVL', '1'), ('LD_LIBRARY_PATH', '/home/aayush/eYRC/Software/workspace/install/shape_interface/lib:/opt/ros/humble/opt/rviz_ogre_vendor/lib:/opt/ros/humble/lib/x86_64-linux-gnu:/opt/ros/humble/lib:/opt/mujoco/lib'), ('HOME', '/home/aayush'), ('OLDPWD', '/home/aayush/eYRC'), ('DESKTOP_SESSION', 'ubuntu'), ('ROS_PYTHON_VERSION', '3'), ('GNOME_SHELL_SESSION_MODE', 'ubuntu'), ('GTK_MODULES', 'gail:atk-bridge'), ('SYSTEMD_EXEC_PID', '1531'), ('DBUS_SESSION_BUS_ADDRESS', 'unix:path=/run/user/1000/bus'), ('COLORTERM', 'truecolor'), ('IM_CONFIG_PHASE', '1'), ('WAYLAND_DISPLAY', 'wayland-0'), ('ROS_DISTRO', 'humble'), ('LOGNAME', 'aayush'), ('_', '/usr/bin/colcon'), ('ROS_VERSION', '2'), ('XDG_SESSION_CLASS', 'user'), ('MUJOCO_HOME', '/opt/mujoco'), ('USERNAME', 'aayush'), ('TERM', 'xterm-256color'), ('GNOME_DESKTOP_SESSION_ID', 'this-is-deprecated'), ('ROS_LOCALHOST_ONLY', '0'), ('PATH', '/opt/ros/humble/bin:/usr/local/sbin:/usr/local/bin:/usr/sbin:/usr/bin:/sbin:/bin:/usr/games:/usr/local/games:/snap/bin:/snap/bin:/opt/mujoco/bin'), ('SESSION_MANAGER', 'local/aayush-Inspiron-15-3530:@/tmp/.ICE-unix/1490,unix/aayush-Inspiron-15-3530:/tmp/.ICE-unix/1490'), ('XDG_MENU_PREFIX', 'gnome-'), ('GNOME_TERMINAL_SCREEN', '/org/gnome/Terminal/screen/7bff860e_c2d6_4ff4_a93f_fe6609d850c5'), ('GNOME_SETUP_DISPLAY', ':1'), ('XDG_RUNTIME_DIR', '/run/user/1000'), ('DISPLAY', ':0'), ('LANG', 'en_US.UTF-8'), ('XDG_CURRENT_DESKTOP', 'ubuntu:GNOME'), ('XMODIFIERS', '@im=ibus'), ('XDG_SESSION_DESKTOP', 'ubuntu'), ('XAUTHORITY', '/run/user/1000/.mutter-Xwaylandauth.LLYVW3'), ('LS_COLORS', 'rs=0:di=01;34:ln=01;36:mh=00:pi=40;33:so=01;35:do=01;35:bd=40;33;01:cd=40;33;01:or=40;31;01:mi=00:su=37;41:sg=30;43:ca=30;41:tw=30;42:ow=34;42:st=37;44:ex=01;32:*.tar=01;31:*.tgz=01;31:*.arc=01;31:*.arj=01;31:*.taz=01;31:*.lha=01;31:*.lz4=01;31:*.lzh=01;31:*.lzma=01;31:*.tlz=01;31:*.txz=01;31:*.tzo=01;31:*.t7z=01;31:*.zip=01;31:*.z=01;31:*.dz=01;31:*.gz=01;31:*.lrz=01;31:*.lz=01;31:*.lzo=01;31:*.xz=01;31:*.zst=01;31:*.tzst=01;31:*.bz2=01;31:*.bz=01;31:*.tbz=01;31:*.tbz2=01;31:*.tz=01;31:*.deb=01;31:*.rpm=01;31:*.jar=01;31:*.war=01;31:*.ear=01;31:*.sar=01;31:*.rar=01;31:*.alz=01;31:*.ace=01;31:*.zoo=01;31:*.cpio=01;31:*.7z=01;31:*.rz=01;31:*.cab=01;31:*.wim=01;31:*.swm=01;31:*.dwm=01;31:*.esd=01;31:*.jpg=01;35:*.jpeg=01;35:*.mjpg=01;35:*.mjpeg=01;35:*.gif=01;35:*.bmp=01;35:*.pbm=01;35:*.pgm=01;35:*.ppm=01;35:*.tga=01;35:*.xbm=01;35:*.xpm=01;35:*.tif=01;35:*.tiff=01;35:*.png=01;35:*.svg=01;35:*.svgz=01;35:*.mng=01;35:*.pcx=01;35:*.mov=01;35:*.mpg=01;35:*.mpeg=01;35:*.m2v=01;35:*.mkv=01;35:*.webm=01;35:*.webp=01;35:*.ogm=01;35:*.mp4=01;35:*.m4v=01;35:*.mp4v=01;35:*.vob=01;35:*.qt=01;35:*.nuv=01;35:*.wmv=01;35:*.asf=01;35:*.rm=01;35:*.rmvb=01;35:*.flc=01;35:*.avi=01;35:*.fli=01;35:*.flv=01;35:*.gl=01;35:*.dl=01;35:*.xcf=01;35:*.xwd=01;35:*.yuv=01;35:*.cgm=01;35:*.emf=01;35:*.ogv=01;35:*.ogx=01;35:*.aac=00;36:*.au=00;36:*.flac=00;36:*.m4a=00;36:*.mid=00;36:*.midi=00;36:*.mka=00;36:*.mp3=00;36:*.mpc=00;36:*.ogg=00;36:*.ra=00;36:*.wav=00;36:*.oga=00;36:*.opus=00;36:*.spx=00;36:*.xspf=00;36:'), ('GNOME_TERMINAL_SERVICE', ':1.120'), ('SSH_AGENT_LAUNCHER', 'gnome-keyring'), ('SSH_AUTH_SOCK', '/run/user/1000/keyring/ssh'), ('AMENT_PREFIX_PATH', '/home/aayush/eYRC/Software/workspace/install/shape_interface:/opt/ros/humble'), ('SHELL', '/bin/bash'), ('QT_ACCESSIBILITY', '1'), ('GDMSESSION', 'ubuntu'), ('LESSCLOSE', '/usr/bin/lesspipe %s %s'), ('QT_IM_MODULE', 'ibus'), ('PWD', '/home/aayush/eYRC/Software/workspace/build/task_1a'), ('LC_ALL', 'en_US.UTF-8'), ('XDG_CONFIG_DIRS', '/etc/xdg/xdg-ubuntu:/etc/xdg'), ('XDG_DATA_DIRS', '/usr/share/ubuntu:/usr/local/share/:/usr/share/:/var/lib/snapd/desktop'), ('PYTHONPATH', '/home/aayush/eYRC/Software/workspace/install/shape_interface/local/lib/python3.10/dist-packages:/opt/ros/humble/lib/python3.10/site-packages:/opt/ros/humble/local/lib/python3.10/dist-packages'), ('COLCON', '1'), ('VTE_VERSION', '6800'), ('CMAKE_PREFIX_PATH', '/home/aayush/eYRC/Software/workspace/install/shape_interface:/opt/ros/humble')]), 'shell': False}
[8.355171] (task_1a) StdoutLine: {'line': b'-- Install configuration: ""\n'}
[8.355380] (task_1a) StdoutLine: {'line': b'-- Installing: /home/aayush/eYRC/Software/workspace/install/task_1a/lib/task_1a/pixel_to_world_service\n'}
[8.431138] (-) TimerEvent: {}
[8.439065] (task_1a) StdoutLine: {'line': b'-- Installing: /home/aayush/eYRC/Software/workspace/install/task_1a/share/task_1a/environment/pythonpath.sh\n'}
[8.439247] (task_1a) StdoutLine: {'line': b'-- Installing: /home/aayush/eYRC/Software/workspace/install/task_1a/share/task_1a/environment/pythonpath.dsv\n'}
[8.439543] (task_1a) StdoutLine: {'line': b'-- Installing: /home/aayush/eYRC/Software/workspace/install/task_1a/local/lib/python3.10/dist-packages/task_1a-0.0.1-py3.10.egg-info\n'}
[8.439633] (task_1a) StdoutLine: {'line': b'-- Installing: /home/aayush/eYRC/Software/workspace/install/task_1a/local/lib/python3.10/dist-packages/task_1a-0.0.1-py3.10.egg-info/SOURCES.txt\n'}
[8.439709] (task_1a) StdoutLine: {'line': b'-- Installing: /home/aayush/eYRC/Software/workspace/install/task_1a/local/lib/python3.10/dist-packages/task_1a-0.0.1-py3.10.egg-info/top_level.txt\n'}
[8.439745] (task_1a) StdoutLine: {'line': b'-- Installing: /home/aayush/eYRC/Software/workspace/install/task_1a/local/lib/python3.10/dist-packages/task_1a-0.0.1-py3.10.egg-info/PKG-INFO\n'}
[8.439781] (task_1a) StdoutLine: {'line': b'-- Installing: /home/aayush/eYRC/Software/workspace/install/task_1a/local/lib/python3.10/dist-packages/task_1a-0.0.1-py3.10.egg-info/dependency_links.txt\n'}
[8.440000] (task_1a) StdoutLine: {'line': b'-- Installing: /home/aayush/eYRC/Software/workspace/install/task_1a/local/lib/python3.10/dist-packages/task_1a\n'}
[8.440109] (task_1a) StdoutLine: {'line': b'-- Installing: /home/aayush/eYRC/Software/workspace/install/task_1a/local/lib/python3.10/dist-packages/task_1a/__init__.py\n'}
[8.440203] (task_1a) StdoutLine: {'line': b'-- Installing: /home/aayush/eYRC/Software/workspace/install/task_1a/local/lib/python3.10/dist-packages/task_1a/camera_detection_task1a_ready.py\n'}
[8.440409] (task_1a) StdoutLine: {'line': b'-- Installing: /home/aayush/eYRC/Software/workspace/install/task_1a/local/lib/python3.10/dist-packages/task_1a/camera_detection.py\n'}
[8.468583] (task_1a) StdoutLine: {'line': b"Listing '/home/aayush/eYRC/Software/workspace/install/task_1a/local/lib/python3.10/dist-packages/task_1a'...\n"}
[8.468753] (task_1a) StdoutLine: {'line': b"Compiling '/home/aayush/eYRC/Software/workspace/install/task_1a/local/lib/python3.10/dist-packages/task_1a/__init__.py'...\n"}
[8.468812] (task_1a) StdoutLine: {'line': b"Compiling '/home/aayush/eYRC/Software/workspace/install/task_1a/local/lib/python3.10/dist-packages/task_1a/camera_detection.py'...\n"}
[8.468880] (task_1a) StdoutLine: {'line': b"Compiling '/home/aayush/eYRC/Software/workspace/install/task_1a/local/lib/python3.10/dist-packages/task_1a/camera_detection_task1a_ready.py'...\n"}
[8.474169] (task_1a) StdoutLine: {'line': b'-- Installing: /home/aayush/eYRC/Software/workspace/install/task_1a/lib/task_1a/camera_detection\n'}
[8.474528] (task_1a) StdoutLine: {'line': b'-- Installing: /home/aayush/eYRC/Software/workspace/install/task_1a/share/ament_index/resource_index/package_run_dependencies/task_1a\n'}
[8.474777] (task_1a) StdoutLine: {'line': b'-- Installing: /home/aayush/eYRC/Software/workspace/install/task_1a/share/ament_index/resource_index/parent_prefix_path/task_1a\n'}
[8.474886] (task_1a) StdoutLine: {'line': b'-- Installing: /home/aayush/eYRC/Software/workspace/install/task_1a/share/task_1a/environment/ament_prefix_path.sh\n'}
[8.475138] (task_1a) StdoutLine: {'line': b'-- Installing: /home/aayush/eYRC/Software/workspace/install/task_1a/share/task_1a/environment/ament_prefix_path.dsv\n'}
[8.475231] (task_1a) StdoutLine: {'line': b'-- Installing: /home/aayush/eYRC/Software/workspace/install/task_1a/share/task_1a/environment/path.sh\n'}
[8.475313] (task_1a) StdoutLine: {'line': b'-- Installing: /home/aayush/eYRC/Software/workspace/install/task_1a/share/task_1a/environment/path.dsv\n'}
[8.475354] (task_1a) StdoutLine: {'line': b'-- Installing: /home/aayush/eYRC/Software/workspace/install/task_1a/share/task_1a/local_setup.bash\n'}
[8.475538] (task_1a) StdoutLine: {'line': b'-- Installing: /home/aayush/eYRC/Software/workspace/install/task_1a/share/task_1a/local_setup.sh\n'}
[8.475651] (task_1a) StdoutLine: {'line': b'-- Installing: /home/aayush/eYRC/Software/workspace/install/task_1a/share/task_1a/local_setup.zsh\n'}
[8.475759] (task_1a) StdoutLine: {'line': b'-- Installing: /home/aayush/eYRC/Software/workspace/install/task_1a/share/task_1a/local_setup.dsv\n'}
[8.475988] (task_1a) StdoutLine: {'line': b'-- Installing: /home/aayush/eYRC/Software/workspace/install/task_1a/share/task_1a/package.dsv\n'}
[8.476116] (task_1a) StdoutLine: {'line': b'-- Installing: /home/aayush/eYRC/Software/workspace/install/task_1a/share/ament_index/resource_index/packages/task_1a\n'}
[8.476282] (task_1a) StdoutLine: {'line': b'-- Installing: /home/aayush/eYRC/Software/workspace/install/task_1a/share/task_1a/cmake/task_1aConfig.cmake\n'}
[8.476472] (task_1a) StdoutLine: {'line': b'-- Installing: /home/aayush/eYRC/Software/workspace/install/task_1a/share/task_1a/cmake/task_1aConfig-version.cmake\n'}
[8.476613] (task_1a) StdoutLine: {'line': b'-- Installing: /home/aayush/eYRC/Software/workspace/install/task_1a/share/task_1a/package.xml\n'}
[8.478991] (task_1a) CommandEnded: {'returncode': 0}
[8.494872] (task_1a) JobEnded: {'identifier': 'task_1a', 'rc': 0}
[8.495425] (hb_description) JobStarted: {'identifier': 'hb_description'}
[8.501946] (hb_description) JobProgress: {'identifier': 'hb_description', 'progress': 'cmake'}
[8.502576] (hb_description) Command: {'cmd': ['/usr/bin/cmake', '/home/aayush/eYRC/Software/workspace/src/hb_description', '-DCMAKE_INSTALL_PREFIX=/home/aayush/eYRC/Software/workspace/install/hb_description'], 'cwd': '/home/aayush/eYRC/Software/workspace/build/hb_description', 'env': OrderedDict([('LESSOPEN', '| /usr/bin/lesspipe %s'), ('LANGUAGE', 'en_IN:en'), ('USER', 'aayush'), ('XDG_SESSION_TYPE', 'wayland'), ('SHLVL', '1'), ('LD_LIBRARY_PATH', '/home/aayush/eYRC/Software/workspace/install/shape_interface/lib:/opt/ros/humble/opt/rviz_ogre_vendor/lib:/opt/ros/humble/lib/x86_64-linux-gnu:/opt/ros/humble/lib:/opt/mujoco/lib'), ('HOME', '/home/aayush'), ('OLDPWD', '/home/aayush/eYRC'), ('DESKTOP_SESSION', 'ubuntu'), ('ROS_PYTHON_VERSION', '3'), ('GNOME_SHELL_SESSION_MODE', 'ubuntu'), ('GTK_MODULES', 'gail:atk-bridge'), ('SYSTEMD_EXEC_PID', '1531'), ('DBUS_SESSION_BUS_ADDRESS', 'unix:path=/run/user/1000/bus'), ('COLORTERM', 'truecolor'), ('IM_CONFIG_PHASE', '1'), ('WAYLAND_DISPLAY', 'wayland-0'), ('ROS_DISTRO', 'humble'), ('LOGNAME', 'aayush'), ('_', '/usr/bin/colcon'), ('ROS_VERSION', '2'), ('XDG_SESSION_CLASS', 'user'), ('MUJOCO_HOME', '/opt/mujoco'), ('USERNAME', 'aayush'), ('TERM', 'xterm-256color'), ('GNOME_DESKTOP_SESSION_ID', 'this-is-deprecated'), ('ROS_LOCALHOST_ONLY', '0'), ('PATH', '/opt/ros/humble/bin:/usr/local/sbin:/usr/local/bin:/usr/sbin:/usr/bin:/sbin:/bin:/usr/games:/usr/local/games:/snap/bin:/snap/bin:/opt/mujoco/bin'), ('SESSION_MANAGER', 'local/aayush-Inspiron-15-3530:@/tmp/.ICE-unix/1490,unix/aayush-Inspiron-15-3530:/tmp/.ICE-unix/1490'), ('XDG_MENU_PREFIX', 'gnome-'), ('GNOME_TERMINAL_SCREEN', '/org/gnome/Terminal/screen/7bff860e_c2d6_4ff4_a93f_fe6609d850c5'), ('GNOME_SETUP_DISPLAY', ':1'), ('XDG_RUNTIME_DIR', '/run/user/1000'), ('DISPLAY', ':0'), ('LANG', 'en_US.UTF-8'), ('XDG_CURRENT_DESKTOP', 'ubuntu:GNOME'), ('XMODIFIERS', '@im=ibus'), ('XDG_SESSION_DESKTOP', 'ubuntu'), ('XAUTHORITY', '/run/user/1000/.mutter-Xwaylandauth.LLYVW3'), ('LS_COLORS', 'rs=0:di=01;34:ln=01;36:mh=00:pi=40;33:so=01;35:do=01;35:bd=40;33;01:cd=40;33;01:or=40;31;01:mi=00:su=37;41:sg=30;43:ca=30;41:tw=30;42:ow=34;42:st=37;44:ex=01;32:*.tar=01;31:*.tgz=01;31:*.arc=01;31:*.arj=01;31:*.taz=01;31:*.lha=01;31:*.lz4=01;31:*.lzh=01;31:*.lzma=01;31:*.tlz=01;31:*.txz=01;31:*.tzo=01;31:*.t7z=01;31:*.zip=01;31:*.z=01;31:*.dz=01;31:*.gz=01;31:*.lrz=01;31:*.lz=01;31:*.lzo=01;31:*.xz=01;31:*.zst=01;31:*.tzst=01;31:*.bz2=01;31:*.bz=01;31:*.tbz=01;31:*.tbz2=01;31:*.tz=01;31:*.deb=01;31:*.rpm=01;31:*.jar=01;31:*.war=01;31:*.ear=01;31:*.sar=01;31:*.rar=01;31:*.alz=01;31:*.ace=01;31:*.zoo=01;31:*.cpio=01;31:*.7z=01;31:*.rz=01;31:*.cab=01;31:*.wim=01;31:*.swm=01;31:*.dwm=01;31:*.esd=01;31:*.jpg=01;35:*.jpeg=01;35:*.mjpg=01;35:*.mjpeg=01;35:*.gif=01;35:*.bmp=01;35:*.pbm=01;35:*.pgm=01;35:*.ppm=01;35:*.tga=01;35:*.xbm=01;35:*.xpm=01;35:*.tif=01;35:*.tiff=01;35:*.png=01;35:*.svg=01;35:*.svgz=01;35:*.mng=01;35:*.pcx=01;35:*.mov=01;35:*.mpg=01;35:*.mpeg=01;35:*.m2v=01;35:*.mkv=01;35:*.webm=01;35:*.webp=01;35:*.ogm=01;35:*.mp4=01;35:*.m4v=01;35:*.mp4v=01;35:*.vob=01;35:*.qt=01;35:*.nuv=01;35:*.wmv=01;35:*.asf=01;35:*.rm=01;35:*.rmvb=01;35:*.flc=01;35:*.avi=01;35:*.fli=01;35:*.flv=01;35:*.gl=01;35:*.dl=01;35:*.xcf=01;35:*.xwd=01;35:*.yuv=01;35:*.cgm=01;35:*.emf=01;35:*.ogv=01;35:*.ogx=01;35:*.aac=00;36:*.au=00;36:*.flac=00;36:*.m4a=00;36:*.mid=00;36:*.midi=00;36:*.mka=00;36:*.mp3=00;36:*.mpc=00;36:*.ogg=00;36:*.ra=00;36:*.wav=00;36:*.oga=00;36:*.opus=00;36:*.spx=00;36:*.xspf=00;36:'), ('GNOME_TERMINAL_SERVICE', ':1.120'), ('SSH_AGENT_LAUNCHER', 'gnome-keyring'), ('SSH_AUTH_SOCK', '/run/user/1000/keyring/ssh'), ('AMENT_PREFIX_PATH', '/home/aayush/eYRC/Software/workspace/install/task_1a:/home/aayush/eYRC/Software/workspace/install/shape_interface:/opt/ros/humble'), ('SHELL', '/bin/bash'), ('QT_ACCESSIBILITY', '1'), ('GDMSESSION', 'ubuntu'), ('LESSCLOSE', '/usr/bin/lesspipe %s %s'), ('QT_IM_MODULE', 'ibus'), ('PWD', '/home/aayush/eYRC/Software/workspace/build/hb_description'), ('LC_ALL', 'en_US.UTF-8'), ('XDG_CONFIG_DIRS', '/etc/xdg/xdg-ubuntu:/etc/xdg'), ('XDG_DATA_DIRS', '/usr/share/ubuntu:/usr/local/share/:/usr/share/:/var/lib/snapd/desktop'), ('PYTHONPATH', '/home/aayush/eYRC/Software/workspace/install/task_1a/local/lib/python3.10/dist-packages:/home/aayush/eYRC/Software/workspace/install/shape_interface/local/lib/python3.10/dist-packages:/opt/ros/humble/lib/python3.10/site-packages:/opt/ros/humble/local/lib/python3.10/dist-packages'), ('COLCON', '1'), ('VTE_VERSION', '6800'), ('CMAKE_PREFIX_PATH', '/home/aayush/eYRC/Software/workspace/install/task_1a:/home/aayush/eYRC/Software/workspace/install/shape_interface:/opt/ros/humble')]), 'shell': False}
[8.531240] (-) TimerEvent: {}
[8.631645] (-) TimerEvent: {}
[8.651944] (hb_description) StdoutLine: {'line': b'-- The C compiler identification is GNU 11.4.0\n'}
[8.731996] (-) TimerEvent: {}
[8.753727] (hb_description) StdoutLine: {'line': b'-- The CXX compiler identification is GNU 11.4.0\n'}
[8.761008] (hb_description) StdoutLine: {'line': b'-- Detecting C compiler ABI info\n'}
[8.832093] (-) TimerEvent: {}
[8.914351] (hb_description) StdoutLine: {'line': b'-- Detecting C compiler ABI info - done\n'}
[8.922249] (hb_description) StdoutLine: {'line': b'-- Check for working C compiler: /usr/bin/cc - skipped\n'}
[8.922531] (hb_description) StdoutLine: {'line': b'-- Detecting C compile features\n'}
[8.923168] (hb_description) StdoutLine: {'line': b'-- Detecting C compile features - done\n'}
[8.927226] (hb_description) StdoutLine: {'line': b'-- Detecting CXX compiler ABI info\n'}
[8.932158] (-) TimerEvent: {}
[9.002184] (hb_description) StdoutLine: {'line': b'-- Detecting CXX compiler ABI info - done\n'}
[9.010547] (hb_description) StdoutLine: {'line': b'-- Check for working CXX compiler: /usr/bin/c++ - skipped\n'}
[9.011049] (hb_description) StdoutLine: {'line': b'-- Detecting CXX compile features\n'}
[9.011403] (hb_description) StdoutLine: {'line': b'-- Detecting CXX compile features - done\n'}
[9.012726] (hb_description) StdoutLine: {'line': b'-- Found ament_cmake: 1.3.14 (/opt/ros/humble/share/ament_cmake/cmake)\n'}
[9.032286] (-) TimerEvent: {}
[9.128190] (hb_description) StdoutLine: {'line': b'-- Found Python3: /usr/bin/python3 (found version "3.10.12") found components: Interpreter \n'}
[9.132412] (-) TimerEvent: {}
[9.232895] (-) TimerEvent: {}
[9.240312] (hb_description) StdoutLine: {'line': b'-- Configuring done\n'}
[9.241857] (hb_description) StdoutLine: {'line': b'-- Generating done\n'}
[9.243080] (hb_description) StdoutLine: {'line': b'-- Build files have been written to: /home/aayush/eYRC/Software/workspace/build/hb_description\n'}
[9.246741] (hb_description) CommandEnded: {'returncode': 0}
[9.247453] (hb_description) JobProgress: {'identifier': 'hb_description', 'progress': 'build'}
[9.247719] (hb_description) Command: {'cmd': ['/usr/bin/cmake', '--build', '/home/aayush/eYRC/Software/workspace/build/hb_description', '--', '-j6', '-l6'], 'cwd': '/home/aayush/eYRC/Software/workspace/build/hb_description', 'env': OrderedDict([('LESSOPEN', '| /usr/bin/lesspipe %s'), ('LANGUAGE', 'en_IN:en'), ('USER', 'aayush'), ('XDG_SESSION_TYPE', 'wayland'), ('SHLVL', '1'), ('LD_LIBRARY_PATH', '/home/aayush/eYRC/Software/workspace/install/shape_interface/lib:/opt/ros/humble/opt/rviz_ogre_vendor/lib:/opt/ros/humble/lib/x86_64-linux-gnu:/opt/ros/humble/lib:/opt/mujoco/lib'), ('HOME', '/home/aayush'), ('OLDPWD', '/home/aayush/eYRC'), ('DESKTOP_SESSION', 'ubuntu'), ('ROS_PYTHON_VERSION', '3'), ('GNOME_SHELL_SESSION_MODE', 'ubuntu'), ('GTK_MODULES', 'gail:atk-bridge'), ('SYSTEMD_EXEC_PID', '1531'), ('DBUS_SESSION_BUS_ADDRESS', 'unix:path=/run/user/1000/bus'), ('COLORTERM', 'truecolor'), ('IM_CONFIG_PHASE', '1'), ('WAYLAND_DISPLAY', 'wayland-0'), ('ROS_DISTRO', 'humble'), ('LOGNAME', 'aayush'), ('_', '/usr/bin/colcon'), ('ROS_VERSION', '2'), ('XDG_SESSION_CLASS', 'user'), ('MUJOCO_HOME', '/opt/mujoco'), ('USERNAME', 'aayush'), ('TERM', 'xterm-256color'), ('GNOME_DESKTOP_SESSION_ID', 'this-is-deprecated'), ('ROS_LOCALHOST_ONLY', '0'), ('PATH', '/opt/ros/humble/bin:/usr/local/sbin:/usr/local/bin:/usr/sbin:/usr/bin:/sbin:/bin:/usr/games:/usr/local/games:/snap/bin:/snap/bin:/opt/mujoco/bin'), ('SESSION_MANAGER', 'local/aayush-Inspiron-15-3530:@/tmp/.ICE-unix/1490,unix/aayush-Inspiron-15-3530:/tmp/.ICE-unix/1490'), ('XDG_MENU_PREFIX', 'gnome-'), ('GNOME_TERMINAL_SCREEN', '/org/gnome/Terminal/screen/7bff860e_c2d6_4ff4_a93f_fe6609d850c5'), ('GNOME_SETUP_DISPLAY', ':1'), ('XDG_RUNTIME_DIR', '/run/user/1000'), ('DISPLAY', ':0'), ('LANG', 'en_US.UTF-8'), ('XDG_CURRENT_DESKTOP', 'ubuntu:GNOME'), ('XMODIFIERS', '@im=ibus'), ('XDG_SESSION_DESKTOP', 'ubuntu'), ('XAUTHORITY', '/run/user/1000/.mutter-Xwaylandauth.LLYVW3'), ('LS_COLORS', 'rs=0:di=01;34:ln=01;36:mh=00:pi=40;33:so=01;35:do=01;35:bd=40;33;01:cd=40;33;01:or=40;31;01:mi=00:su=37;41:sg=30;43:ca=30;41:tw=30;42:ow=34;42:st=37;44:ex=01;32:*.tar=01;31:*.tgz=01;31:*.arc=01;31:*.arj=01;31:*.taz=01;31:*.lha=01;31:*.lz4=01;31:*.lzh=01;31:*.lzma=01;31:*.tlz=01;31:*.txz=01;31:*.tzo=01;31:*.t7z=01;31:*.zip=01;31:*.z=01;31:*.dz=01;31:*.gz=01;31:*.lrz=01;31:*.lz=01;31:*.lzo=01;31:*.xz=01;31:*.zst=01;31:*.tzst=01;31:*.bz2=01;31:*.bz=01;31:*.tbz=01;31:*.tbz2=01;31:*.tz=01;31:*.deb=01;31:*.rpm=01;31:*.jar=01;31:*.war=01;31:*.ear=01;31:*.sar=01;31:*.rar=01;31:*.alz=01;31:*.ace=01;31:*.zoo=01;31:*.cpio=01;31:*.7z=01;31:*.rz=01;31:*.cab=01;31:*.wim=01;31:*.swm=01;31:*.dwm=01;31:*.esd=01;31:*.jpg=01;35:*.jpeg=01;35:*.mjpg=01;35:*.mjpeg=01;35:*.gif=01;35:*.bmp=01;35:*.pbm=01;35:*.pgm=01;35:*.ppm=01;35:*.tga=01;35:*.xbm=01;35:*.xpm=01;35:*.tif=01;35:*.tiff=01;35:*.png=01;35:*.svg=01;35:*.svgz=01;35:*.mng=01;35:*.pcx=01;35:*.mov=01;35:*.mpg=01;35:*.mpeg=01;35:*.m2v=01;35:*.mkv=01;35:*.webm=01;35:*.webp=01;35:*.ogm=01;35:*.mp4=01;35:*.m4v=01;35:*.mp4v=01;35:*.vob=01;35:*.qt=01;35:*.nuv=01;35:*.wmv=01;35:*.asf=01;35:*.rm=01;35:*.rmvb=01;35:*.flc=01;35:*.avi=01;35:*.fli=01;35:*.flv=01;35:*.gl=01;35:*.dl=01;35:*.xcf=01;35:*.xwd=01;35:*.yuv=01;35:*.cgm=01;35:*.emf=01;35:*.ogv=01;35:*.ogx=01;35:*.aac=00;36:*.au=00;36:*.flac=00;36:*.m4a=00;36:*.mid=00;36:*.midi=00;36:*.mka=00;36:*.mp3=00;36:*.mpc=00;36:*.ogg=00;36:*.ra=00;36:*.wav=00;36:*.oga=00;36:*.opus=00;36:*.spx=00;36:*.xspf=00;36:'), ('GNOME_TERMINAL_SERVICE', ':1.120'), ('SSH_AGENT_LAUNCHER', 'gnome-keyring'), ('SSH_AUTH_SOCK', '/run/user/1000/keyring/ssh'), ('AMENT_PREFIX_PATH', '/home/aayush/eYRC/Software/workspace/install/task_1a:/home/aayush/eYRC/Software/workspace/install/shape_interface:/opt/ros/humble'), ('SHELL', '/bin/bash'), ('QT_ACCESSIBILITY', '1'), ('GDMSESSION', 'ubuntu'), ('LESSCLOSE', '/usr/bin/lesspipe %s %s'), ('QT_IM_MODULE', 'ibus'), ('PWD', '/home/aayush/eYRC/Software/workspace/build/hb_description'), ('LC_ALL', 'en_US.UTF-8'), ('XDG_CONFIG_DIRS', '/etc/xdg/xdg-ubuntu:/etc/xdg'), ('XDG_DATA_DIRS', '/usr/share/ubuntu:/usr/local/share/:/usr/share/:/var/lib/snapd/desktop'), ('PYTHONPATH', '/home/aayush/eYRC/Software/workspace/install/task_1a/local/lib/python3.10/dist-packages:/home/aayush/eYRC/Software/workspace/install/shape_interface/local/lib/python3.10/dist-packages:/opt/ros/humble/lib/python3.10/site-packages:/opt/ros/humble/local/lib/python3.10/dist-packages'), ('COLCON', '1'), ('VTE_VERSION', '6800'), ('CMAKE_PREFIX_PATH', '/home/aayush/eYRC/Software/workspace/install/task_1a:/home/aayush/eYRC/Software/workspace/install/shape_interface:/opt/ros/humble')]), 'shell': False}
[9.285494] (hb_description) CommandEnded: {'returncode': 0}
[9.286212] (hb_description) JobProgress: {'identifier': 'hb_description', 'progress': 'install'}
[9.286383] (hb_description) Command: {'cmd': ['/usr/bin/cmake', '--install', '/home/aayush/eYRC/Software/workspace/build/hb_description'], 'cwd': '/home/aayush/eYRC/Software/workspace/build/hb_description', 'env': OrderedDict([('LESSOPEN', '| /usr/bin/lesspipe %s'), ('LANGUAGE', 'en_IN:en'), ('USER', 'aayush'), ('XDG_SESSION_TYPE', 'wayland'), ('SHLVL', '1'), ('LD_LIBRARY_PATH', '/home/aayush/eYRC/Software/workspace/install/shape_interface/lib:/opt/ros/humble/opt/rviz_ogre_vendor/lib:/opt/ros/humble/lib/x86_64-linux-gnu:/opt/ros/humble/lib:/opt/mujoco/lib'), ('HOME', '/home/aayush'), ('OLDPWD', '/home/aayush/eYRC'), ('DESKTOP_SESSION', 'ubuntu'), ('ROS_PYTHON_VERSION', '3'), ('GNOME_SHELL_SESSION_MODE', 'ubuntu'), ('GTK_MODULES', 'gail:atk-bridge'), ('SYSTEMD_EXEC_PID', '1531'), ('DBUS_SESSION_BUS_ADDRESS', 'unix:path=/run/user/1000/bus'), ('COLORTERM', 'truecolor'), ('IM_CONFIG_PHASE', '1'), ('WAYLAND_DISPLAY', 'wayland-0'), ('ROS_DISTRO', 'humble'), ('LOGNAME', 'aayush'), ('_', '/usr/bin/colcon'), ('ROS_VERSION', '2'), ('XDG_SESSION_CLASS', 'user'), ('MUJOCO_HOME', '/opt/mujoco'), ('USERNAME', 'aayush'), ('TERM', 'xterm-256color'), ('GNOME_DESKTOP_SESSION_ID', 'this-is-deprecated'), ('ROS_LOCALHOST_ONLY', '0'), ('PATH', '/opt/ros/humble/bin:/usr/local/sbin:/usr/local/bin:/usr/sbin:/usr/bin:/sbin:/bin:/usr/games:/usr/local/games:/snap/bin:/snap/bin:/opt/mujoco/bin'), ('SESSION_MANAGER', 'local/aayush-Inspiron-15-3530:@/tmp/.ICE-unix/1490,unix/aayush-Inspiron-15-3530:/tmp/.ICE-unix/1490'), ('XDG_MENU_PREFIX', 'gnome-'), ('GNOME_TERMINAL_SCREEN', '/org/gnome/Terminal/screen/7bff860e_c2d6_4ff4_a93f_fe6609d850c5'), ('GNOME_SETUP_DISPLAY', ':1'), ('XDG_RUNTIME_DIR', '/run/user/1000'), ('DISPLAY', ':0'), ('LANG', 'en_US.UTF-8'), ('XDG_CURRENT_DESKTOP', 'ubuntu:GNOME'), ('XMODIFIERS', '@im=ibus'), ('XDG_SESSION_DESKTOP', 'ubuntu'), ('XAUTHORITY', '/run/user/1000/.mutter-Xwaylandauth.LLYVW3'), ('LS_COLORS', 'rs=0:di=01;34:ln=01;36:mh=00:pi=40;33:so=01;35:do=01;35:bd=40;33;01:cd=40;33;01:or=40;31;01:mi=00:su=37;41:sg=30;43:ca=30;41:tw=30;42:ow=34;42:st=37;44:ex=01;32:*.tar=01;31:*.tgz=01;31:*.arc=01;31:*.arj=01;31:*.taz=01;31:*.lha=01;31:*.lz4=01;31:*.lzh=01;31:*.lzma=01;31:*.tlz=01;31:*.txz=01;31:*.tzo=01;31:*.t7z=01;31:*.zip=01;31:*.z=01;31:*.dz=01;31:*.gz=01;31:*.lrz=01;31:*.lz=01;31:*.lzo=01;31:*.xz=01;31:*.zst=01;31:*.tzst=01;31:*.bz2=01;31:*.bz=01;31:*.tbz=01;31:*.tbz2=01;31:*.tz=01;31:*.deb=01;31:*.rpm=01;31:*.jar=01;31:*.war=01;31:*.ear=01;31:*.sar=01;31:*.rar=01;31:*.alz=01;31:*.ace=01;31:*.zoo=01;31:*.cpio=01;31:*.7z=01;31:*.rz=01;31:*.cab=01;31:*.wim=01;31:*.swm=01;31:*.dwm=01;31:*.esd=01;31:*.jpg=01;35:*.jpeg=01;35:*.mjpg=01;35:*.mjpeg=01;35:*.gif=01;35:*.bmp=01;35:*.pbm=01;35:*.pgm=01;35:*.ppm=01;35:*.tga=01;35:*.xbm=01;35:*.xpm=01;35:*.tif=01;35:*.tiff=01;35:*.png=01;35:*.svg=01;35:*.svgz=01;35:*.mng=01;35:*.pcx=01;35:*.mov=01;35:*.mpg=01;35:*.mpeg=01;35:*.m2v=01;35:*.mkv=01;35:*.webm=01;35:*.webp=01;35:*.ogm=01;35:*.mp4=01;35:*.m4v=01;35:*.mp4v=01;35:*.vob=01;35:*.qt=01;35:*.nuv=01;35:*.wmv=01;35:*.asf=01;35:*.rm=01;35:*.rmvb=01;35:*.flc=01;35:*.avi=01;35:*.fli=01;35:*.flv=01;35:*.gl=01;35:*.dl=01;35:*.xcf=01;35:*.xwd=01;35:*.yuv=01;35:*.cgm=01;35:*.emf=01;35:*.ogv=01;35:*.ogx=01;35:*.aac=00;36:*.au=00;36:*.flac=00;36:*.m4a=00;36:*.mid=00;36:*.midi=00;36:*.mka=00;36:*.mp3=00;36:*.mpc=00;36:*.ogg=00;36:*.ra=00;36:*.wav=00;36:*.oga=00;36:*.opus=00;36:*.spx=00;36:*.xspf=00;36:'), ('GNOME_TERMINAL_SERVICE', ':1.120'), ('SSH_AGENT_LAUNCHER', 'gnome-keyring'), ('SSH_AUTH_SOCK', '/run/user/1000/keyring/ssh'), ('AMENT_PREFIX_PATH', '/home/aayush/eYRC/Software/workspace/install/task_1a:/home/aayush/eYRC/Software/workspace/install/shape_interface:/opt/ros/humble'), ('SHELL', '/bin/bash'), ('QT_ACCESSIBILITY', '1'), ('GDMSESSION', 'ubuntu'), ('LESSCLOSE', '/usr/bin/lesspipe %s %s'), ('QT_IM_MODULE', 'ibus'), ('PWD', '/home/aayush/eYRC/Software/workspace/build/hb_description'), ('LC_ALL', 'en_US.UTF-8'), ('XDG_CONFIG_DIRS', '/etc/xdg/xdg-ubuntu:/etc/xdg'), ('XDG_DATA_DIRS', '/usr/share/ubuntu:/usr/local/share/:/usr/share/:/var/lib/snapd/desktop'), ('PYTHONPATH', '/home/aayush/eYRC/Software/workspace/install/task_1a/local/lib/python3.10/dist-packages:/home/aayush/eYRC/Software/workspace/install/shape_interface/local/lib/python3.10/dist-packages:/opt/ros/humble/lib/python3.10/site-packages:/opt/ros/humble/local/lib/python3.10/dist-packages'), ('COLCON', '1'), ('VTE_VERSION', '6800'), ('CMAKE_PREFIX_PATH', '/home/aayush/eYRC/Software/workspace/install/task_1a:/home/aayush/eYRC/Software/workspace/install/shape_interface:/opt/ros/humble')]), 'shell': False}
[9.292799] (hb_description) StdoutLine: {'line': b'-- Install configuration: ""\n'}
[9.293022] (hb_description) StdoutLine: {'line': b'-- Installing: /home/aayush/eYRC/Software/workspace/install/hb_description/lib/hb_description/task1a_bridge\n'}
[9.333130] (-) TimerEvent: {}
[9.433452] (-) TimerEvent: {}
[9.441216] (hb_description) StdoutLine: {'line': b'-- Installing: /home/aayush/eYRC/Software/workspace/install/hb_description/lib/hb_description/task1a_camera\n'}
[9.489350] (hb_description) StdoutLine: {'line': b'-- Installing: /home/aayush/eYRC/Software/workspace/install/hb_description/lib/hb_description/task1c_bridge\n'}
[9.533673] (-) TimerEvent: {}
[9.560372] (hb_description) StdoutLine: {'line': b'-- Installing: /home/aayush/eYRC/Software/workspace/install/hb_description/lib/hb_description/task1c_camera\n'}
[9.626239] (hb_description) StdoutLine: {'line': b'-- Installing: /home/aayush/eYRC/Software/workspace/install/hb_description/lib/hb_description/camera_stream\n'}
[9.627678] (hb_description) StdoutLine: {'line': b'-- Up-to-date: /home/aayush/eYRC/Software/workspace/install/hb_description/lib\n'}
[9.627849] (hb_description) StdoutLine: {'line': b'-- Installing: /home/aayush/eYRC/Software/workspace/install/hb_description/lib/libhb_source__rosidl_typesupport_introspection_cpp.so\n'}
[9.629132] (hb_description) StdoutLine: {'line': b'-- Installing: /home/aayush/eYRC/Software/workspace/install/hb_description/lib/libhb_source__rosidl_generator_c.so\n'}
[9.629913] (hb_description) StdoutLine: {'line': b'-- Installing: /home/aayush/eYRC/Software/workspace/install/hb_description/lib/libhb_source__rosidl_typesupport_introspection_c.so\n'}
[9.630878] (hb_description) StdoutLine: {'line': b'-- Installing: /home/aayush/eYRC/Software/workspace/install/hb_description/lib/libhb_source__rosidl_typesupport_fastrtps_cpp.so\n'}
[9.631918] (hb_description) StdoutLine: {'line': b'-- Installing: /home/aayush/eYRC/Software/workspace/install/hb_description/lib/libhb_source__rosidl_typesupport_c.so\n'}
[9.632490] (hb_description) StdoutLine: {'line': b'-- Installing: /home/aayush/eYRC/Software/workspace/install/hb_description/lib/libhb_source__rosidl_typesupport_cpp.so\n'}
[9.633226] (hb_description) StdoutLine: {'line': b'-- Installing: /home/aayush/eYRC/Software/workspace/install/hb_description/lib/libhb_source__rosidl_typesupport_fastrtps_c.so\n'}
[9.633727] (-) TimerEvent: {}
[9.634076] (hb_description) StdoutLine: {'line': b'-- Installing: /home/aayush/eYRC/Software/workspace/install/hb_description/lib/libhb_source__rosidl_generator_py.so\n'}
[9.634799] (hb_description) StdoutLine: {'line': b'-- Installing: /home/aayush/eYRC/Software/workspace/install/hb_description/lib/libmujoco.so\n'}
[9.634938] (hb_description) StdoutLine: {'line': b'-- Installing: /home/aayush/eYRC/Software/workspace/install/hb_description/lib/libmujoco.so.3.4.0\n'}
[9.652065] (hb_description) StdoutLine: {'line': b'-- Installing: /home/aayush/eYRC/Software/workspace/install/hb_description/share/hb_description/launch\n'}
[9.652317] (hb_description) StdoutLine: {'line': b'-- Installing: /home/aayush/eYRC/Software/workspace/install/hb_description/share/hb_description/launch/task1a.launch.py\n'}
[9.652492] (hb_description) StdoutLine: {'line': b'-- Installing: /home/aayush/eYRC/Software/workspace/install/hb_description/share/hb_description/launch/task1c.launch.py\n'}
[9.652587] (hb_description) StdoutLine: {'line': b'-- Installing: /home/aayush/eYRC/Software/workspace/install/hb_description/share/hb_description/launch/task1b.launch.py\n'}
[9.652675] (hb_description) StdoutLine: {'line': b'-- Installing: /home/aayush/eYRC/Software/workspace/install/hb_description/share/ament_index/resource_index/package_run_dependencies/hb_description\n'}
[9.652786] (hb_description) StdoutLine: {'line': b'-- Installing: /home/aayush/eYRC/Software/workspace/install/hb_description/share/ament_index/resource_index/parent_prefix_path/hb_description\n'}
[9.652952] (hb_description) StdoutLine: {'line': b'-- Installing: /home/aayush/eYRC/Software/workspace/install/hb_description/share/hb_description/environment/ament_prefix_path.sh\n'}
[9.653057] (hb_description) StdoutLine: {'line': b'-- Installing: /home/aayush/eYRC/Software/workspace/install/hb_description/share/hb_description/environment/ament_prefix_path.dsv\n'}
[9.653150] (hb_description) StdoutLine: {'line': b'-- Installing: /home/aayush/eYRC/Software/workspace/install/hb_description/share/hb_description/environment/path.sh\n'}
[9.653267] (hb_description) StdoutLine: {'line': b'-- Installing: /home/aayush/eYRC/Software/workspace/install/hb_description/share/hb_description/environment/path.dsv\n'}
[9.653347] (hb_description) StdoutLine: {'line': b'-- Installing: /home/aayush/eYRC/Software/workspace/install/hb_description/share/hb_description/local_setup.bash\n'}
[9.653432] (hb_description) StdoutLine: {'line': b'-- Installing: /home/aayush/eYRC/Software/workspace/install/hb_description/share/hb_description/local_setup.sh\n'}
[9.653516] (hb_description) StdoutLine: {'line': b'-- Installing: /home/aayush/eYRC/Software/workspace/install/hb_description/share/hb_description/local_setup.zsh\n'}
[9.653621] (hb_description) StdoutLine: {'line': b'-- Installing: /home/aayush/eYRC/Software/workspace/install/hb_description/share/hb_description/local_setup.dsv\n'}
[9.653704] (hb_description) StdoutLine: {'line': b'-- Installing: /home/aayush/eYRC/Software/workspace/install/hb_description/share/hb_description/package.dsv\n'}
[9.653788] (hb_description) StdoutLine: {'line': b'-- Installing: /home/aayush/eYRC/Software/workspace/install/hb_description/share/ament_index/resource_index/packages/hb_description\n'}
[9.653889] (hb_description) StdoutLine: {'line': b'-- Installing: /home/aayush/eYRC/Software/workspace/install/hb_description/share/hb_description/cmake/hb_descriptionConfig.cmake\n'}
[9.653972] (hb_description) StdoutLine: {'line': b'-- Installing: /home/aayush/eYRC/Software/workspace/install/hb_description/share/hb_description/cmake/hb_descriptionConfig-version.cmake\n'}
[9.654045] (hb_description) StdoutLine: {'line': b'-- Installing: /home/aayush/eYRC/Software/workspace/install/hb_description/share/hb_description/package.xml\n'}
[9.655064] (hb_description) CommandEnded: {'returncode': 0}
[9.669103] (hb_description) JobEnded: {'identifier': 'hb_description', 'rc': 0}
[9.670122] (-) EventReactorShutdown: {}
