[0.000000] (-) TimerEvent: {}
[0.000432] (shape_interface) JobQueued: {'identifier': 'shape_interface', 'dependencies': OrderedDict()}
[0.000512] (task_1b) JobQueued: {'identifier': 'task_1b', 'dependencies': OrderedDict()}
[0.000536] (task_1a) JobQueued: {'identifier': 'task_1a', 'dependencies': OrderedDict([('shape_interface', '/home/aayush/eYRC/Software/workspace/install/shape_interface')])}
[0.000567] (task_1c) JobQueued: {'identifier': 'task_1c', 'dependencies': OrderedDict([('shape_interface', '/home/aayush/eYRC/Software/workspace/install/shape_interface')])}
[0.000592] (hb_description) JobQueued: {'identifier': 'hb_description', 'dependencies': OrderedDict([('shape_interface', '/home/aayush/eYRC/Software/workspace/install/shape_interface'), ('task_1a', '/home/aayush/eYRC/Software/workspace/install/task_1a')])}
[0.000730] (shape_interface) JobStarted: {'identifier': 'shape_interface'}
[0.003143] (task_1b) JobStarted: {'identifier': 'task_1b'}
[0.005006] (shape_interface) JobProgress: {'identifier': 'shape_interface', 'progress': 'cmake'}
[0.005269] (shape_interface) JobProgress: {'identifier': 'shape_interface', 'progress': 'build'}
[0.005691] (shape_interface) Command: {'cmd': ['/usr/bin/cmake', '--build', '/home/aayush/eYRC/Software/workspace/build/shape_interface', '--', '-j6', '-l6'], 'cwd': '/home/aayush/eYRC/Software/workspace/build/shape_interface', 'env': OrderedDict([('LESSOPEN', '| /usr/bin/lesspipe %s'), ('LANGUAGE', 'en_IN:en'), ('USER', 'aayush'), ('XDG_SESSION_TYPE', 'wayland'), ('SHLVL', '1'), ('LD_LIBRARY_PATH', '/opt/ros/humble/opt/rviz_ogre_vendor/lib:/opt/ros/humble/lib/x86_64-linux-gnu:/opt/ros/humble/lib:/opt/mujoco/lib'), ('HOME', '/home/aayush'), ('OLDPWD', '/home/aayush/eYRC/Software/workspace/src'), ('DESKTOP_SESSION', 'ubuntu'), ('ROS_PYTHON_VERSION', '3'), ('GNOME_SHELL_SESSION_MODE', 'ubuntu'), ('GTK_MODULES', 'gail:atk-bridge'), ('SYSTEMD_EXEC_PID', '1744'), ('DBUS_SESSION_BUS_ADDRESS', 'unix:path=/run/user/1000/bus'), ('COLORTERM', 'truecolor'), ('IM_CONFIG_PHASE', '1'), ('WAYLAND_DISPLAY', 'wayland-0'), ('ROS_DISTRO', 'humble'), ('LOGNAME', 'aayush'), ('_', '/usr/bin/colcon'), ('ROS_VERSION', '2'), ('XDG_SESSION_CLASS', 'user'), ('MUJOCO_HOME', '/opt/mujoco'), ('USERNAME', 'aayush'), ('TERM', 'xterm-256color'), ('GNOME_DESKTOP_SESSION_ID', 'this-is-deprecated'), ('ROS_LOCALHOST_ONLY', '0'), ('PATH', '/opt/ros/humble/bin:/usr/local/sbin:/usr/local/bin:/usr/sbin:/usr/bin:/sbin:/bin:/usr/games:/usr/local/games:/snap/bin:/snap/bin:/opt/mujoco/bin'), ('SESSION_MANAGER', 'local/aayush-Inspiron-15-3530:@/tmp/.ICE-unix/1526,unix/aayush-Inspiron-15-3530:/tmp/.ICE-unix/1526'), ('XDG_MENU_PREFIX', 'gnome-'), ('GNOME_TERMINAL_SCREEN', '/org/gnome/Terminal/screen/3aef74fe_2e12_4c3d_a376_35801467e145'), ('GNOME_SETUP_DISPLAY', ':1'), ('XDG_RUNTIME_DIR', '/run/user/1000'), ('DISPLAY', ':0'), ('LANG', 'en_US.UTF-8'), ('XDG_CURRENT_DESKTOP', 'ubuntu:GNOME'), ('XMODIFIERS', '@im=ibus'), ('XDG_SESSION_DESKTOP', 'ubuntu'), ('XAUTHORITY', '/run/user/1000/.mutter-Xwaylandauth.2VPZW3'), ('LS_COLORS', 'rs=0:di=01;34:ln=01;36:mh=00:pi=40;33:so=01;35:do=01;35:bd=40;33;01:cd=40;33;01:or=40;31;01:mi=00:su=37;41:sg=30;43:ca=30;41:tw=30;42:ow=34;42:st=37;44:ex=01;32:*.tar=01;31:*.tgz=01;31:*.arc=01;31:*.arj=01;31:*.taz=01;31:*.lha=01;31:*.lz4=01;31:*.lzh=01;31:*.lzma=01;31:*.tlz=01;31:*.txz=01;31:*.tzo=01;31:*.t7z=01;31:*.zip=01;31:*.z=01;31:*.dz=01;31:*.gz=01;31:*.lrz=01;31:*.lz=01;31:*.lzo=01;31:*.xz=01;31:*.zst=01;31:*.tzst=01;31:*.bz2=01;31:*.bz=01;31:*.tbz=01;31:*.tbz2=01;31:*.tz=01;31:*.deb=01;31:*.rpm=01;31:*.jar=01;31:*.war=01;31:*.ear=01;31:*.sar=01;31:*.rar=01;31:*.alz=01;31:*.ace=01;31:*.zoo=01;31:*.cpio=01;31:*.7z=01;31:*.rz=01;31:*.cab=01;31:*.wim=01;31:*.swm=01;31:*.dwm=01;31:*.esd=01;31:*.jpg=01;35:*.jpeg=01;35:*.mjpg=01;35:*.mjpeg=01;35:*.gif=01;35:*.bmp=01;35:*.pbm=01;35:*.pgm=01;35:*.ppm=01;35:*.tga=01;35:*.xbm=01;35:*.xpm=01;35:*.tif=01;35:*.tiff=01;35:*.png=01;35:*.svg=01;35:*.svgz=01;35:*.mng=01;35:*.pcx=01;35:*.mov=01;35:*.mpg=01;35:*.mpeg=01;35:*.m2v=01;35:*.mkv=01;35:*.webm=01;35:*.webp=01;35:*.ogm=01;35:*.mp4=01;35:*.m4v=01;35:*.mp4v=01;35:*.vob=01;35:*.qt=01;35:*.nuv=01;35:*.wmv=01;35:*.asf=01;35:*.rm=01;35:*.rmvb=01;35:*.flc=01;35:*.avi=01;35:*.fli=01;35:*.flv=01;35:*.gl=01;35:*.dl=01;35:*.xcf=01;35:*.xwd=01;35:*.yuv=01;35:*.cgm=01;35:*.emf=01;35:*.ogv=01;35:*.ogx=01;35:*.aac=00;36:*.au=00;36:*.flac=00;36:*.m4a=00;36:*.mid=00;36:*.midi=00;36:*.mka=00;36:*.mp3=00;36:*.mpc=00;36:*.ogg=00;36:*.ra=00;36:*.wav=00;36:*.oga=00;36:*.opus=00;36:*.spx=00;36:*.xspf=00;36:'), ('GNOME_TERMINAL_SERVICE', ':1.102'), ('SSH_AGENT_LAUNCHER', 'gnome-keyring'), ('SSH_AUTH_SOCK', '/run/user/1000/keyring/ssh'), ('AMENT_PREFIX_PATH', '/opt/ros/humble'), ('SHELL', '/bin/bash'), ('QT_ACCESSIBILITY', '1'), ('GDMSESSION', 'ubuntu'), ('LESSCLOSE', '/usr/bin/lesspipe %s %s'), ('QT_IM_MODULE', 'ibus'), ('PWD', '/home/aayush/eYRC/Software/workspace/build/shape_interface'), ('LC_ALL', 'en_US.UTF-8'), ('XDG_CONFIG_DIRS', '/etc/xdg/xdg-ubuntu:/etc/xdg'), ('XDG_DATA_DIRS', '/usr/share/ubuntu:/usr/local/share/:/usr/share/:/var/lib/snapd/desktop'), ('PYTHONPATH', '/opt/ros/humble/lib/python3.10/site-packages:/opt/ros/humble/local/lib/python3.10/dist-packages'), ('COLCON', '1'), ('VTE_VERSION', '6800'), ('CMAKE_PREFIX_PATH', '/opt/ros/humble')]), 'shell': False}
[0.007770] (task_1b) JobProgress: {'identifier': 'task_1b', 'progress': 'cmake'}
[0.008183] (task_1b) JobProgress: {'identifier': 'task_1b', 'progress': 'build'}
[0.008454] (task_1b) Command: {'cmd': ['/usr/bin/cmake', '--build', '/home/aayush/eYRC/Software/workspace/build/task_1b', '--', '-j6', '-l6'], 'cwd': '/home/aayush/eYRC/Software/workspace/build/task_1b', 'env': OrderedDict([('LESSOPEN', '| /usr/bin/lesspipe %s'), ('LANGUAGE', 'en_IN:en'), ('USER', 'aayush'), ('XDG_SESSION_TYPE', 'wayland'), ('SHLVL', '1'), ('LD_LIBRARY_PATH', '/opt/ros/humble/opt/rviz_ogre_vendor/lib:/opt/ros/humble/lib/x86_64-linux-gnu:/opt/ros/humble/lib:/opt/mujoco/lib'), ('HOME', '/home/aayush'), ('OLDPWD', '/home/aayush/eYRC/Software/workspace/src'), ('DESKTOP_SESSION', 'ubuntu'), ('ROS_PYTHON_VERSION', '3'), ('GNOME_SHELL_SESSION_MODE', 'ubuntu'), ('GTK_MODULES', 'gail:atk-bridge'), ('SYSTEMD_EXEC_PID', '1744'), ('DBUS_SESSION_BUS_ADDRESS', 'unix:path=/run/user/1000/bus'), ('COLORTERM', 'truecolor'), ('IM_CONFIG_PHASE', '1'), ('WAYLAND_DISPLAY', 'wayland-0'), ('ROS_DISTRO', 'humble'), ('LOGNAME', 'aayush'), ('_', '/usr/bin/colcon'), ('ROS_VERSION', '2'), ('XDG_SESSION_CLASS', 'user'), ('MUJOCO_HOME', '/opt/mujoco'), ('USERNAME', 'aayush'), ('TERM', 'xterm-256color'), ('GNOME_DESKTOP_SESSION_ID', 'this-is-deprecated'), ('ROS_LOCALHOST_ONLY', '0'), ('PATH', '/opt/ros/humble/bin:/usr/local/sbin:/usr/local/bin:/usr/sbin:/usr/bin:/sbin:/bin:/usr/games:/usr/local/games:/snap/bin:/snap/bin:/opt/mujoco/bin'), ('SESSION_MANAGER', 'local/aayush-Inspiron-15-3530:@/tmp/.ICE-unix/1526,unix/aayush-Inspiron-15-3530:/tmp/.ICE-unix/1526'), ('XDG_MENU_PREFIX', 'gnome-'), ('GNOME_TERMINAL_SCREEN', '/org/gnome/Terminal/screen/3aef74fe_2e12_4c3d_a376_35801467e145'), ('GNOME_SETUP_DISPLAY', ':1'), ('XDG_RUNTIME_DIR', '/run/user/1000'), ('DISPLAY', ':0'), ('LANG', 'en_US.UTF-8'), ('XDG_CURRENT_DESKTOP', 'ubuntu:GNOME'), ('XMODIFIERS', '@im=ibus'), ('XDG_SESSION_DESKTOP', 'ubuntu'), ('XAUTHORITY', '/run/user/1000/.mutter-Xwaylandauth.2VPZW3'), ('LS_COLORS', 'rs=0:di=01;34:ln=01;36:mh=00:pi=40;33:so=01;35:do=01;35:bd=40;33;01:cd=40;33;01:or=40;31;01:mi=00:su=37;41:sg=30;43:ca=30;41:tw=30;42:ow=34;42:st=37;44:ex=01;32:*.tar=01;31:*.tgz=01;31:*.arc=01;31:*.arj=01;31:*.taz=01;31:*.lha=01;31:*.lz4=01;31:*.lzh=01;31:*.lzma=01;31:*.tlz=01;31:*.txz=01;31:*.tzo=01;31:*.t7z=01;31:*.zip=01;31:*.z=01;31:*.dz=01;31:*.gz=01;31:*.lrz=01;31:*.lz=01;31:*.lzo=01;31:*.xz=01;31:*.zst=01;31:*.tzst=01;31:*.bz2=01;31:*.bz=01;31:*.tbz=01;31:*.tbz2=01;31:*.tz=01;31:*.deb=01;31:*.rpm=01;31:*.jar=01;31:*.war=01;31:*.ear=01;31:*.sar=01;31:*.rar=01;31:*.alz=01;31:*.ace=01;31:*.zoo=01;31:*.cpio=01;31:*.7z=01;31:*.rz=01;31:*.cab=01;31:*.wim=01;31:*.swm=01;31:*.dwm=01;31:*.esd=01;31:*.jpg=01;35:*.jpeg=01;35:*.mjpg=01;35:*.mjpeg=01;35:*.gif=01;35:*.bmp=01;35:*.pbm=01;35:*.pgm=01;35:*.ppm=01;35:*.tga=01;35:*.xbm=01;35:*.xpm=01;35:*.tif=01;35:*.tiff=01;35:*.png=01;35:*.svg=01;35:*.svgz=01;35:*.mng=01;35:*.pcx=01;35:*.mov=01;35:*.mpg=01;35:*.mpeg=01;35:*.m2v=01;35:*.mkv=01;35:*.webm=01;35:*.webp=01;35:*.ogm=01;35:*.mp4=01;35:*.m4v=01;35:*.mp4v=01;35:*.vob=01;35:*.qt=01;35:*.nuv=01;35:*.wmv=01;35:*.asf=01;35:*.rm=01;35:*.rmvb=01;35:*.flc=01;35:*.avi=01;35:*.fli=01;35:*.flv=01;35:*.gl=01;35:*.dl=01;35:*.xcf=01;35:*.xwd=01;35:*.yuv=01;35:*.cgm=01;35:*.emf=01;35:*.ogv=01;35:*.ogx=01;35:*.aac=00;36:*.au=00;36:*.flac=00;36:*.m4a=00;36:*.mid=00;36:*.midi=00;36:*.mka=00;36:*.mp3=00;36:*.mpc=00;36:*.ogg=00;36:*.ra=00;36:*.wav=00;36:*.oga=00;36:*.opus=00;36:*.spx=00;36:*.xspf=00;36:'), ('GNOME_TERMINAL_SERVICE', ':1.102'), ('SSH_AGENT_LAUNCHER', 'gnome-keyring'), ('SSH_AUTH_SOCK', '/run/user/1000/keyring/ssh'), ('AMENT_PREFIX_PATH', '/opt/ros/humble'), ('SHELL', '/bin/bash'), ('QT_ACCESSIBILITY', '1'), ('GDMSESSION', 'ubuntu'), ('LESSCLOSE', '/usr/bin/lesspipe %s %s'), ('QT_IM_MODULE', 'ibus'), ('PWD', '/home/aayush/eYRC/Software/workspace/build/task_1b'), ('LC_ALL', 'en_US.UTF-8'), ('XDG_CONFIG_DIRS', '/etc/xdg/xdg-ubuntu:/etc/xdg'), ('XDG_DATA_DIRS', '/usr/share/ubuntu:/usr/local/share/:/usr/share/:/var/lib/snapd/desktop'), ('PYTHONPATH', '/opt/ros/humble/lib/python3.10/site-packages:/opt/ros/humble/local/lib/python3.10/dist-packages'), ('COLCON', '1'), ('VTE_VERSION', '6800'), ('CMAKE_PREFIX_PATH', '/opt/ros/humble')]), 'shell': False}
[0.046280] (shape_interface) StdoutLine: {'line': b'[  2%] Built target shape_interface__rs\n'}
[0.049960] (shape_interface) StdoutLine: {'line': b'[ 12%] Built target shape_interface__rosidl_generator_c\n'}
[0.050965] (shape_interface) StdoutLine: {'line': b'[ 14%] Built target shape_interface__cpp\n'}
[0.062464] (task_1b) StdoutLine: {'line': b'Built target ament_cmake_python_copy_task_1b\n'}
[0.064240] (shape_interface) StdoutLine: {'line': b'[ 14%] Built target ament_cmake_python_copy_shape_interface\n'}
[0.071714] (shape_interface) StdoutLine: {'line': b'[ 35%] Built target shape_interface__rosidl_typesupport_c\n'}
[0.071962] (shape_interface) StdoutLine: {'line': b'[ 35%] Built target shape_interface__rosidl_typesupport_introspection_c\n'}
[0.079393] (shape_interface) StdoutLine: {'line': b'[ 45%] Built target shape_interface__rosidl_typesupport_cpp\n'}
[0.079669] (shape_interface) StdoutLine: {'line': b'[ 56%] Built target shape_interface__rosidl_typesupport_fastrtps_cpp\n'}
[0.080269] (shape_interface) StdoutLine: {'line': b'[ 66%] Built target shape_interface__rosidl_typesupport_fastrtps_c\n'}
[0.080443] (shape_interface) StdoutLine: {'line': b'[ 77%] Built target shape_interface__rosidl_typesupport_introspection_cpp\n'}
[0.099245] (shape_interface) StdoutLine: {'line': b'[ 77%] Built target shape_interface\n'}
[0.099867] (-) TimerEvent: {}
[0.120220] (shape_interface) StdoutLine: {'line': b'[ 79%] Built target shape_interface__py\n'}
[0.141995] (shape_interface) StdoutLine: {'line': b'[ 87%] Built target shape_interface__rosidl_generator_py\n'}
[0.164405] (shape_interface) StdoutLine: {'line': b'[ 97%] Built target shape_interface__rosidl_typesupport_introspection_c__pyext\n'}
[0.164601] (shape_interface) StdoutLine: {'line': b'[ 97%] Built target shape_interface__rosidl_typesupport_c__pyext\n'}
[0.164685] (shape_interface) StdoutLine: {'line': b'[100%] Built target shape_interface__rosidl_typesupport_fastrtps_c__pyext\n'}
[0.199969] (-) TimerEvent: {}
[0.216453] (shape_interface) StdoutLine: {'line': b'running egg_info\n'}
[0.216813] (shape_interface) StdoutLine: {'line': b'writing shape_interface.egg-info/PKG-INFO\n'}
[0.216990] (shape_interface) StdoutLine: {'line': b'writing dependency_links to shape_interface.egg-info/dependency_links.txt\n'}
[0.217125] (shape_interface) StdoutLine: {'line': b'writing top-level names to shape_interface.egg-info/top_level.txt\n'}
[0.218294] (shape_interface) StdoutLine: {'line': b"reading manifest file 'shape_interface.egg-info/SOURCES.txt'\n"}
[0.218590] (shape_interface) StdoutLine: {'line': b"writing manifest file 'shape_interface.egg-info/SOURCES.txt'\n"}
[0.237416] (shape_interface) StdoutLine: {'line': b'[100%] Built target ament_cmake_python_build_shape_interface_egg\n'}
[0.245751] (shape_interface) CommandEnded: {'returncode': 0}
[0.246369] (shape_interface) JobProgress: {'identifier': 'shape_interface', 'progress': 'install'}
[0.254651] (shape_interface) Command: {'cmd': ['/usr/bin/cmake', '--install', '/home/aayush/eYRC/Software/workspace/build/shape_interface'], 'cwd': '/home/aayush/eYRC/Software/workspace/build/shape_interface', 'env': OrderedDict([('LESSOPEN', '| /usr/bin/lesspipe %s'), ('LANGUAGE', 'en_IN:en'), ('USER', 'aayush'), ('XDG_SESSION_TYPE', 'wayland'), ('SHLVL', '1'), ('LD_LIBRARY_PATH', '/opt/ros/humble/opt/rviz_ogre_vendor/lib:/opt/ros/humble/lib/x86_64-linux-gnu:/opt/ros/humble/lib:/opt/mujoco/lib'), ('HOME', '/home/aayush'), ('OLDPWD', '/home/aayush/eYRC/Software/workspace/src'), ('DESKTOP_SESSION', 'ubuntu'), ('ROS_PYTHON_VERSION', '3'), ('GNOME_SHELL_SESSION_MODE', 'ubuntu'), ('GTK_MODULES', 'gail:atk-bridge'), ('SYSTEMD_EXEC_PID', '1744'), ('DBUS_SESSION_BUS_ADDRESS', 'unix:path=/run/user/1000/bus'), ('COLORTERM', 'truecolor'), ('IM_CONFIG_PHASE', '1'), ('WAYLAND_DISPLAY', 'wayland-0'), ('ROS_DISTRO', 'humble'), ('LOGNAME', 'aayush'), ('_', '/usr/bin/colcon'), ('ROS_VERSION', '2'), ('XDG_SESSION_CLASS', 'user'), ('MUJOCO_HOME', '/opt/mujoco'), ('USERNAME', 'aayush'), ('TERM', 'xterm-256color'), ('GNOME_DESKTOP_SESSION_ID', 'this-is-deprecated'), ('ROS_LOCALHOST_ONLY', '0'), ('PATH', '/opt/ros/humble/bin:/usr/local/sbin:/usr/local/bin:/usr/sbin:/usr/bin:/sbin:/bin:/usr/games:/usr/local/games:/snap/bin:/snap/bin:/opt/mujoco/bin'), ('SESSION_MANAGER', 'local/aayush-Inspiron-15-3530:@/tmp/.ICE-unix/1526,unix/aayush-Inspiron-15-3530:/tmp/.ICE-unix/1526'), ('XDG_MENU_PREFIX', 'gnome-'), ('GNOME_TERMINAL_SCREEN', '/org/gnome/Terminal/screen/3aef74fe_2e12_4c3d_a376_35801467e145'), ('GNOME_SETUP_DISPLAY', ':1'), ('XDG_RUNTIME_DIR', '/run/user/1000'), ('DISPLAY', ':0'), ('LANG', 'en_US.UTF-8'), ('XDG_CURRENT_DESKTOP', 'ubuntu:GNOME'), ('XMODIFIERS', '@im=ibus'), ('XDG_SESSION_DESKTOP', 'ubuntu'), ('XAUTHORITY', '/run/user/1000/.mutter-Xwaylandauth.2VPZW3'), ('LS_COLORS', 'rs=0:di=01;34:ln=01;36:mh=00:pi=40;33:so=01;35:do=01;35:bd=40;33;01:cd=40;33;01:or=40;31;01:mi=00:su=37;41:sg=30;43:ca=30;41:tw=30;42:ow=34;42:st=37;44:ex=01;32:*.tar=01;31:*.tgz=01;31:*.arc=01;31:*.arj=01;31:*.taz=01;31:*.lha=01;31:*.lz4=01;31:*.lzh=01;31:*.lzma=01;31:*.tlz=01;31:*.txz=01;31:*.tzo=01;31:*.t7z=01;31:*.zip=01;31:*.z=01;31:*.dz=01;31:*.gz=01;31:*.lrz=01;31:*.lz=01;31:*.lzo=01;31:*.xz=01;31:*.zst=01;31:*.tzst=01;31:*.bz2=01;31:*.bz=01;31:*.tbz=01;31:*.tbz2=01;31:*.tz=01;31:*.deb=01;31:*.rpm=01;31:*.jar=01;31:*.war=01;31:*.ear=01;31:*.sar=01;31:*.rar=01;31:*.alz=01;31:*.ace=01;31:*.zoo=01;31:*.cpio=01;31:*.7z=01;31:*.rz=01;31:*.cab=01;31:*.wim=01;31:*.swm=01;31:*.dwm=01;31:*.esd=01;31:*.jpg=01;35:*.jpeg=01;35:*.mjpg=01;35:*.mjpeg=01;35:*.gif=01;35:*.bmp=01;35:*.pbm=01;35:*.pgm=01;35:*.ppm=01;35:*.tga=01;35:*.xbm=01;35:*.xpm=01;35:*.tif=01;35:*.tiff=01;35:*.png=01;35:*.svg=01;35:*.svgz=01;35:*.mng=01;35:*.pcx=01;35:*.mov=01;35:*.mpg=01;35:*.mpeg=01;35:*.m2v=01;35:*.mkv=01;35:*.webm=01;35:*.webp=01;35:*.ogm=01;35:*.mp4=01;35:*.m4v=01;35:*.mp4v=01;35:*.vob=01;35:*.qt=01;35:*.nuv=01;35:*.wmv=01;35:*.asf=01;35:*.rm=01;35:*.rmvb=01;35:*.flc=01;35:*.avi=01;35:*.fli=01;35:*.flv=01;35:*.gl=01;35:*.dl=01;35:*.xcf=01;35:*.xwd=01;35:*.yuv=01;35:*.cgm=01;35:*.emf=01;35:*.ogv=01;35:*.ogx=01;35:*.aac=00;36:*.au=00;36:*.flac=00;36:*.m4a=00;36:*.mid=00;36:*.midi=00;36:*.mka=00;36:*.mp3=00;36:*.mpc=00;36:*.ogg=00;36:*.ra=00;36:*.wav=00;36:*.oga=00;36:*.opus=00;36:*.spx=00;36:*.xspf=00;36:'), ('GNOME_TERMINAL_SERVICE', ':1.102'), ('SSH_AGENT_LAUNCHER', 'gnome-keyring'), ('SSH_AUTH_SOCK', '/run/user/1000/keyring/ssh'), ('AMENT_PREFIX_PATH', '/opt/ros/humble'), ('SHELL', '/bin/bash'), ('QT_ACCESSIBILITY', '1'), ('GDMSESSION', 'ubuntu'), ('LESSCLOSE', '/usr/bin/lesspipe %s %s'), ('QT_IM_MODULE', 'ibus'), ('PWD', '/home/aayush/eYRC/Software/workspace/build/shape_interface'), ('LC_ALL', 'en_US.UTF-8'), ('XDG_CONFIG_DIRS', '/etc/xdg/xdg-ubuntu:/etc/xdg'), ('XDG_DATA_DIRS', '/usr/share/ubuntu:/usr/local/share/:/usr/share/:/var/lib/snapd/desktop'), ('PYTHONPATH', '/opt/ros/humble/lib/python3.10/site-packages:/opt/ros/humble/local/lib/python3.10/dist-packages'), ('COLCON', '1'), ('VTE_VERSION', '6800'), ('CMAKE_PREFIX_PATH', '/opt/ros/humble')]), 'shell': False}
[0.261906] (shape_interface) StdoutLine: {'line': b'-- Install configuration: ""\n'}
[0.262210] (shape_interface) StdoutLine: {'line': b'-- Up-to-date: /home/aayush/eYRC/Software/workspace/install/shape_interface/share/ament_index/resource_index/rosidl_interfaces/shape_interface\n'}
[0.262345] (shape_interface) StdoutLine: {'line': b'-- Up-to-date: /home/aayush/eYRC/Software/workspace/install/shape_interface/include/shape_interface/shape_interface\n'}
[0.262480] (shape_interface) StdoutLine: {'line': b'-- Up-to-date: /home/aayush/eYRC/Software/workspace/install/shape_interface/include/shape_interface/shape_interface/srv\n'}
[0.262601] (shape_interface) StdoutLine: {'line': b'-- Up-to-date: /home/aayush/eYRC/Software/workspace/install/shape_interface/include/shape_interface/shape_interface/srv/get_shape.h\n'}
[0.262673] (shape_interface) StdoutLine: {'line': b'-- Up-to-date: /home/aayush/eYRC/Software/workspace/install/shape_interface/include/shape_interface/shape_interface/srv/pixel_to_world.h\n'}
[0.262750] (shape_interface) StdoutLine: {'line': b'-- Up-to-date: /home/aayush/eYRC/Software/workspace/install/shape_interface/include/shape_interface/shape_interface/srv/detail\n'}
[0.262814] (shape_interface) StdoutLine: {'line': b'-- Up-to-date: /home/aayush/eYRC/Software/workspace/install/shape_interface/include/shape_interface/shape_interface/srv/detail/get_shape__functions.c\n'}
[0.262887] (shape_interface) StdoutLine: {'line': b'-- Up-to-date: /home/aayush/eYRC/Software/workspace/install/shape_interface/include/shape_interface/shape_interface/srv/detail/pixel_to_world__type_support.h\n'}
[0.262978] (shape_interface) StdoutLine: {'line': b'-- Up-to-date: /home/aayush/eYRC/Software/workspace/install/shape_interface/include/shape_interface/shape_interface/srv/detail/pixel_to_world__functions.h\n'}
[0.263068] (shape_interface) StdoutLine: {'line': b'-- Up-to-date: /home/aayush/eYRC/Software/workspace/install/shape_interface/include/shape_interface/shape_interface/srv/detail/get_shape__struct.h\n'}
[0.263164] (shape_interface) StdoutLine: {'line': b'-- Up-to-date: /home/aayush/eYRC/Software/workspace/install/shape_interface/include/shape_interface/shape_interface/srv/detail/get_shape__functions.h\n'}
[0.263244] (shape_interface) StdoutLine: {'line': b'-- Up-to-date: /home/aayush/eYRC/Software/workspace/install/shape_interface/include/shape_interface/shape_interface/srv/detail/pixel_to_world__functions.c\n'}
[0.263276] (shape_interface) StdoutLine: {'line': b'-- Up-to-date: /home/aayush/eYRC/Software/workspace/install/shape_interface/include/shape_interface/shape_interface/srv/detail/get_shape__type_support.h\n'}
[0.263321] (shape_interface) StdoutLine: {'line': b'-- Up-to-date: /home/aayush/eYRC/Software/workspace/install/shape_interface/include/shape_interface/shape_interface/srv/detail/pixel_to_world__struct.h\n'}
[0.263347] (shape_interface) StdoutLine: {'line': b'-- Up-to-date: /home/aayush/eYRC/Software/workspace/install/shape_interface/include/shape_interface/shape_interface/msg\n'}
[0.263372] (shape_interface) StdoutLine: {'line': b'-- Up-to-date: /home/aayush/eYRC/Software/workspace/install/shape_interface/include/shape_interface/shape_interface/msg/shape.h\n'}
[0.263397] (shape_interface) StdoutLine: {'line': b'-- Up-to-date: /home/aayush/eYRC/Software/workspace/install/shape_interface/include/shape_interface/shape_interface/msg/detail\n'}
[0.263420] (shape_interface) StdoutLine: {'line': b'-- Up-to-date: /home/aayush/eYRC/Software/workspace/install/shape_interface/include/shape_interface/shape_interface/msg/detail/shape__functions.c\n'}
[0.263452] (shape_interface) StdoutLine: {'line': b'-- Up-to-date: /home/aayush/eYRC/Software/workspace/install/shape_interface/include/shape_interface/shape_interface/msg/detail/shape__functions.h\n'}
[0.263499] (shape_interface) StdoutLine: {'line': b'-- Up-to-date: /home/aayush/eYRC/Software/workspace/install/shape_interface/include/shape_interface/shape_interface/msg/detail/shape__type_support.h\n'}
[0.263539] (shape_interface) StdoutLine: {'line': b'-- Up-to-date: /home/aayush/eYRC/Software/workspace/install/shape_interface/include/shape_interface/shape_interface/msg/detail/shape__struct.h\n'}
[0.263572] (shape_interface) StdoutLine: {'line': b'-- Up-to-date: /home/aayush/eYRC/Software/workspace/install/shape_interface/include/shape_interface/shape_interface/msg/rosidl_generator_c__visibility_control.h\n'}
[0.263604] (shape_interface) StdoutLine: {'line': b'-- Up-to-date: /home/aayush/eYRC/Software/workspace/install/shape_interface/share/shape_interface/environment/library_path.sh\n'}
[0.263636] (shape_interface) StdoutLine: {'line': b'-- Up-to-date: /home/aayush/eYRC/Software/workspace/install/shape_interface/share/shape_interface/environment/library_path.dsv\n'}
[0.263667] (shape_interface) StdoutLine: {'line': b'-- Up-to-date: /home/aayush/eYRC/Software/workspace/install/shape_interface/lib/libshape_interface__rosidl_generator_c.so\n'}
[0.263698] (shape_interface) StdoutLine: {'line': b'-- Up-to-date: /home/aayush/eYRC/Software/workspace/install/shape_interface/include/shape_interface/shape_interface\n'}
[0.263729] (shape_interface) StdoutLine: {'line': b'-- Up-to-date: /home/aayush/eYRC/Software/workspace/install/shape_interface/include/shape_interface/shape_interface/srv\n'}
[0.263759] (shape_interface) StdoutLine: {'line': b'-- Up-to-date: /home/aayush/eYRC/Software/workspace/install/shape_interface/include/shape_interface/shape_interface/srv/detail\n'}
[0.263789] (shape_interface) StdoutLine: {'line': b'-- Up-to-date: /home/aayush/eYRC/Software/workspace/install/shape_interface/include/shape_interface/shape_interface/srv/detail/get_shape__rosidl_typesupport_fastrtps_c.h\n'}
[0.263819] (shape_interface) StdoutLine: {'line': b'-- Up-to-date: /home/aayush/eYRC/Software/workspace/install/shape_interface/include/shape_interface/shape_interface/srv/detail/pixel_to_world__rosidl_typesupport_fastrtps_c.h\n'}
[0.263849] (shape_interface) StdoutLine: {'line': b'-- Up-to-date: /home/aayush/eYRC/Software/workspace/install/shape_interface/include/shape_interface/shape_interface/msg\n'}
[0.263879] (shape_interface) StdoutLine: {'line': b'-- Up-to-date: /home/aayush/eYRC/Software/workspace/install/shape_interface/include/shape_interface/shape_interface/msg/detail\n'}
[0.263908] (shape_interface) StdoutLine: {'line': b'-- Up-to-date: /home/aayush/eYRC/Software/workspace/install/shape_interface/include/shape_interface/shape_interface/msg/detail/shape__rosidl_typesupport_fastrtps_c.h\n'}
[0.263937] (shape_interface) StdoutLine: {'line': b'-- Up-to-date: /home/aayush/eYRC/Software/workspace/install/shape_interface/include/shape_interface/shape_interface/msg/rosidl_typesupport_fastrtps_c__visibility_control.h\n'}
[0.263967] (shape_interface) StdoutLine: {'line': b'-- Up-to-date: /home/aayush/eYRC/Software/workspace/install/shape_interface/lib/libshape_interface__rosidl_typesupport_fastrtps_c.so\n'}
[0.263997] (shape_interface) StdoutLine: {'line': b'-- Up-to-date: /home/aayush/eYRC/Software/workspace/install/shape_interface/include/shape_interface/shape_interface\n'}
[0.264063] (shape_interface) StdoutLine: {'line': b'-- Up-to-date: /home/aayush/eYRC/Software/workspace/install/shape_interface/include/shape_interface/shape_interface/srv\n'}
[0.264091] (shape_interface) StdoutLine: {'line': b'-- Up-to-date: /home/aayush/eYRC/Software/workspace/install/shape_interface/include/shape_interface/shape_interface/srv/detail\n'}
[0.264115] (shape_interface) StdoutLine: {'line': b'-- Up-to-date: /home/aayush/eYRC/Software/workspace/install/shape_interface/include/shape_interface/shape_interface/srv/detail/pixel_to_world__rosidl_typesupport_introspection_c.h\n'}
[0.264139] (shape_interface) StdoutLine: {'line': b'-- Up-to-date: /home/aayush/eYRC/Software/workspace/install/shape_interface/include/shape_interface/shape_interface/srv/detail/get_shape__type_support.c\n'}
[0.264168] (shape_interface) StdoutLine: {'line': b'-- Up-to-date: /home/aayush/eYRC/Software/workspace/install/shape_interface/include/shape_interface/shape_interface/srv/detail/pixel_to_world__type_support.c\n'}
[0.264198] (shape_interface) StdoutLine: {'line': b'-- Up-to-date: /home/aayush/eYRC/Software/workspace/install/shape_interface/include/shape_interface/shape_interface/srv/detail/get_shape__rosidl_typesupport_introspection_c.h\n'}
[0.264229] (shape_interface) StdoutLine: {'line': b'-- Up-to-date: /home/aayush/eYRC/Software/workspace/install/shape_interface/include/shape_interface/shape_interface/msg\n'}
[0.264259] (shape_interface) StdoutLine: {'line': b'-- Up-to-date: /home/aayush/eYRC/Software/workspace/install/shape_interface/include/shape_interface/shape_interface/msg/rosidl_typesupport_introspection_c__visibility_control.h\n'}
[0.264289] (shape_interface) StdoutLine: {'line': b'-- Up-to-date: /home/aayush/eYRC/Software/workspace/install/shape_interface/include/shape_interface/shape_interface/msg/detail\n'}
[0.264319] (shape_interface) StdoutLine: {'line': b'-- Up-to-date: /home/aayush/eYRC/Software/workspace/install/shape_interface/include/shape_interface/shape_interface/msg/detail/shape__rosidl_typesupport_introspection_c.h\n'}
[0.264349] (shape_interface) StdoutLine: {'line': b'-- Up-to-date: /home/aayush/eYRC/Software/workspace/install/shape_interface/include/shape_interface/shape_interface/msg/detail/shape__type_support.c\n'}
[0.264378] (shape_interface) StdoutLine: {'line': b'-- Up-to-date: /home/aayush/eYRC/Software/workspace/install/shape_interface/lib/libshape_interface__rosidl_typesupport_introspection_c.so\n'}
[0.264408] (shape_interface) StdoutLine: {'line': b'-- Up-to-date: /home/aayush/eYRC/Software/workspace/install/shape_interface/lib/libshape_interface__rosidl_typesupport_c.so\n'}
[0.264471] (shape_interface) StdoutLine: {'line': b'-- Up-to-date: /home/aayush/eYRC/Software/workspace/install/shape_interface/include/shape_interface/shape_interface\n'}
[0.264503] (shape_interface) StdoutLine: {'line': b'-- Up-to-date: /home/aayush/eYRC/Software/workspace/install/shape_interface/include/shape_interface/shape_interface/srv\n'}
[0.264534] (shape_interface) StdoutLine: {'line': b'-- Up-to-date: /home/aayush/eYRC/Software/workspace/install/shape_interface/include/shape_interface/shape_interface/srv/detail\n'}
[0.264564] (shape_interface) StdoutLine: {'line': b'-- Up-to-date: /home/aayush/eYRC/Software/workspace/install/shape_interface/include/shape_interface/shape_interface/srv/detail/pixel_to_world__type_support.hpp\n'}
[0.264594] (shape_interface) StdoutLine: {'line': b'-- Up-to-date: /home/aayush/eYRC/Software/workspace/install/shape_interface/include/shape_interface/shape_interface/srv/detail/pixel_to_world__struct.hpp\n'}
[0.264624] (shape_interface) StdoutLine: {'line': b'-- Up-to-date: /home/aayush/eYRC/Software/workspace/install/shape_interface/include/shape_interface/shape_interface/srv/detail/get_shape__type_support.hpp\n'}
[0.264654] (shape_interface) StdoutLine: {'line': b'-- Up-to-date: /home/aayush/eYRC/Software/workspace/install/shape_interface/include/shape_interface/shape_interface/srv/detail/pixel_to_world__builder.hpp\n'}
[0.264684] (shape_interface) StdoutLine: {'line': b'-- Up-to-date: /home/aayush/eYRC/Software/workspace/install/shape_interface/include/shape_interface/shape_interface/srv/detail/pixel_to_world__traits.hpp\n'}
[0.264714] (shape_interface) StdoutLine: {'line': b'-- Up-to-date: /home/aayush/eYRC/Software/workspace/install/shape_interface/include/shape_interface/shape_interface/srv/detail/get_shape__struct.hpp\n'}
[0.264743] (shape_interface) StdoutLine: {'line': b'-- Up-to-date: /home/aayush/eYRC/Software/workspace/install/shape_interface/include/shape_interface/shape_interface/srv/detail/get_shape__builder.hpp\n'}
[0.264774] (shape_interface) StdoutLine: {'line': b'-- Up-to-date: /home/aayush/eYRC/Software/workspace/install/shape_interface/include/shape_interface/shape_interface/srv/detail/get_shape__traits.hpp\n'}
[0.264813] (shape_interface) StdoutLine: {'line': b'-- Up-to-date: /home/aayush/eYRC/Software/workspace/install/shape_interface/include/shape_interface/shape_interface/srv/get_shape.hpp\n'}
[0.264843] (shape_interface) StdoutLine: {'line': b'-- Up-to-date: /home/aayush/eYRC/Software/workspace/install/shape_interface/include/shape_interface/shape_interface/srv/pixel_to_world.hpp\n'}
[0.264873] (shape_interface) StdoutLine: {'line': b'-- Up-to-date: /home/aayush/eYRC/Software/workspace/install/shape_interface/include/shape_interface/shape_interface/msg\n'}
[0.264904] (shape_interface) StdoutLine: {'line': b'-- Up-to-date: /home/aayush/eYRC/Software/workspace/install/shape_interface/include/shape_interface/shape_interface/msg/rosidl_generator_cpp__visibility_control.hpp\n'}
[0.264965] (shape_interface) StdoutLine: {'line': b'-- Up-to-date: /home/aayush/eYRC/Software/workspace/install/shape_interface/include/shape_interface/shape_interface/msg/shape.hpp\n'}
[0.265000] (shape_interface) StdoutLine: {'line': b'-- Up-to-date: /home/aayush/eYRC/Software/workspace/install/shape_interface/include/shape_interface/shape_interface/msg/detail\n'}
[0.265051] (shape_interface) StdoutLine: {'line': b'-- Up-to-date: /home/aayush/eYRC/Software/workspace/install/shape_interface/include/shape_interface/shape_interface/msg/detail/shape__struct.hpp\n'}
[0.265083] (shape_interface) StdoutLine: {'line': b'-- Up-to-date: /home/aayush/eYRC/Software/workspace/install/shape_interface/include/shape_interface/shape_interface/msg/detail/shape__type_support.hpp\n'}
[0.265107] (shape_interface) StdoutLine: {'line': b'-- Up-to-date: /home/aayush/eYRC/Software/workspace/install/shape_interface/include/shape_interface/shape_interface/msg/detail/shape__traits.hpp\n'}
[0.265131] (shape_interface) StdoutLine: {'line': b'-- Up-to-date: /home/aayush/eYRC/Software/workspace/install/shape_interface/include/shape_interface/shape_interface/msg/detail/shape__builder.hpp\n'}
[0.265154] (shape_interface) StdoutLine: {'line': b'-- Up-to-date: /home/aayush/eYRC/Software/workspace/install/shape_interface/include/shape_interface/shape_interface\n'}
[0.265177] (shape_interface) StdoutLine: {'line': b'-- Up-to-date: /home/aayush/eYRC/Software/workspace/install/shape_interface/include/shape_interface/shape_interface/srv\n'}
[0.265200] (shape_interface) StdoutLine: {'line': b'-- Up-to-date: /home/aayush/eYRC/Software/workspace/install/shape_interface/include/shape_interface/shape_interface/srv/detail\n'}
[0.265222] (shape_interface) StdoutLine: {'line': b'-- Up-to-date: /home/aayush/eYRC/Software/workspace/install/shape_interface/include/shape_interface/shape_interface/srv/detail/dds_fastrtps\n'}
[0.265247] (shape_interface) StdoutLine: {'line': b'-- Up-to-date: /home/aayush/eYRC/Software/workspace/install/shape_interface/include/shape_interface/shape_interface/srv/detail/pixel_to_world__rosidl_typesupport_fastrtps_cpp.hpp\n'}
[0.265270] (shape_interface) StdoutLine: {'line': b'-- Up-to-date: /home/aayush/eYRC/Software/workspace/install/shape_interface/include/shape_interface/shape_interface/srv/detail/get_shape__rosidl_typesupport_fastrtps_cpp.hpp\n'}
[0.265294] (shape_interface) StdoutLine: {'line': b'-- Up-to-date: /home/aayush/eYRC/Software/workspace/install/shape_interface/include/shape_interface/shape_interface/msg\n'}
[0.265325] (shape_interface) StdoutLine: {'line': b'-- Up-to-date: /home/aayush/eYRC/Software/workspace/install/shape_interface/include/shape_interface/shape_interface/msg/detail\n'}
[0.265372] (shape_interface) StdoutLine: {'line': b'-- Up-to-date: /home/aayush/eYRC/Software/workspace/install/shape_interface/include/shape_interface/shape_interface/msg/detail/shape__rosidl_typesupport_fastrtps_cpp.hpp\n'}
[0.265405] (shape_interface) StdoutLine: {'line': b'-- Up-to-date: /home/aayush/eYRC/Software/workspace/install/shape_interface/include/shape_interface/shape_interface/msg/detail/dds_fastrtps\n'}
[0.265436] (shape_interface) StdoutLine: {'line': b'-- Up-to-date: /home/aayush/eYRC/Software/workspace/install/shape_interface/include/shape_interface/shape_interface/msg/rosidl_typesupport_fastrtps_cpp__visibility_control.h\n'}
[0.265486] (shape_interface) StdoutLine: {'line': b'-- Up-to-date: /home/aayush/eYRC/Software/workspace/install/shape_interface/lib/libshape_interface__rosidl_typesupport_fastrtps_cpp.so\n'}
[0.265518] (shape_interface) StdoutLine: {'line': b'-- Up-to-date: /home/aayush/eYRC/Software/workspace/install/shape_interface/include/shape_interface/shape_interface\n'}
[0.265550] (shape_interface) StdoutLine: {'line': b'-- Up-to-date: /home/aayush/eYRC/Software/workspace/install/shape_interface/include/shape_interface/shape_interface/srv\n'}
[0.265581] (shape_interface) StdoutLine: {'line': b'-- Up-to-date: /home/aayush/eYRC/Software/workspace/install/shape_interface/include/shape_interface/shape_interface/srv/detail\n'}
[0.265612] (shape_interface) StdoutLine: {'line': b'-- Up-to-date: /home/aayush/eYRC/Software/workspace/install/shape_interface/include/shape_interface/shape_interface/srv/detail/pixel_to_world__rosidl_typesupport_introspection_cpp.hpp\n'}
[0.265642] (shape_interface) StdoutLine: {'line': b'-- Up-to-date: /home/aayush/eYRC/Software/workspace/install/shape_interface/include/shape_interface/shape_interface/srv/detail/get_shape__type_support.cpp\n'}
[0.265679] (shape_interface) StdoutLine: {'line': b'-- Up-to-date: /home/aayush/eYRC/Software/workspace/install/shape_interface/include/shape_interface/shape_interface/srv/detail/get_shape__rosidl_typesupport_introspection_cpp.hpp\n'}
[0.265723] (shape_interface) StdoutLine: {'line': b'-- Up-to-date: /home/aayush/eYRC/Software/workspace/install/shape_interface/include/shape_interface/shape_interface/srv/detail/pixel_to_world__type_support.cpp\n'}
[0.265748] (shape_interface) StdoutLine: {'line': b'-- Up-to-date: /home/aayush/eYRC/Software/workspace/install/shape_interface/include/shape_interface/shape_interface/msg\n'}
[0.265771] (shape_interface) StdoutLine: {'line': b'-- Up-to-date: /home/aayush/eYRC/Software/workspace/install/shape_interface/include/shape_interface/shape_interface/msg/detail\n'}
[0.265795] (shape_interface) StdoutLine: {'line': b'-- Up-to-date: /home/aayush/eYRC/Software/workspace/install/shape_interface/include/shape_interface/shape_interface/msg/detail/shape__rosidl_typesupport_introspection_cpp.hpp\n'}
[0.265821] (shape_interface) StdoutLine: {'line': b'-- Up-to-date: /home/aayush/eYRC/Software/workspace/install/shape_interface/include/shape_interface/shape_interface/msg/detail/shape__type_support.cpp\n'}
[0.265844] (shape_interface) StdoutLine: {'line': b'-- Up-to-date: /home/aayush/eYRC/Software/workspace/install/shape_interface/lib/libshape_interface__rosidl_typesupport_introspection_cpp.so\n'}
[0.265897] (shape_interface) StdoutLine: {'line': b'-- Up-to-date: /home/aayush/eYRC/Software/workspace/install/shape_interface/lib/libshape_interface__rosidl_typesupport_cpp.so\n'}
[0.266031] (shape_interface) StdoutLine: {'line': b'-- Up-to-date: /home/aayush/eYRC/Software/workspace/install/shape_interface/share/shape_interface/environment/pythonpath.sh\n'}
[0.266089] (shape_interface) StdoutLine: {'line': b'-- Up-to-date: /home/aayush/eYRC/Software/workspace/install/shape_interface/share/shape_interface/environment/pythonpath.dsv\n'}
[0.266195] (shape_interface) StdoutLine: {'line': b'-- Up-to-date: /home/aayush/eYRC/Software/workspace/install/shape_interface/local/lib/python3.10/dist-packages/shape_interface-0.0.0-py3.10.egg-info\n'}
[0.266262] (shape_interface) StdoutLine: {'line': b'-- Installing: /home/aayush/eYRC/Software/workspace/install/shape_interface/local/lib/python3.10/dist-packages/shape_interface-0.0.0-py3.10.egg-info/SOURCES.txt\n'}
[0.266345] (shape_interface) StdoutLine: {'line': b'-- Installing: /home/aayush/eYRC/Software/workspace/install/shape_interface/local/lib/python3.10/dist-packages/shape_interface-0.0.0-py3.10.egg-info/top_level.txt\n'}
[0.266447] (shape_interface) StdoutLine: {'line': b'-- Installing: /home/aayush/eYRC/Software/workspace/install/shape_interface/local/lib/python3.10/dist-packages/shape_interface-0.0.0-py3.10.egg-info/PKG-INFO\n'}
[0.266558] (shape_interface) StdoutLine: {'line': b'-- Installing: /home/aayush/eYRC/Software/workspace/install/shape_interface/local/lib/python3.10/dist-packages/shape_interface-0.0.0-py3.10.egg-info/dependency_links.txt\n'}
[0.266709] (shape_interface) StdoutLine: {'line': b'-- Up-to-date: /home/aayush/eYRC/Software/workspace/install/shape_interface/local/lib/python3.10/dist-packages/shape_interface\n'}
[0.266798] (shape_interface) StdoutLine: {'line': b'-- Up-to-date: /home/aayush/eYRC/Software/workspace/install/shape_interface/local/lib/python3.10/dist-packages/shape_interface/_shape_interface_s.ep.rosidl_typesupport_c.c\n'}
[0.266887] (shape_interface) StdoutLine: {'line': b'-- Up-to-date: /home/aayush/eYRC/Software/workspace/install/shape_interface/local/lib/python3.10/dist-packages/shape_interface/shape_interface_s__rosidl_typesupport_c.cpython-310-x86_64-linux-gnu.so\n'}
[0.266980] (shape_interface) StdoutLine: {'line': b'-- Up-to-date: /home/aayush/eYRC/Software/workspace/install/shape_interface/local/lib/python3.10/dist-packages/shape_interface/shape_interface_s__rosidl_typesupport_introspection_c.cpython-310-x86_64-linux-gnu.so\n'}
[0.267132] (shape_interface) StdoutLine: {'line': b'-- Up-to-date: /home/aayush/eYRC/Software/workspace/install/shape_interface/local/lib/python3.10/dist-packages/shape_interface/_shape_interface_s.ep.rosidl_typesupport_introspection_c.c\n'}
[0.267200] (shape_interface) StdoutLine: {'line': b'-- Up-to-date: /home/aayush/eYRC/Software/workspace/install/shape_interface/local/lib/python3.10/dist-packages/shape_interface/srv\n'}
[0.267265] (shape_interface) StdoutLine: {'line': b'-- Up-to-date: /home/aayush/eYRC/Software/workspace/install/shape_interface/local/lib/python3.10/dist-packages/shape_interface/srv/_get_shape_s.c\n'}
[0.267327] (shape_interface) StdoutLine: {'line': b'-- Up-to-date: /home/aayush/eYRC/Software/workspace/install/shape_interface/local/lib/python3.10/dist-packages/shape_interface/srv/_pixel_to_world_s.c\n'}
[0.267388] (shape_interface) StdoutLine: {'line': b'-- Up-to-date: /home/aayush/eYRC/Software/workspace/install/shape_interface/local/lib/python3.10/dist-packages/shape_interface/srv/__init__.py\n'}
[0.267452] (shape_interface) StdoutLine: {'line': b'-- Up-to-date: /home/aayush/eYRC/Software/workspace/install/shape_interface/local/lib/python3.10/dist-packages/shape_interface/srv/_pixel_to_world.py\n'}
[0.267517] (shape_interface) StdoutLine: {'line': b'-- Up-to-date: /home/aayush/eYRC/Software/workspace/install/shape_interface/local/lib/python3.10/dist-packages/shape_interface/srv/_get_shape.py\n'}
[0.267579] (shape_interface) StdoutLine: {'line': b'-- Up-to-date: /home/aayush/eYRC/Software/workspace/install/shape_interface/local/lib/python3.10/dist-packages/shape_interface/shape_interface_s__rosidl_typesupport_fastrtps_c.cpython-310-x86_64-linux-gnu.so\n'}
[0.267642] (shape_interface) StdoutLine: {'line': b'-- Up-to-date: /home/aayush/eYRC/Software/workspace/install/shape_interface/local/lib/python3.10/dist-packages/shape_interface/msg\n'}
[0.267705] (shape_interface) StdoutLine: {'line': b'-- Up-to-date: /home/aayush/eYRC/Software/workspace/install/shape_interface/local/lib/python3.10/dist-packages/shape_interface/msg/_shape_s.c\n'}
[0.267765] (shape_interface) StdoutLine: {'line': b'-- Up-to-date: /home/aayush/eYRC/Software/workspace/install/shape_interface/local/lib/python3.10/dist-packages/shape_interface/msg/_shape.py\n'}
[0.267831] (shape_interface) StdoutLine: {'line': b'-- Up-to-date: /home/aayush/eYRC/Software/workspace/install/shape_interface/local/lib/python3.10/dist-packages/shape_interface/msg/__init__.py\n'}
[0.267893] (shape_interface) StdoutLine: {'line': b'-- Up-to-date: /home/aayush/eYRC/Software/workspace/install/shape_interface/local/lib/python3.10/dist-packages/shape_interface/libshape_interface__rosidl_generator_py.so\n'}
[0.267964] (shape_interface) StdoutLine: {'line': b'-- Up-to-date: /home/aayush/eYRC/Software/workspace/install/shape_interface/local/lib/python3.10/dist-packages/shape_interface/__init__.py\n'}
[0.268044] (shape_interface) StdoutLine: {'line': b'-- Up-to-date: /home/aayush/eYRC/Software/workspace/install/shape_interface/local/lib/python3.10/dist-packages/shape_interface/_shape_interface_s.ep.rosidl_typesupport_fastrtps_c.c\n'}
[0.285096] (shape_interface) StdoutLine: {'line': b"Listing '/home/aayush/eYRC/Software/workspace/install/shape_interface/local/lib/python3.10/dist-packages/shape_interface'...\n"}
[0.285292] (shape_interface) StdoutLine: {'line': b"Listing '/home/aayush/eYRC/Software/workspace/install/shape_interface/local/lib/python3.10/dist-packages/shape_interface/msg'...\n"}
[0.285368] (shape_interface) StdoutLine: {'line': b"Listing '/home/aayush/eYRC/Software/workspace/install/shape_interface/local/lib/python3.10/dist-packages/shape_interface/srv'...\n"}
[0.287730] (shape_interface) StdoutLine: {'line': b'-- Up-to-date: /home/aayush/eYRC/Software/workspace/install/shape_interface/local/lib/python3.10/dist-packages/shape_interface/shape_interface_s__rosidl_typesupport_fastrtps_c.cpython-310-x86_64-linux-gnu.so\n'}
[0.287909] (shape_interface) StdoutLine: {'line': b'-- Up-to-date: /home/aayush/eYRC/Software/workspace/install/shape_interface/local/lib/python3.10/dist-packages/shape_interface/shape_interface_s__rosidl_typesupport_introspection_c.cpython-310-x86_64-linux-gnu.so\n'}
[0.287997] (shape_interface) StdoutLine: {'line': b'-- Up-to-date: /home/aayush/eYRC/Software/workspace/install/shape_interface/local/lib/python3.10/dist-packages/shape_interface/shape_interface_s__rosidl_typesupport_c.cpython-310-x86_64-linux-gnu.so\n'}
[0.288219] (shape_interface) StdoutLine: {'line': b'-- Up-to-date: /home/aayush/eYRC/Software/workspace/install/shape_interface/lib/libshape_interface__rosidl_generator_py.so\n'}
[0.288363] (shape_interface) StdoutLine: {'line': b'-- Up-to-date: /home/aayush/eYRC/Software/workspace/install/shape_interface/share/shape_interface/rust\n'}
[0.288453] (shape_interface) StdoutLine: {'line': b'-- Up-to-date: /home/aayush/eYRC/Software/workspace/install/shape_interface/share/shape_interface/rust/src\n'}
[0.288543] (shape_interface) StdoutLine: {'line': b'-- Up-to-date: /home/aayush/eYRC/Software/workspace/install/shape_interface/share/shape_interface/rust/src/srv.rs\n'}
[0.288637] (shape_interface) StdoutLine: {'line': b'-- Up-to-date: /home/aayush/eYRC/Software/workspace/install/shape_interface/share/shape_interface/rust/src/srv\n'}
[0.288718] (shape_interface) StdoutLine: {'line': b'-- Up-to-date: /home/aayush/eYRC/Software/workspace/install/shape_interface/share/shape_interface/rust/src/srv/rmw.rs\n'}
[0.288780] (shape_interface) StdoutLine: {'line': b'-- Up-to-date: /home/aayush/eYRC/Software/workspace/install/shape_interface/share/shape_interface/rust/src/msg\n'}
[0.288839] (shape_interface) StdoutLine: {'line': b'-- Up-to-date: /home/aayush/eYRC/Software/workspace/install/shape_interface/share/shape_interface/rust/src/msg/rmw.rs\n'}
[0.288899] (shape_interface) StdoutLine: {'line': b'-- Up-to-date: /home/aayush/eYRC/Software/workspace/install/shape_interface/share/shape_interface/rust/src/msg.rs\n'}
[0.288959] (shape_interface) StdoutLine: {'line': b'-- Up-to-date: /home/aayush/eYRC/Software/workspace/install/shape_interface/share/shape_interface/rust/src/lib.rs\n'}
[0.289024] (shape_interface) StdoutLine: {'line': b'-- Up-to-date: /home/aayush/eYRC/Software/workspace/install/shape_interface/share/shape_interface/rust/build.rs\n'}
[0.289092] (shape_interface) StdoutLine: {'line': b'-- Up-to-date: /home/aayush/eYRC/Software/workspace/install/shape_interface/share/shape_interface/rust/Cargo.toml\n'}
[0.289152] (shape_interface) StdoutLine: {'line': b'-- Up-to-date: /home/aayush/eYRC/Software/workspace/install/shape_interface/share/shape_interface/srv/GetShape.idl\n'}
[0.289212] (shape_interface) StdoutLine: {'line': b'-- Up-to-date: /home/aayush/eYRC/Software/workspace/install/shape_interface/share/shape_interface/srv/PixelToWorld.idl\n'}
[0.289271] (shape_interface) StdoutLine: {'line': b'-- Up-to-date: /home/aayush/eYRC/Software/workspace/install/shape_interface/share/shape_interface/msg/Shape.idl\n'}
[0.289336] (shape_interface) StdoutLine: {'line': b'-- Up-to-date: /home/aayush/eYRC/Software/workspace/install/shape_interface/share/shape_interface/srv/GetShape.srv\n'}
[0.289395] (shape_interface) StdoutLine: {'line': b'-- Up-to-date: /home/aayush/eYRC/Software/workspace/install/shape_interface/share/shape_interface/srv/GetShape_Request.msg\n'}
[0.289454] (shape_interface) StdoutLine: {'line': b'-- Up-to-date: /home/aayush/eYRC/Software/workspace/install/shape_interface/share/shape_interface/srv/GetShape_Response.msg\n'}
[0.289516] (shape_interface) StdoutLine: {'line': b'-- Up-to-date: /home/aayush/eYRC/Software/workspace/install/shape_interface/share/shape_interface/srv/PixelToWorld.srv\n'}
[0.289576] (shape_interface) StdoutLine: {'line': b'-- Up-to-date: /home/aayush/eYRC/Software/workspace/install/shape_interface/share/shape_interface/srv/PixelToWorld_Request.msg\n'}
[0.289636] (shape_interface) StdoutLine: {'line': b'-- Up-to-date: /home/aayush/eYRC/Software/workspace/install/shape_interface/share/shape_interface/srv/PixelToWorld_Response.msg\n'}
[0.289701] (shape_interface) StdoutLine: {'line': b'-- Up-to-date: /home/aayush/eYRC/Software/workspace/install/shape_interface/share/shape_interface/msg/Shape.msg\n'}
[0.289762] (shape_interface) StdoutLine: {'line': b'-- Up-to-date: /home/aayush/eYRC/Software/workspace/install/shape_interface/share/ament_index/resource_index/package_run_dependencies/shape_interface\n'}
[0.289823] (shape_interface) StdoutLine: {'line': b'-- Up-to-date: /home/aayush/eYRC/Software/workspace/install/shape_interface/share/ament_index/resource_index/parent_prefix_path/shape_interface\n'}
[0.289882] (shape_interface) StdoutLine: {'line': b'-- Up-to-date: /home/aayush/eYRC/Software/workspace/install/shape_interface/share/shape_interface/environment/ament_prefix_path.sh\n'}
[0.289991] (shape_interface) StdoutLine: {'line': b'-- Up-to-date: /home/aayush/eYRC/Software/workspace/install/shape_interface/share/shape_interface/environment/ament_prefix_path.dsv\n'}
[0.290109] (shape_interface) StdoutLine: {'line': b'-- Up-to-date: /home/aayush/eYRC/Software/workspace/install/shape_interface/share/shape_interface/environment/path.sh\n'}
[0.290209] (shape_interface) StdoutLine: {'line': b'-- Up-to-date: /home/aayush/eYRC/Software/workspace/install/shape_interface/share/shape_interface/environment/path.dsv\n'}
[0.290294] (shape_interface) StdoutLine: {'line': b'-- Up-to-date: /home/aayush/eYRC/Software/workspace/install/shape_interface/share/shape_interface/local_setup.bash\n'}
[0.290370] (shape_interface) StdoutLine: {'line': b'-- Up-to-date: /home/aayush/eYRC/Software/workspace/install/shape_interface/share/shape_interface/local_setup.sh\n'}
[0.290434] (shape_interface) StdoutLine: {'line': b'-- Up-to-date: /home/aayush/eYRC/Software/workspace/install/shape_interface/share/shape_interface/local_setup.zsh\n'}
[0.290497] (shape_interface) StdoutLine: {'line': b'-- Up-to-date: /home/aayush/eYRC/Software/workspace/install/shape_interface/share/shape_interface/local_setup.dsv\n'}
[0.290570] (shape_interface) StdoutLine: {'line': b'-- Installing: /home/aayush/eYRC/Software/workspace/install/shape_interface/share/shape_interface/package.dsv\n'}
[0.290642] (shape_interface) StdoutLine: {'line': b'-- Up-to-date: /home/aayush/eYRC/Software/workspace/install/shape_interface/share/ament_index/resource_index/packages/shape_interface\n'}
[0.290715] (shape_interface) StdoutLine: {'line': b'-- Up-to-date: /home/aayush/eYRC/Software/workspace/install/shape_interface/share/shape_interface/cmake/export_shape_interface__rosidl_generator_cExport.cmake\n'}
[0.290797] (shape_interface) StdoutLine: {'line': b'-- Up-to-date: /home/aayush/eYRC/Software/workspace/install/shape_interface/share/shape_interface/cmake/export_shape_interface__rosidl_generator_cExport-noconfig.cmake\n'}
[0.290861] (shape_interface) StdoutLine: {'line': b'-- Up-to-date: /home/aayush/eYRC/Software/workspace/install/shape_interface/share/shape_interface/cmake/export_shape_interface__rosidl_typesupport_fastrtps_cExport.cmake\n'}
[0.290945] (shape_interface) StdoutLine: {'line': b'-- Up-to-date: /home/aayush/eYRC/Software/workspace/install/shape_interface/share/shape_interface/cmake/export_shape_interface__rosidl_typesupport_fastrtps_cExport-noconfig.cmake\n'}
[0.291029] (shape_interface) StdoutLine: {'line': b'-- Up-to-date: /home/aayush/eYRC/Software/workspace/install/shape_interface/share/shape_interface/cmake/shape_interface__rosidl_typesupport_introspection_cExport.cmake\n'}
[0.291109] (shape_interface) StdoutLine: {'line': b'-- Up-to-date: /home/aayush/eYRC/Software/workspace/install/shape_interface/share/shape_interface/cmake/shape_interface__rosidl_typesupport_introspection_cExport-noconfig.cmake\n'}
[0.291182] (shape_interface) StdoutLine: {'line': b'-- Up-to-date: /home/aayush/eYRC/Software/workspace/install/shape_interface/share/shape_interface/cmake/shape_interface__rosidl_typesupport_cExport.cmake\n'}
[0.291262] (shape_interface) StdoutLine: {'line': b'-- Up-to-date: /home/aayush/eYRC/Software/workspace/install/shape_interface/share/shape_interface/cmake/shape_interface__rosidl_typesupport_cExport-noconfig.cmake\n'}
[0.291334] (shape_interface) StdoutLine: {'line': b'-- Up-to-date: /home/aayush/eYRC/Software/workspace/install/shape_interface/share/shape_interface/cmake/export_shape_interface__rosidl_generator_cppExport.cmake\n'}
[0.291411] (shape_interface) StdoutLine: {'line': b'-- Up-to-date: /home/aayush/eYRC/Software/workspace/install/shape_interface/share/shape_interface/cmake/export_shape_interface__rosidl_typesupport_fastrtps_cppExport.cmake\n'}
[0.291491] (shape_interface) StdoutLine: {'line': b'-- Up-to-date: /home/aayush/eYRC/Software/workspace/install/shape_interface/share/shape_interface/cmake/export_shape_interface__rosidl_typesupport_fastrtps_cppExport-noconfig.cmake\n'}
[0.291556] (shape_interface) StdoutLine: {'line': b'-- Up-to-date: /home/aayush/eYRC/Software/workspace/install/shape_interface/share/shape_interface/cmake/shape_interface__rosidl_typesupport_introspection_cppExport.cmake\n'}
[0.291637] (shape_interface) StdoutLine: {'line': b'-- Up-to-date: /home/aayush/eYRC/Software/workspace/install/shape_interface/share/shape_interface/cmake/shape_interface__rosidl_typesupport_introspection_cppExport-noconfig.cmake\n'}
[0.291716] (shape_interface) StdoutLine: {'line': b'-- Up-to-date: /home/aayush/eYRC/Software/workspace/install/shape_interface/share/shape_interface/cmake/shape_interface__rosidl_typesupport_cppExport.cmake\n'}
[0.291802] (shape_interface) StdoutLine: {'line': b'-- Up-to-date: /home/aayush/eYRC/Software/workspace/install/shape_interface/share/shape_interface/cmake/shape_interface__rosidl_typesupport_cppExport-noconfig.cmake\n'}
[0.291877] (shape_interface) StdoutLine: {'line': b'-- Up-to-date: /home/aayush/eYRC/Software/workspace/install/shape_interface/share/shape_interface/cmake/export_shape_interface__rosidl_generator_pyExport.cmake\n'}
[0.291965] (shape_interface) StdoutLine: {'line': b'-- Up-to-date: /home/aayush/eYRC/Software/workspace/install/shape_interface/share/shape_interface/cmake/export_shape_interface__rosidl_generator_pyExport-noconfig.cmake\n'}
[0.292068] (shape_interface) StdoutLine: {'line': b'-- Up-to-date: /home/aayush/eYRC/Software/workspace/install/shape_interface/share/shape_interface/cmake/rosidl_cmake-extras.cmake\n'}
[0.292138] (shape_interface) StdoutLine: {'line': b'-- Up-to-date: /home/aayush/eYRC/Software/workspace/install/shape_interface/share/shape_interface/cmake/ament_cmake_export_include_directories-extras.cmake\n'}
[0.292201] (shape_interface) StdoutLine: {'line': b'-- Up-to-date: /home/aayush/eYRC/Software/workspace/install/shape_interface/share/shape_interface/cmake/ament_cmake_export_libraries-extras.cmake\n'}
[0.292264] (shape_interface) StdoutLine: {'line': b'-- Up-to-date: /home/aayush/eYRC/Software/workspace/install/shape_interface/share/shape_interface/cmake/ament_cmake_export_targets-extras.cmake\n'}
[0.292328] (shape_interface) StdoutLine: {'line': b'-- Up-to-date: /home/aayush/eYRC/Software/workspace/install/shape_interface/share/shape_interface/cmake/rosidl_cmake_export_typesupport_targets-extras.cmake\n'}
[0.292398] (shape_interface) StdoutLine: {'line': b'-- Up-to-date: /home/aayush/eYRC/Software/workspace/install/shape_interface/share/shape_interface/cmake/ament_cmake_export_dependencies-extras.cmake\n'}
[0.292462] (shape_interface) StdoutLine: {'line': b'-- Up-to-date: /home/aayush/eYRC/Software/workspace/install/shape_interface/share/shape_interface/cmake/rosidl_cmake_export_typesupport_libraries-extras.cmake\n'}
[0.292524] (shape_interface) StdoutLine: {'line': b'-- Up-to-date: /home/aayush/eYRC/Software/workspace/install/shape_interface/share/shape_interface/cmake/rosidl_cmake_aggregate_target-extras.cmake\n'}
[0.292588] (shape_interface) StdoutLine: {'line': b'-- Up-to-date: /home/aayush/eYRC/Software/workspace/install/shape_interface/share/shape_interface/cmake/shape_interfaceConfig.cmake\n'}
[0.292652] (shape_interface) StdoutLine: {'line': b'-- Up-to-date: /home/aayush/eYRC/Software/workspace/install/shape_interface/share/shape_interface/cmake/shape_interfaceConfig-version.cmake\n'}
[0.292715] (shape_interface) StdoutLine: {'line': b'-- Up-to-date: /home/aayush/eYRC/Software/workspace/install/shape_interface/share/shape_interface/package.xml\n'}
[0.294222] (shape_interface) CommandEnded: {'returncode': 0}
[0.295488] (task_1b) StdoutLine: {'line': b'running egg_info\n'}
[0.296241] (task_1b) StdoutLine: {'line': b'writing task_1b.egg-info/PKG-INFO\n'}
[0.296451] (task_1b) StdoutLine: {'line': b'writing dependency_links to task_1b.egg-info/dependency_links.txt\n'}
[0.296642] (task_1b) StdoutLine: {'line': b'writing top-level names to task_1b.egg-info/top_level.txt\n'}
[0.298581] (task_1b) StdoutLine: {'line': b"reading manifest file 'task_1b.egg-info/SOURCES.txt'\n"}
[0.299030] (task_1b) StdoutLine: {'line': b"writing manifest file 'task_1b.egg-info/SOURCES.txt'\n"}
[0.300067] (-) TimerEvent: {}
[0.313717] (shape_interface) JobEnded: {'identifier': 'shape_interface', 'rc': 0}
[0.314769] (task_1a) JobStarted: {'identifier': 'task_1a'}
[0.315941] (task_1c) JobStarted: {'identifier': 'task_1c'}
[0.319655] (task_1a) JobProgress: {'identifier': 'task_1a', 'progress': 'cmake'}
[0.320231] (task_1a) JobProgress: {'identifier': 'task_1a', 'progress': 'build'}
[0.320612] (task_1a) Command: {'cmd': ['/usr/bin/cmake', '--build', '/home/aayush/eYRC/Software/workspace/build/task_1a', '--', '-j6', '-l6'], 'cwd': '/home/aayush/eYRC/Software/workspace/build/task_1a', 'env': OrderedDict([('LESSOPEN', '| /usr/bin/lesspipe %s'), ('LANGUAGE', 'en_IN:en'), ('USER', 'aayush'), ('XDG_SESSION_TYPE', 'wayland'), ('SHLVL', '1'), ('LD_LIBRARY_PATH', '/home/aayush/eYRC/Software/workspace/install/shape_interface/lib:/opt/ros/humble/opt/rviz_ogre_vendor/lib:/opt/ros/humble/lib/x86_64-linux-gnu:/opt/ros/humble/lib:/opt/mujoco/lib'), ('HOME', '/home/aayush'), ('OLDPWD', '/home/aayush/eYRC/Software/workspace/src'), ('DESKTOP_SESSION', 'ubuntu'), ('ROS_PYTHON_VERSION', '3'), ('GNOME_SHELL_SESSION_MODE', 'ubuntu'), ('GTK_MODULES', 'gail:atk-bridge'), ('SYSTEMD_EXEC_PID', '1744'), ('DBUS_SESSION_BUS_ADDRESS', 'unix:path=/run/user/1000/bus'), ('COLORTERM', 'truecolor'), ('IM_CONFIG_PHASE', '1'), ('WAYLAND_DISPLAY', 'wayland-0'), ('ROS_DISTRO', 'humble'), ('LOGNAME', 'aayush'), ('_', '/usr/bin/colcon'), ('ROS_VERSION', '2'), ('XDG_SESSION_CLASS', 'user'), ('MUJOCO_HOME', '/opt/mujoco'), ('USERNAME', 'aayush'), ('TERM', 'xterm-256color'), ('GNOME_DESKTOP_SESSION_ID', 'this-is-deprecated'), ('ROS_LOCALHOST_ONLY', '0'), ('PATH', '/opt/ros/humble/bin:/usr/local/sbin:/usr/local/bin:/usr/sbin:/usr/bin:/sbin:/bin:/usr/games:/usr/local/games:/snap/bin:/snap/bin:/opt/mujoco/bin'), ('SESSION_MANAGER', 'local/aayush-Inspiron-15-3530:@/tmp/.ICE-unix/1526,unix/aayush-Inspiron-15-3530:/tmp/.ICE-unix/1526'), ('XDG_MENU_PREFIX', 'gnome-'), ('GNOME_TERMINAL_SCREEN', '/org/gnome/Terminal/screen/3aef74fe_2e12_4c3d_a376_35801467e145'), ('GNOME_SETUP_DISPLAY', ':1'), ('XDG_RUNTIME_DIR', '/run/user/1000'), ('DISPLAY', ':0'), ('LANG', 'en_US.UTF-8'), ('XDG_CURRENT_DESKTOP', 'ubuntu:GNOME'), ('XMODIFIERS', '@im=ibus'), ('XDG_SESSION_DESKTOP', 'ubuntu'), ('XAUTHORITY', '/run/user/1000/.mutter-Xwaylandauth.2VPZW3'), ('LS_COLORS', 'rs=0:di=01;34:ln=01;36:mh=00:pi=40;33:so=01;35:do=01;35:bd=40;33;01:cd=40;33;01:or=40;31;01:mi=00:su=37;41:sg=30;43:ca=30;41:tw=30;42:ow=34;42:st=37;44:ex=01;32:*.tar=01;31:*.tgz=01;31:*.arc=01;31:*.arj=01;31:*.taz=01;31:*.lha=01;31:*.lz4=01;31:*.lzh=01;31:*.lzma=01;31:*.tlz=01;31:*.txz=01;31:*.tzo=01;31:*.t7z=01;31:*.zip=01;31:*.z=01;31:*.dz=01;31:*.gz=01;31:*.lrz=01;31:*.lz=01;31:*.lzo=01;31:*.xz=01;31:*.zst=01;31:*.tzst=01;31:*.bz2=01;31:*.bz=01;31:*.tbz=01;31:*.tbz2=01;31:*.tz=01;31:*.deb=01;31:*.rpm=01;31:*.jar=01;31:*.war=01;31:*.ear=01;31:*.sar=01;31:*.rar=01;31:*.alz=01;31:*.ace=01;31:*.zoo=01;31:*.cpio=01;31:*.7z=01;31:*.rz=01;31:*.cab=01;31:*.wim=01;31:*.swm=01;31:*.dwm=01;31:*.esd=01;31:*.jpg=01;35:*.jpeg=01;35:*.mjpg=01;35:*.mjpeg=01;35:*.gif=01;35:*.bmp=01;35:*.pbm=01;35:*.pgm=01;35:*.ppm=01;35:*.tga=01;35:*.xbm=01;35:*.xpm=01;35:*.tif=01;35:*.tiff=01;35:*.png=01;35:*.svg=01;35:*.svgz=01;35:*.mng=01;35:*.pcx=01;35:*.mov=01;35:*.mpg=01;35:*.mpeg=01;35:*.m2v=01;35:*.mkv=01;35:*.webm=01;35:*.webp=01;35:*.ogm=01;35:*.mp4=01;35:*.m4v=01;35:*.mp4v=01;35:*.vob=01;35:*.qt=01;35:*.nuv=01;35:*.wmv=01;35:*.asf=01;35:*.rm=01;35:*.rmvb=01;35:*.flc=01;35:*.avi=01;35:*.fli=01;35:*.flv=01;35:*.gl=01;35:*.dl=01;35:*.xcf=01;35:*.xwd=01;35:*.yuv=01;35:*.cgm=01;35:*.emf=01;35:*.ogv=01;35:*.ogx=01;35:*.aac=00;36:*.au=00;36:*.flac=00;36:*.m4a=00;36:*.mid=00;36:*.midi=00;36:*.mka=00;36:*.mp3=00;36:*.mpc=00;36:*.ogg=00;36:*.ra=00;36:*.wav=00;36:*.oga=00;36:*.opus=00;36:*.spx=00;36:*.xspf=00;36:'), ('GNOME_TERMINAL_SERVICE', ':1.102'), ('SSH_AGENT_LAUNCHER', 'gnome-keyring'), ('SSH_AUTH_SOCK', '/run/user/1000/keyring/ssh'), ('AMENT_PREFIX_PATH', '/home/aayush/eYRC/Software/workspace/install/shape_interface:/opt/ros/humble'), ('SHELL', '/bin/bash'), ('QT_ACCESSIBILITY', '1'), ('GDMSESSION', 'ubuntu'), ('LESSCLOSE', '/usr/bin/lesspipe %s %s'), ('QT_IM_MODULE', 'ibus'), ('PWD', '/home/aayush/eYRC/Software/workspace/build/task_1a'), ('LC_ALL', 'en_US.UTF-8'), ('XDG_CONFIG_DIRS', '/etc/xdg/xdg-ubuntu:/etc/xdg'), ('XDG_DATA_DIRS', '/usr/share/ubuntu:/usr/local/share/:/usr/share/:/var/lib/snapd/desktop'), ('PYTHONPATH', '/home/aayush/eYRC/Software/workspace/install/shape_interface/local/lib/python3.10/dist-packages:/opt/ros/humble/lib/python3.10/site-packages:/opt/ros/humble/local/lib/python3.10/dist-packages'), ('COLCON', '1'), ('VTE_VERSION', '6800'), ('CMAKE_PREFIX_PATH', '/home/aayush/eYRC/Software/workspace/install/shape_interface:/opt/ros/humble')]), 'shell': False}
[0.323363] (task_1c) JobProgress: {'identifier': 'task_1c', 'progress': 'cmake'}
[0.323419] (task_1c) JobProgress: {'identifier': 'task_1c', 'progress': 'build'}
[0.323435] (task_1c) Command: {'cmd': ['/usr/bin/cmake', '--build', '/home/aayush/eYRC/Software/workspace/build/task_1c', '--', '-j6', '-l6'], 'cwd': '/home/aayush/eYRC/Software/workspace/build/task_1c', 'env': OrderedDict([('LESSOPEN', '| /usr/bin/lesspipe %s'), ('LANGUAGE', 'en_IN:en'), ('USER', 'aayush'), ('XDG_SESSION_TYPE', 'wayland'), ('SHLVL', '1'), ('LD_LIBRARY_PATH', '/home/aayush/eYRC/Software/workspace/install/shape_interface/lib:/opt/ros/humble/opt/rviz_ogre_vendor/lib:/opt/ros/humble/lib/x86_64-linux-gnu:/opt/ros/humble/lib:/opt/mujoco/lib'), ('HOME', '/home/aayush'), ('OLDPWD', '/home/aayush/eYRC/Software/workspace/src'), ('DESKTOP_SESSION', 'ubuntu'), ('ROS_PYTHON_VERSION', '3'), ('GNOME_SHELL_SESSION_MODE', 'ubuntu'), ('GTK_MODULES', 'gail:atk-bridge'), ('SYSTEMD_EXEC_PID', '1744'), ('DBUS_SESSION_BUS_ADDRESS', 'unix:path=/run/user/1000/bus'), ('COLORTERM', 'truecolor'), ('IM_CONFIG_PHASE', '1'), ('WAYLAND_DISPLAY', 'wayland-0'), ('ROS_DISTRO', 'humble'), ('LOGNAME', 'aayush'), ('_', '/usr/bin/colcon'), ('ROS_VERSION', '2'), ('XDG_SESSION_CLASS', 'user'), ('MUJOCO_HOME', '/opt/mujoco'), ('USERNAME', 'aayush'), ('TERM', 'xterm-256color'), ('GNOME_DESKTOP_SESSION_ID', 'this-is-deprecated'), ('ROS_LOCALHOST_ONLY', '0'), ('PATH', '/opt/ros/humble/bin:/usr/local/sbin:/usr/local/bin:/usr/sbin:/usr/bin:/sbin:/bin:/usr/games:/usr/local/games:/snap/bin:/snap/bin:/opt/mujoco/bin'), ('SESSION_MANAGER', 'local/aayush-Inspiron-15-3530:@/tmp/.ICE-unix/1526,unix/aayush-Inspiron-15-3530:/tmp/.ICE-unix/1526'), ('XDG_MENU_PREFIX', 'gnome-'), ('GNOME_TERMINAL_SCREEN', '/org/gnome/Terminal/screen/3aef74fe_2e12_4c3d_a376_35801467e145'), ('GNOME_SETUP_DISPLAY', ':1'), ('XDG_RUNTIME_DIR', '/run/user/1000'), ('DISPLAY', ':0'), ('LANG', 'en_US.UTF-8'), ('XDG_CURRENT_DESKTOP', 'ubuntu:GNOME'), ('XMODIFIERS', '@im=ibus'), ('XDG_SESSION_DESKTOP', 'ubuntu'), ('XAUTHORITY', '/run/user/1000/.mutter-Xwaylandauth.2VPZW3'), ('LS_COLORS', 'rs=0:di=01;34:ln=01;36:mh=00:pi=40;33:so=01;35:do=01;35:bd=40;33;01:cd=40;33;01:or=40;31;01:mi=00:su=37;41:sg=30;43:ca=30;41:tw=30;42:ow=34;42:st=37;44:ex=01;32:*.tar=01;31:*.tgz=01;31:*.arc=01;31:*.arj=01;31:*.taz=01;31:*.lha=01;31:*.lz4=01;31:*.lzh=01;31:*.lzma=01;31:*.tlz=01;31:*.txz=01;31:*.tzo=01;31:*.t7z=01;31:*.zip=01;31:*.z=01;31:*.dz=01;31:*.gz=01;31:*.lrz=01;31:*.lz=01;31:*.lzo=01;31:*.xz=01;31:*.zst=01;31:*.tzst=01;31:*.bz2=01;31:*.bz=01;31:*.tbz=01;31:*.tbz2=01;31:*.tz=01;31:*.deb=01;31:*.rpm=01;31:*.jar=01;31:*.war=01;31:*.ear=01;31:*.sar=01;31:*.rar=01;31:*.alz=01;31:*.ace=01;31:*.zoo=01;31:*.cpio=01;31:*.7z=01;31:*.rz=01;31:*.cab=01;31:*.wim=01;31:*.swm=01;31:*.dwm=01;31:*.esd=01;31:*.jpg=01;35:*.jpeg=01;35:*.mjpg=01;35:*.mjpeg=01;35:*.gif=01;35:*.bmp=01;35:*.pbm=01;35:*.pgm=01;35:*.ppm=01;35:*.tga=01;35:*.xbm=01;35:*.xpm=01;35:*.tif=01;35:*.tiff=01;35:*.png=01;35:*.svg=01;35:*.svgz=01;35:*.mng=01;35:*.pcx=01;35:*.mov=01;35:*.mpg=01;35:*.mpeg=01;35:*.m2v=01;35:*.mkv=01;35:*.webm=01;35:*.webp=01;35:*.ogm=01;35:*.mp4=01;35:*.m4v=01;35:*.mp4v=01;35:*.vob=01;35:*.qt=01;35:*.nuv=01;35:*.wmv=01;35:*.asf=01;35:*.rm=01;35:*.rmvb=01;35:*.flc=01;35:*.avi=01;35:*.fli=01;35:*.flv=01;35:*.gl=01;35:*.dl=01;35:*.xcf=01;35:*.xwd=01;35:*.yuv=01;35:*.cgm=01;35:*.emf=01;35:*.ogv=01;35:*.ogx=01;35:*.aac=00;36:*.au=00;36:*.flac=00;36:*.m4a=00;36:*.mid=00;36:*.midi=00;36:*.mka=00;36:*.mp3=00;36:*.mpc=00;36:*.ogg=00;36:*.ra=00;36:*.wav=00;36:*.oga=00;36:*.opus=00;36:*.spx=00;36:*.xspf=00;36:'), ('GNOME_TERMINAL_SERVICE', ':1.102'), ('SSH_AGENT_LAUNCHER', 'gnome-keyring'), ('SSH_AUTH_SOCK', '/run/user/1000/keyring/ssh'), ('AMENT_PREFIX_PATH', '/home/aayush/eYRC/Software/workspace/install/shape_interface:/opt/ros/humble'), ('SHELL', '/bin/bash'), ('QT_ACCESSIBILITY', '1'), ('GDMSESSION', 'ubuntu'), ('LESSCLOSE', '/usr/bin/lesspipe %s %s'), ('QT_IM_MODULE', 'ibus'), ('PWD', '/home/aayush/eYRC/Software/workspace/build/task_1c'), ('LC_ALL', 'en_US.UTF-8'), ('XDG_CONFIG_DIRS', '/etc/xdg/xdg-ubuntu:/etc/xdg'), ('XDG_DATA_DIRS', '/usr/share/ubuntu:/usr/local/share/:/usr/share/:/var/lib/snapd/desktop'), ('PYTHONPATH', '/home/aayush/eYRC/Software/workspace/install/shape_interface/local/lib/python3.10/dist-packages:/opt/ros/humble/lib/python3.10/site-packages:/opt/ros/humble/local/lib/python3.10/dist-packages'), ('COLCON', '1'), ('VTE_VERSION', '6800'), ('CMAKE_PREFIX_PATH', '/home/aayush/eYRC/Software/workspace/install/shape_interface:/opt/ros/humble')]), 'shell': False}
[0.326985] (task_1b) StdoutLine: {'line': b'Built target ament_cmake_python_build_task_1b_egg\n'}
[0.337408] (task_1b) CommandEnded: {'returncode': 0}
[0.337950] (task_1b) JobProgress: {'identifier': 'task_1b', 'progress': 'install'}
[0.338110] (task_1b) Command: {'cmd': ['/usr/bin/cmake', '--install', '/home/aayush/eYRC/Software/workspace/build/task_1b'], 'cwd': '/home/aayush/eYRC/Software/workspace/build/task_1b', 'env': OrderedDict([('LESSOPEN', '| /usr/bin/lesspipe %s'), ('LANGUAGE', 'en_IN:en'), ('USER', 'aayush'), ('XDG_SESSION_TYPE', 'wayland'), ('SHLVL', '1'), ('LD_LIBRARY_PATH', '/opt/ros/humble/opt/rviz_ogre_vendor/lib:/opt/ros/humble/lib/x86_64-linux-gnu:/opt/ros/humble/lib:/opt/mujoco/lib'), ('HOME', '/home/aayush'), ('OLDPWD', '/home/aayush/eYRC/Software/workspace/src'), ('DESKTOP_SESSION', 'ubuntu'), ('ROS_PYTHON_VERSION', '3'), ('GNOME_SHELL_SESSION_MODE', 'ubuntu'), ('GTK_MODULES', 'gail:atk-bridge'), ('SYSTEMD_EXEC_PID', '1744'), ('DBUS_SESSION_BUS_ADDRESS', 'unix:path=/run/user/1000/bus'), ('COLORTERM', 'truecolor'), ('IM_CONFIG_PHASE', '1'), ('WAYLAND_DISPLAY', 'wayland-0'), ('ROS_DISTRO', 'humble'), ('LOGNAME', 'aayush'), ('_', '/usr/bin/colcon'), ('ROS_VERSION', '2'), ('XDG_SESSION_CLASS', 'user'), ('MUJOCO_HOME', '/opt/mujoco'), ('USERNAME', 'aayush'), ('TERM', 'xterm-256color'), ('GNOME_DESKTOP_SESSION_ID', 'this-is-deprecated'), ('ROS_LOCALHOST_ONLY', '0'), ('PATH', '/opt/ros/humble/bin:/usr/local/sbin:/usr/local/bin:/usr/sbin:/usr/bin:/sbin:/bin:/usr/games:/usr/local/games:/snap/bin:/snap/bin:/opt/mujoco/bin'), ('SESSION_MANAGER', 'local/aayush-Inspiron-15-3530:@/tmp/.ICE-unix/1526,unix/aayush-Inspiron-15-3530:/tmp/.ICE-unix/1526'), ('XDG_MENU_PREFIX', 'gnome-'), ('GNOME_TERMINAL_SCREEN', '/org/gnome/Terminal/screen/3aef74fe_2e12_4c3d_a376_35801467e145'), ('GNOME_SETUP_DISPLAY', ':1'), ('XDG_RUNTIME_DIR', '/run/user/1000'), ('DISPLAY', ':0'), ('LANG', 'en_US.UTF-8'), ('XDG_CURRENT_DESKTOP', 'ubuntu:GNOME'), ('XMODIFIERS', '@im=ibus'), ('XDG_SESSION_DESKTOP', 'ubuntu'), ('XAUTHORITY', '/run/user/1000/.mutter-Xwaylandauth.2VPZW3'), ('LS_COLORS', 'rs=0:di=01;34:ln=01;36:mh=00:pi=40;33:so=01;35:do=01;35:bd=40;33;01:cd=40;33;01:or=40;31;01:mi=00:su=37;41:sg=30;43:ca=30;41:tw=30;42:ow=34;42:st=37;44:ex=01;32:*.tar=01;31:*.tgz=01;31:*.arc=01;31:*.arj=01;31:*.taz=01;31:*.lha=01;31:*.lz4=01;31:*.lzh=01;31:*.lzma=01;31:*.tlz=01;31:*.txz=01;31:*.tzo=01;31:*.t7z=01;31:*.zip=01;31:*.z=01;31:*.dz=01;31:*.gz=01;31:*.lrz=01;31:*.lz=01;31:*.lzo=01;31:*.xz=01;31:*.zst=01;31:*.tzst=01;31:*.bz2=01;31:*.bz=01;31:*.tbz=01;31:*.tbz2=01;31:*.tz=01;31:*.deb=01;31:*.rpm=01;31:*.jar=01;31:*.war=01;31:*.ear=01;31:*.sar=01;31:*.rar=01;31:*.alz=01;31:*.ace=01;31:*.zoo=01;31:*.cpio=01;31:*.7z=01;31:*.rz=01;31:*.cab=01;31:*.wim=01;31:*.swm=01;31:*.dwm=01;31:*.esd=01;31:*.jpg=01;35:*.jpeg=01;35:*.mjpg=01;35:*.mjpeg=01;35:*.gif=01;35:*.bmp=01;35:*.pbm=01;35:*.pgm=01;35:*.ppm=01;35:*.tga=01;35:*.xbm=01;35:*.xpm=01;35:*.tif=01;35:*.tiff=01;35:*.png=01;35:*.svg=01;35:*.svgz=01;35:*.mng=01;35:*.pcx=01;35:*.mov=01;35:*.mpg=01;35:*.mpeg=01;35:*.m2v=01;35:*.mkv=01;35:*.webm=01;35:*.webp=01;35:*.ogm=01;35:*.mp4=01;35:*.m4v=01;35:*.mp4v=01;35:*.vob=01;35:*.qt=01;35:*.nuv=01;35:*.wmv=01;35:*.asf=01;35:*.rm=01;35:*.rmvb=01;35:*.flc=01;35:*.avi=01;35:*.fli=01;35:*.flv=01;35:*.gl=01;35:*.dl=01;35:*.xcf=01;35:*.xwd=01;35:*.yuv=01;35:*.cgm=01;35:*.emf=01;35:*.ogv=01;35:*.ogx=01;35:*.aac=00;36:*.au=00;36:*.flac=00;36:*.m4a=00;36:*.mid=00;36:*.midi=00;36:*.mka=00;36:*.mp3=00;36:*.mpc=00;36:*.ogg=00;36:*.ra=00;36:*.wav=00;36:*.oga=00;36:*.opus=00;36:*.spx=00;36:*.xspf=00;36:'), ('GNOME_TERMINAL_SERVICE', ':1.102'), ('SSH_AGENT_LAUNCHER', 'gnome-keyring'), ('SSH_AUTH_SOCK', '/run/user/1000/keyring/ssh'), ('AMENT_PREFIX_PATH', '/opt/ros/humble'), ('SHELL', '/bin/bash'), ('QT_ACCESSIBILITY', '1'), ('GDMSESSION', 'ubuntu'), ('LESSCLOSE', '/usr/bin/lesspipe %s %s'), ('QT_IM_MODULE', 'ibus'), ('PWD', '/home/aayush/eYRC/Software/workspace/build/task_1b'), ('LC_ALL', 'en_US.UTF-8'), ('XDG_CONFIG_DIRS', '/etc/xdg/xdg-ubuntu:/etc/xdg'), ('XDG_DATA_DIRS', '/usr/share/ubuntu:/usr/local/share/:/usr/share/:/var/lib/snapd/desktop'), ('PYTHONPATH', '/opt/ros/humble/lib/python3.10/site-packages:/opt/ros/humble/local/lib/python3.10/dist-packages'), ('COLCON', '1'), ('VTE_VERSION', '6800'), ('CMAKE_PREFIX_PATH', '/opt/ros/humble')]), 'shell': False}
[0.342665] (task_1b) StdoutLine: {'line': b'-- Install configuration: ""\n'}
[0.342898] (task_1b) StdoutLine: {'line': b'-- Up-to-date: /home/aayush/eYRC/Software/workspace/install/task_1b/share/task_1b/environment/pythonpath.sh\n'}
[0.343124] (task_1b) StdoutLine: {'line': b'-- Up-to-date: /home/aayush/eYRC/Software/workspace/install/task_1b/share/task_1b/environment/pythonpath.dsv\n'}
[0.343237] (task_1b) StdoutLine: {'line': b'-- Up-to-date: /home/aayush/eYRC/Software/workspace/install/task_1b/local/lib/python3.10/dist-packages/task_1b-0.0.1-py3.10.egg-info\n'}
[0.343311] (task_1b) StdoutLine: {'line': b'-- Installing: /home/aayush/eYRC/Software/workspace/install/task_1b/local/lib/python3.10/dist-packages/task_1b-0.0.1-py3.10.egg-info/SOURCES.txt\n'}
[0.343391] (task_1b) StdoutLine: {'line': b'-- Installing: /home/aayush/eYRC/Software/workspace/install/task_1b/local/lib/python3.10/dist-packages/task_1b-0.0.1-py3.10.egg-info/top_level.txt\n'}
[0.343494] (task_1b) StdoutLine: {'line': b'-- Installing: /home/aayush/eYRC/Software/workspace/install/task_1b/local/lib/python3.10/dist-packages/task_1b-0.0.1-py3.10.egg-info/PKG-INFO\n'}
[0.343566] (task_1b) StdoutLine: {'line': b'-- Installing: /home/aayush/eYRC/Software/workspace/install/task_1b/local/lib/python3.10/dist-packages/task_1b-0.0.1-py3.10.egg-info/dependency_links.txt\n'}
[0.343638] (task_1b) StdoutLine: {'line': b'-- Up-to-date: /home/aayush/eYRC/Software/workspace/install/task_1b/local/lib/python3.10/dist-packages/task_1b\n'}
[0.343704] (task_1b) StdoutLine: {'line': b'-- Up-to-date: /home/aayush/eYRC/Software/workspace/install/task_1b/local/lib/python3.10/dist-packages/task_1b/__init__.py\n'}
[0.343778] (task_1b) StdoutLine: {'line': b'-- Up-to-date: /home/aayush/eYRC/Software/workspace/install/task_1b/local/lib/python3.10/dist-packages/task_1b/inverse_kinematics.py\n'}
[0.354079] (task_1c) CommandEnded: {'returncode': 0}
[0.354788] (task_1c) JobProgress: {'identifier': 'task_1c', 'progress': 'install'}
[0.354962] (task_1c) Command: {'cmd': ['/usr/bin/cmake', '--install', '/home/aayush/eYRC/Software/workspace/build/task_1c'], 'cwd': '/home/aayush/eYRC/Software/workspace/build/task_1c', 'env': OrderedDict([('LESSOPEN', '| /usr/bin/lesspipe %s'), ('LANGUAGE', 'en_IN:en'), ('USER', 'aayush'), ('XDG_SESSION_TYPE', 'wayland'), ('SHLVL', '1'), ('LD_LIBRARY_PATH', '/home/aayush/eYRC/Software/workspace/install/shape_interface/lib:/opt/ros/humble/opt/rviz_ogre_vendor/lib:/opt/ros/humble/lib/x86_64-linux-gnu:/opt/ros/humble/lib:/opt/mujoco/lib'), ('HOME', '/home/aayush'), ('OLDPWD', '/home/aayush/eYRC/Software/workspace/src'), ('DESKTOP_SESSION', 'ubuntu'), ('ROS_PYTHON_VERSION', '3'), ('GNOME_SHELL_SESSION_MODE', 'ubuntu'), ('GTK_MODULES', 'gail:atk-bridge'), ('SYSTEMD_EXEC_PID', '1744'), ('DBUS_SESSION_BUS_ADDRESS', 'unix:path=/run/user/1000/bus'), ('COLORTERM', 'truecolor'), ('IM_CONFIG_PHASE', '1'), ('WAYLAND_DISPLAY', 'wayland-0'), ('ROS_DISTRO', 'humble'), ('LOGNAME', 'aayush'), ('_', '/usr/bin/colcon'), ('ROS_VERSION', '2'), ('XDG_SESSION_CLASS', 'user'), ('MUJOCO_HOME', '/opt/mujoco'), ('USERNAME', 'aayush'), ('TERM', 'xterm-256color'), ('GNOME_DESKTOP_SESSION_ID', 'this-is-deprecated'), ('ROS_LOCALHOST_ONLY', '0'), ('PATH', '/opt/ros/humble/bin:/usr/local/sbin:/usr/local/bin:/usr/sbin:/usr/bin:/sbin:/bin:/usr/games:/usr/local/games:/snap/bin:/snap/bin:/opt/mujoco/bin'), ('SESSION_MANAGER', 'local/aayush-Inspiron-15-3530:@/tmp/.ICE-unix/1526,unix/aayush-Inspiron-15-3530:/tmp/.ICE-unix/1526'), ('XDG_MENU_PREFIX', 'gnome-'), ('GNOME_TERMINAL_SCREEN', '/org/gnome/Terminal/screen/3aef74fe_2e12_4c3d_a376_35801467e145'), ('GNOME_SETUP_DISPLAY', ':1'), ('XDG_RUNTIME_DIR', '/run/user/1000'), ('DISPLAY', ':0'), ('LANG', 'en_US.UTF-8'), ('XDG_CURRENT_DESKTOP', 'ubuntu:GNOME'), ('XMODIFIERS', '@im=ibus'), ('XDG_SESSION_DESKTOP', 'ubuntu'), ('XAUTHORITY', '/run/user/1000/.mutter-Xwaylandauth.2VPZW3'), ('LS_COLORS', 'rs=0:di=01;34:ln=01;36:mh=00:pi=40;33:so=01;35:do=01;35:bd=40;33;01:cd=40;33;01:or=40;31;01:mi=00:su=37;41:sg=30;43:ca=30;41:tw=30;42:ow=34;42:st=37;44:ex=01;32:*.tar=01;31:*.tgz=01;31:*.arc=01;31:*.arj=01;31:*.taz=01;31:*.lha=01;31:*.lz4=01;31:*.lzh=01;31:*.lzma=01;31:*.tlz=01;31:*.txz=01;31:*.tzo=01;31:*.t7z=01;31:*.zip=01;31:*.z=01;31:*.dz=01;31:*.gz=01;31:*.lrz=01;31:*.lz=01;31:*.lzo=01;31:*.xz=01;31:*.zst=01;31:*.tzst=01;31:*.bz2=01;31:*.bz=01;31:*.tbz=01;31:*.tbz2=01;31:*.tz=01;31:*.deb=01;31:*.rpm=01;31:*.jar=01;31:*.war=01;31:*.ear=01;31:*.sar=01;31:*.rar=01;31:*.alz=01;31:*.ace=01;31:*.zoo=01;31:*.cpio=01;31:*.7z=01;31:*.rz=01;31:*.cab=01;31:*.wim=01;31:*.swm=01;31:*.dwm=01;31:*.esd=01;31:*.jpg=01;35:*.jpeg=01;35:*.mjpg=01;35:*.mjpeg=01;35:*.gif=01;35:*.bmp=01;35:*.pbm=01;35:*.pgm=01;35:*.ppm=01;35:*.tga=01;35:*.xbm=01;35:*.xpm=01;35:*.tif=01;35:*.tiff=01;35:*.png=01;35:*.svg=01;35:*.svgz=01;35:*.mng=01;35:*.pcx=01;35:*.mov=01;35:*.mpg=01;35:*.mpeg=01;35:*.m2v=01;35:*.mkv=01;35:*.webm=01;35:*.webp=01;35:*.ogm=01;35:*.mp4=01;35:*.m4v=01;35:*.mp4v=01;35:*.vob=01;35:*.qt=01;35:*.nuv=01;35:*.wmv=01;35:*.asf=01;35:*.rm=01;35:*.rmvb=01;35:*.flc=01;35:*.avi=01;35:*.fli=01;35:*.flv=01;35:*.gl=01;35:*.dl=01;35:*.xcf=01;35:*.xwd=01;35:*.yuv=01;35:*.cgm=01;35:*.emf=01;35:*.ogv=01;35:*.ogx=01;35:*.aac=00;36:*.au=00;36:*.flac=00;36:*.m4a=00;36:*.mid=00;36:*.midi=00;36:*.mka=00;36:*.mp3=00;36:*.mpc=00;36:*.ogg=00;36:*.ra=00;36:*.wav=00;36:*.oga=00;36:*.opus=00;36:*.spx=00;36:*.xspf=00;36:'), ('GNOME_TERMINAL_SERVICE', ':1.102'), ('SSH_AGENT_LAUNCHER', 'gnome-keyring'), ('SSH_AUTH_SOCK', '/run/user/1000/keyring/ssh'), ('AMENT_PREFIX_PATH', '/home/aayush/eYRC/Software/workspace/install/shape_interface:/opt/ros/humble'), ('SHELL', '/bin/bash'), ('QT_ACCESSIBILITY', '1'), ('GDMSESSION', 'ubuntu'), ('LESSCLOSE', '/usr/bin/lesspipe %s %s'), ('QT_IM_MODULE', 'ibus'), ('PWD', '/home/aayush/eYRC/Software/workspace/build/task_1c'), ('LC_ALL', 'en_US.UTF-8'), ('XDG_CONFIG_DIRS', '/etc/xdg/xdg-ubuntu:/etc/xdg'), ('XDG_DATA_DIRS', '/usr/share/ubuntu:/usr/local/share/:/usr/share/:/var/lib/snapd/desktop'), ('PYTHONPATH', '/home/aayush/eYRC/Software/workspace/install/shape_interface/local/lib/python3.10/dist-packages:/opt/ros/humble/lib/python3.10/site-packages:/opt/ros/humble/local/lib/python3.10/dist-packages'), ('COLCON', '1'), ('VTE_VERSION', '6800'), ('CMAKE_PREFIX_PATH', '/home/aayush/eYRC/Software/workspace/install/shape_interface:/opt/ros/humble')]), 'shell': False}
[0.363299] (task_1c) StdoutLine: {'line': b'-- Install configuration: ""\n'}
[0.363539] (task_1c) StdoutLine: {'line': b'-- Up-to-date: /home/aayush/eYRC/Software/workspace/install/task_1c/lib/task_1c/sim_control\n'}
[0.363658] (task_1c) StdoutLine: {'line': b'-- Up-to-date: /home/aayush/eYRC/Software/workspace/install/task_1c/lib/task_1c/shape_service\n'}
[0.363702] (task_1c) StdoutLine: {'line': b'-- Up-to-date: /home/aayush/eYRC/Software/workspace/install/task_1c/share/ament_index/resource_index/package_run_dependencies/task_1c\n'}
[0.363731] (task_1c) StdoutLine: {'line': b'-- Up-to-date: /home/aayush/eYRC/Software/workspace/install/task_1c/share/ament_index/resource_index/parent_prefix_path/task_1c\n'}
[0.363757] (task_1c) StdoutLine: {'line': b'-- Up-to-date: /home/aayush/eYRC/Software/workspace/install/task_1c/share/task_1c/environment/ament_prefix_path.sh\n'}
[0.364566] (task_1c) StdoutLine: {'line': b'-- Up-to-date: /home/aayush/eYRC/Software/workspace/install/task_1c/share/task_1c/environment/ament_prefix_path.dsv\n'}
[0.364760] (task_1c) StdoutLine: {'line': b'-- Up-to-date: /home/aayush/eYRC/Software/workspace/install/task_1c/share/task_1c/environment/path.sh\n'}
[0.364863] (task_1c) StdoutLine: {'line': b'-- Up-to-date: /home/aayush/eYRC/Software/workspace/install/task_1c/share/task_1c/environment/path.dsv\n'}
[0.364937] (task_1c) StdoutLine: {'line': b'-- Up-to-date: /home/aayush/eYRC/Software/workspace/install/task_1c/share/task_1c/local_setup.bash\n'}
[0.365006] (task_1c) StdoutLine: {'line': b'-- Up-to-date: /home/aayush/eYRC/Software/workspace/install/task_1c/share/task_1c/local_setup.sh\n'}
[0.365095] (task_1c) StdoutLine: {'line': b'-- Up-to-date: /home/aayush/eYRC/Software/workspace/install/task_1c/share/task_1c/local_setup.zsh\n'}
[0.365131] (task_1c) StdoutLine: {'line': b'-- Up-to-date: /home/aayush/eYRC/Software/workspace/install/task_1c/share/task_1c/local_setup.dsv\n'}
[0.365157] (task_1c) StdoutLine: {'line': b'-- Installing: /home/aayush/eYRC/Software/workspace/install/task_1c/share/task_1c/package.dsv\n'}
[0.367334] (task_1a) StdoutLine: {'line': b'Built target ament_cmake_python_copy_task_1a\n'}
[0.370160] (task_1c) StdoutLine: {'line': b'-- Up-to-date: /home/aayush/eYRC/Software/workspace/install/task_1c/share/ament_index/resource_index/packages/task_1c\n'}
[0.370284] (task_1c) StdoutLine: {'line': b'-- Up-to-date: /home/aayush/eYRC/Software/workspace/install/task_1c/share/task_1c/cmake/task_1cConfig.cmake\n'}
[0.370335] (task_1c) StdoutLine: {'line': b'-- Up-to-date: /home/aayush/eYRC/Software/workspace/install/task_1c/share/task_1c/cmake/task_1cConfig-version.cmake\n'}
[0.370362] (task_1c) StdoutLine: {'line': b'-- Up-to-date: /home/aayush/eYRC/Software/workspace/install/task_1c/share/task_1c/package.xml\n'}
[0.371923] (task_1c) CommandEnded: {'returncode': 0}
[0.372735] (task_1b) StdoutLine: {'line': b"Listing '/home/aayush/eYRC/Software/workspace/install/task_1b/local/lib/python3.10/dist-packages/task_1b'...\n"}
[0.377568] (task_1b) StdoutLine: {'line': b'-- Up-to-date: /home/aayush/eYRC/Software/workspace/install/task_1b/lib/task_1b/inverse_kinematics\n'}
[0.377777] (task_1b) StdoutLine: {'line': b'-- Up-to-date: /home/aayush/eYRC/Software/workspace/install/task_1b/lib/task_1b/cmd_vel_publisher\n'}
[0.377976] (task_1b) StdoutLine: {'line': b'-- Up-to-date: /home/aayush/eYRC/Software/workspace/install/task_1b/share/ament_index/resource_index/package_run_dependencies/task_1b\n'}
[0.378161] (task_1b) StdoutLine: {'line': b'-- Up-to-date: /home/aayush/eYRC/Software/workspace/install/task_1b/share/ament_index/resource_index/parent_prefix_path/task_1b\n'}
[0.378428] (task_1b) StdoutLine: {'line': b'-- Up-to-date: /home/aayush/eYRC/Software/workspace/install/task_1b/share/task_1b/environment/ament_prefix_path.sh\n'}
[0.378529] (task_1b) StdoutLine: {'line': b'-- Up-to-date: /home/aayush/eYRC/Software/workspace/install/task_1b/share/task_1b/environment/ament_prefix_path.dsv\n'}
[0.378692] (task_1b) StdoutLine: {'line': b'-- Up-to-date: /home/aayush/eYRC/Software/workspace/install/task_1b/share/task_1b/environment/path.sh\n'}
[0.378875] (task_1b) StdoutLine: {'line': b'-- Up-to-date: /home/aayush/eYRC/Software/workspace/install/task_1b/share/task_1b/environment/path.dsv\n'}
[0.378958] (task_1b) StdoutLine: {'line': b'-- Up-to-date: /home/aayush/eYRC/Software/workspace/install/task_1b/share/task_1b/local_setup.bash\n'}
[0.379204] (task_1b) StdoutLine: {'line': b'-- Up-to-date: /home/aayush/eYRC/Software/workspace/install/task_1b/share/task_1b/local_setup.sh\n'}
[0.380583] (task_1b) StdoutLine: {'line': b'-- Up-to-date: /home/aayush/eYRC/Software/workspace/install/task_1b/share/task_1b/local_setup.zsh\n'}
[0.380698] (task_1b) StdoutLine: {'line': b'-- Up-to-date: /home/aayush/eYRC/Software/workspace/install/task_1b/share/task_1b/local_setup.dsv\n'}
[0.381269] (task_1b) StdoutLine: {'line': b'-- Installing: /home/aayush/eYRC/Software/workspace/install/task_1b/share/task_1b/package.dsv\n'}
[0.381370] (task_1b) StdoutLine: {'line': b'-- Up-to-date: /home/aayush/eYRC/Software/workspace/install/task_1b/share/ament_index/resource_index/packages/task_1b\n'}
[0.381448] (task_1b) StdoutLine: {'line': b'-- Up-to-date: /home/aayush/eYRC/Software/workspace/install/task_1b/share/task_1b/cmake/task_1bConfig.cmake\n'}
[0.381516] (task_1b) StdoutLine: {'line': b'-- Up-to-date: /home/aayush/eYRC/Software/workspace/install/task_1b/share/task_1b/cmake/task_1bConfig-version.cmake\n'}
[0.381705] (task_1b) StdoutLine: {'line': b'-- Up-to-date: /home/aayush/eYRC/Software/workspace/install/task_1b/share/task_1b/package.xml\n'}
[0.383568] (task_1c) JobEnded: {'identifier': 'task_1c', 'rc': 0}
[0.384837] (task_1b) CommandEnded: {'returncode': 0}
[0.396222] (task_1b) JobEnded: {'identifier': 'task_1b', 'rc': 0}
[0.400142] (-) TimerEvent: {}
[0.500391] (-) TimerEvent: {}
[0.522406] (task_1a) StdoutLine: {'line': b'running egg_info\n'}
[0.522740] (task_1a) StdoutLine: {'line': b'writing task_1a.egg-info/PKG-INFO\n'}
[0.522856] (task_1a) StdoutLine: {'line': b'writing dependency_links to task_1a.egg-info/dependency_links.txt\n'}
[0.522943] (task_1a) StdoutLine: {'line': b'writing top-level names to task_1a.egg-info/top_level.txt\n'}
[0.524151] (task_1a) StdoutLine: {'line': b"reading manifest file 'task_1a.egg-info/SOURCES.txt'\n"}
[0.524358] (task_1a) StdoutLine: {'line': b"writing manifest file 'task_1a.egg-info/SOURCES.txt'\n"}
[0.549087] (task_1a) StdoutLine: {'line': b'Built target ament_cmake_python_build_task_1a_egg\n'}
[0.556781] (task_1a) CommandEnded: {'returncode': 0}
[0.557552] (task_1a) JobProgress: {'identifier': 'task_1a', 'progress': 'install'}
[0.557762] (task_1a) Command: {'cmd': ['/usr/bin/cmake', '--install', '/home/aayush/eYRC/Software/workspace/build/task_1a'], 'cwd': '/home/aayush/eYRC/Software/workspace/build/task_1a', 'env': OrderedDict([('LESSOPEN', '| /usr/bin/lesspipe %s'), ('LANGUAGE', 'en_IN:en'), ('USER', 'aayush'), ('XDG_SESSION_TYPE', 'wayland'), ('SHLVL', '1'), ('LD_LIBRARY_PATH', '/home/aayush/eYRC/Software/workspace/install/shape_interface/lib:/opt/ros/humble/opt/rviz_ogre_vendor/lib:/opt/ros/humble/lib/x86_64-linux-gnu:/opt/ros/humble/lib:/opt/mujoco/lib'), ('HOME', '/home/aayush'), ('OLDPWD', '/home/aayush/eYRC/Software/workspace/src'), ('DESKTOP_SESSION', 'ubuntu'), ('ROS_PYTHON_VERSION', '3'), ('GNOME_SHELL_SESSION_MODE', 'ubuntu'), ('GTK_MODULES', 'gail:atk-bridge'), ('SYSTEMD_EXEC_PID', '1744'), ('DBUS_SESSION_BUS_ADDRESS', 'unix:path=/run/user/1000/bus'), ('COLORTERM', 'truecolor'), ('IM_CONFIG_PHASE', '1'), ('WAYLAND_DISPLAY', 'wayland-0'), ('ROS_DISTRO', 'humble'), ('LOGNAME', 'aayush'), ('_', '/usr/bin/colcon'), ('ROS_VERSION', '2'), ('XDG_SESSION_CLASS', 'user'), ('MUJOCO_HOME', '/opt/mujoco'), ('USERNAME', 'aayush'), ('TERM', 'xterm-256color'), ('GNOME_DESKTOP_SESSION_ID', 'this-is-deprecated'), ('ROS_LOCALHOST_ONLY', '0'), ('PATH', '/opt/ros/humble/bin:/usr/local/sbin:/usr/local/bin:/usr/sbin:/usr/bin:/sbin:/bin:/usr/games:/usr/local/games:/snap/bin:/snap/bin:/opt/mujoco/bin'), ('SESSION_MANAGER', 'local/aayush-Inspiron-15-3530:@/tmp/.ICE-unix/1526,unix/aayush-Inspiron-15-3530:/tmp/.ICE-unix/1526'), ('XDG_MENU_PREFIX', 'gnome-'), ('GNOME_TERMINAL_SCREEN', '/org/gnome/Terminal/screen/3aef74fe_2e12_4c3d_a376_35801467e145'), ('GNOME_SETUP_DISPLAY', ':1'), ('XDG_RUNTIME_DIR', '/run/user/1000'), ('DISPLAY', ':0'), ('LANG', 'en_US.UTF-8'), ('XDG_CURRENT_DESKTOP', 'ubuntu:GNOME'), ('XMODIFIERS', '@im=ibus'), ('XDG_SESSION_DESKTOP', 'ubuntu'), ('XAUTHORITY', '/run/user/1000/.mutter-Xwaylandauth.2VPZW3'), ('LS_COLORS', 'rs=0:di=01;34:ln=01;36:mh=00:pi=40;33:so=01;35:do=01;35:bd=40;33;01:cd=40;33;01:or=40;31;01:mi=00:su=37;41:sg=30;43:ca=30;41:tw=30;42:ow=34;42:st=37;44:ex=01;32:*.tar=01;31:*.tgz=01;31:*.arc=01;31:*.arj=01;31:*.taz=01;31:*.lha=01;31:*.lz4=01;31:*.lzh=01;31:*.lzma=01;31:*.tlz=01;31:*.txz=01;31:*.tzo=01;31:*.t7z=01;31:*.zip=01;31:*.z=01;31:*.dz=01;31:*.gz=01;31:*.lrz=01;31:*.lz=01;31:*.lzo=01;31:*.xz=01;31:*.zst=01;31:*.tzst=01;31:*.bz2=01;31:*.bz=01;31:*.tbz=01;31:*.tbz2=01;31:*.tz=01;31:*.deb=01;31:*.rpm=01;31:*.jar=01;31:*.war=01;31:*.ear=01;31:*.sar=01;31:*.rar=01;31:*.alz=01;31:*.ace=01;31:*.zoo=01;31:*.cpio=01;31:*.7z=01;31:*.rz=01;31:*.cab=01;31:*.wim=01;31:*.swm=01;31:*.dwm=01;31:*.esd=01;31:*.jpg=01;35:*.jpeg=01;35:*.mjpg=01;35:*.mjpeg=01;35:*.gif=01;35:*.bmp=01;35:*.pbm=01;35:*.pgm=01;35:*.ppm=01;35:*.tga=01;35:*.xbm=01;35:*.xpm=01;35:*.tif=01;35:*.tiff=01;35:*.png=01;35:*.svg=01;35:*.svgz=01;35:*.mng=01;35:*.pcx=01;35:*.mov=01;35:*.mpg=01;35:*.mpeg=01;35:*.m2v=01;35:*.mkv=01;35:*.webm=01;35:*.webp=01;35:*.ogm=01;35:*.mp4=01;35:*.m4v=01;35:*.mp4v=01;35:*.vob=01;35:*.qt=01;35:*.nuv=01;35:*.wmv=01;35:*.asf=01;35:*.rm=01;35:*.rmvb=01;35:*.flc=01;35:*.avi=01;35:*.fli=01;35:*.flv=01;35:*.gl=01;35:*.dl=01;35:*.xcf=01;35:*.xwd=01;35:*.yuv=01;35:*.cgm=01;35:*.emf=01;35:*.ogv=01;35:*.ogx=01;35:*.aac=00;36:*.au=00;36:*.flac=00;36:*.m4a=00;36:*.mid=00;36:*.midi=00;36:*.mka=00;36:*.mp3=00;36:*.mpc=00;36:*.ogg=00;36:*.ra=00;36:*.wav=00;36:*.oga=00;36:*.opus=00;36:*.spx=00;36:*.xspf=00;36:'), ('GNOME_TERMINAL_SERVICE', ':1.102'), ('SSH_AGENT_LAUNCHER', 'gnome-keyring'), ('SSH_AUTH_SOCK', '/run/user/1000/keyring/ssh'), ('AMENT_PREFIX_PATH', '/home/aayush/eYRC/Software/workspace/install/shape_interface:/opt/ros/humble'), ('SHELL', '/bin/bash'), ('QT_ACCESSIBILITY', '1'), ('GDMSESSION', 'ubuntu'), ('LESSCLOSE', '/usr/bin/lesspipe %s %s'), ('QT_IM_MODULE', 'ibus'), ('PWD', '/home/aayush/eYRC/Software/workspace/build/task_1a'), ('LC_ALL', 'en_US.UTF-8'), ('XDG_CONFIG_DIRS', '/etc/xdg/xdg-ubuntu:/etc/xdg'), ('XDG_DATA_DIRS', '/usr/share/ubuntu:/usr/local/share/:/usr/share/:/var/lib/snapd/desktop'), ('PYTHONPATH', '/home/aayush/eYRC/Software/workspace/install/shape_interface/local/lib/python3.10/dist-packages:/opt/ros/humble/lib/python3.10/site-packages:/opt/ros/humble/local/lib/python3.10/dist-packages'), ('COLCON', '1'), ('VTE_VERSION', '6800'), ('CMAKE_PREFIX_PATH', '/home/aayush/eYRC/Software/workspace/install/shape_interface:/opt/ros/humble')]), 'shell': False}
[0.567238] (task_1a) StdoutLine: {'line': b'-- Install configuration: ""\n'}
[0.567574] (task_1a) StdoutLine: {'line': b'-- Up-to-date: /home/aayush/eYRC/Software/workspace/install/task_1a/lib/task_1a/pixel_to_world_service\n'}
[0.567656] (task_1a) StdoutLine: {'line': b'-- Up-to-date: /home/aayush/eYRC/Software/workspace/install/task_1a/share/task_1a/environment/pythonpath.sh\n'}
[0.567700] (task_1a) StdoutLine: {'line': b'-- Up-to-date: /home/aayush/eYRC/Software/workspace/install/task_1a/share/task_1a/environment/pythonpath.dsv\n'}
[0.567743] (task_1a) StdoutLine: {'line': b'-- Up-to-date: /home/aayush/eYRC/Software/workspace/install/task_1a/local/lib/python3.10/dist-packages/task_1a-0.0.1-py3.10.egg-info\n'}
[0.567781] (task_1a) StdoutLine: {'line': b'-- Installing: /home/aayush/eYRC/Software/workspace/install/task_1a/local/lib/python3.10/dist-packages/task_1a-0.0.1-py3.10.egg-info/SOURCES.txt\n'}
[0.567897] (task_1a) StdoutLine: {'line': b'-- Installing: /home/aayush/eYRC/Software/workspace/install/task_1a/local/lib/python3.10/dist-packages/task_1a-0.0.1-py3.10.egg-info/top_level.txt\n'}
[0.568092] (task_1a) StdoutLine: {'line': b'-- Installing: /home/aayush/eYRC/Software/workspace/install/task_1a/local/lib/python3.10/dist-packages/task_1a-0.0.1-py3.10.egg-info/PKG-INFO\n'}
[0.568183] (task_1a) StdoutLine: {'line': b'-- Installing: /home/aayush/eYRC/Software/workspace/install/task_1a/local/lib/python3.10/dist-packages/task_1a-0.0.1-py3.10.egg-info/dependency_links.txt\n'}
[0.568257] (task_1a) StdoutLine: {'line': b'-- Up-to-date: /home/aayush/eYRC/Software/workspace/install/task_1a/local/lib/python3.10/dist-packages/task_1a\n'}
[0.568330] (task_1a) StdoutLine: {'line': b'-- Up-to-date: /home/aayush/eYRC/Software/workspace/install/task_1a/local/lib/python3.10/dist-packages/task_1a/__init__.py\n'}
[0.568404] (task_1a) StdoutLine: {'line': b'-- Up-to-date: /home/aayush/eYRC/Software/workspace/install/task_1a/local/lib/python3.10/dist-packages/task_1a/camera_detection_task1a_ready.py\n'}
[0.568475] (task_1a) StdoutLine: {'line': b'-- Up-to-date: /home/aayush/eYRC/Software/workspace/install/task_1a/local/lib/python3.10/dist-packages/task_1a/camera_detection.py\n'}
[0.598092] (task_1a) StdoutLine: {'line': b"Listing '/home/aayush/eYRC/Software/workspace/install/task_1a/local/lib/python3.10/dist-packages/task_1a'...\n"}
[0.600506] (-) TimerEvent: {}
[0.603177] (task_1a) StdoutLine: {'line': b'-- Up-to-date: /home/aayush/eYRC/Software/workspace/install/task_1a/lib/task_1a/camera_detection\n'}
[0.603383] (task_1a) StdoutLine: {'line': b'-- Up-to-date: /home/aayush/eYRC/Software/workspace/install/task_1a/share/ament_index/resource_index/package_run_dependencies/task_1a\n'}
[0.603455] (task_1a) StdoutLine: {'line': b'-- Up-to-date: /home/aayush/eYRC/Software/workspace/install/task_1a/share/ament_index/resource_index/parent_prefix_path/task_1a\n'}
[0.603487] (task_1a) StdoutLine: {'line': b'-- Up-to-date: /home/aayush/eYRC/Software/workspace/install/task_1a/share/task_1a/environment/ament_prefix_path.sh\n'}
[0.603515] (task_1a) StdoutLine: {'line': b'-- Up-to-date: /home/aayush/eYRC/Software/workspace/install/task_1a/share/task_1a/environment/ament_prefix_path.dsv\n'}
[0.603541] (task_1a) StdoutLine: {'line': b'-- Up-to-date: /home/aayush/eYRC/Software/workspace/install/task_1a/share/task_1a/environment/path.sh\n'}
[0.603565] (task_1a) StdoutLine: {'line': b'-- Up-to-date: /home/aayush/eYRC/Software/workspace/install/task_1a/share/task_1a/environment/path.dsv\n'}
[0.604113] (task_1a) StdoutLine: {'line': b'-- Up-to-date: /home/aayush/eYRC/Software/workspace/install/task_1a/share/task_1a/local_setup.bash\n'}
[0.604304] (task_1a) StdoutLine: {'line': b'-- Up-to-date: /home/aayush/eYRC/Software/workspace/install/task_1a/share/task_1a/local_setup.sh\n'}
[0.604385] (task_1a) StdoutLine: {'line': b'-- Up-to-date: /home/aayush/eYRC/Software/workspace/install/task_1a/share/task_1a/local_setup.zsh\n'}
[0.604461] (task_1a) StdoutLine: {'line': b'-- Up-to-date: /home/aayush/eYRC/Software/workspace/install/task_1a/share/task_1a/local_setup.dsv\n'}
[0.604533] (task_1a) StdoutLine: {'line': b'-- Installing: /home/aayush/eYRC/Software/workspace/install/task_1a/share/task_1a/package.dsv\n'}
[0.608680] (task_1a) StdoutLine: {'line': b'-- Up-to-date: /home/aayush/eYRC/Software/workspace/install/task_1a/share/ament_index/resource_index/packages/task_1a\n'}
[0.608867] (task_1a) StdoutLine: {'line': b'-- Up-to-date: /home/aayush/eYRC/Software/workspace/install/task_1a/share/task_1a/cmake/task_1aConfig.cmake\n'}
[0.608905] (task_1a) StdoutLine: {'line': b'-- Up-to-date: /home/aayush/eYRC/Software/workspace/install/task_1a/share/task_1a/cmake/task_1aConfig-version.cmake\n'}
[0.608934] (task_1a) StdoutLine: {'line': b'-- Up-to-date: /home/aayush/eYRC/Software/workspace/install/task_1a/share/task_1a/package.xml\n'}
[0.610049] (task_1a) CommandEnded: {'returncode': 0}
[0.620127] (task_1a) JobEnded: {'identifier': 'task_1a', 'rc': 0}
[0.624509] (hb_description) JobStarted: {'identifier': 'hb_description'}
[0.630763] (hb_description) JobProgress: {'identifier': 'hb_description', 'progress': 'cmake'}
[0.631372] (hb_description) JobProgress: {'identifier': 'hb_description', 'progress': 'build'}
[0.631538] (hb_description) Command: {'cmd': ['/usr/bin/cmake', '--build', '/home/aayush/eYRC/Software/workspace/build/hb_description', '--', '-j6', '-l6'], 'cwd': '/home/aayush/eYRC/Software/workspace/build/hb_description', 'env': OrderedDict([('LESSOPEN', '| /usr/bin/lesspipe %s'), ('LANGUAGE', 'en_IN:en'), ('USER', 'aayush'), ('XDG_SESSION_TYPE', 'wayland'), ('SHLVL', '1'), ('LD_LIBRARY_PATH', '/home/aayush/eYRC/Software/workspace/install/shape_interface/lib:/opt/ros/humble/opt/rviz_ogre_vendor/lib:/opt/ros/humble/lib/x86_64-linux-gnu:/opt/ros/humble/lib:/opt/mujoco/lib'), ('HOME', '/home/aayush'), ('OLDPWD', '/home/aayush/eYRC/Software/workspace/src'), ('DESKTOP_SESSION', 'ubuntu'), ('ROS_PYTHON_VERSION', '3'), ('GNOME_SHELL_SESSION_MODE', 'ubuntu'), ('GTK_MODULES', 'gail:atk-bridge'), ('SYSTEMD_EXEC_PID', '1744'), ('DBUS_SESSION_BUS_ADDRESS', 'unix:path=/run/user/1000/bus'), ('COLORTERM', 'truecolor'), ('IM_CONFIG_PHASE', '1'), ('WAYLAND_DISPLAY', 'wayland-0'), ('ROS_DISTRO', 'humble'), ('LOGNAME', 'aayush'), ('_', '/usr/bin/colcon'), ('ROS_VERSION', '2'), ('XDG_SESSION_CLASS', 'user'), ('MUJOCO_HOME', '/opt/mujoco'), ('USERNAME', 'aayush'), ('TERM', 'xterm-256color'), ('GNOME_DESKTOP_SESSION_ID', 'this-is-deprecated'), ('ROS_LOCALHOST_ONLY', '0'), ('PATH', '/opt/ros/humble/bin:/usr/local/sbin:/usr/local/bin:/usr/sbin:/usr/bin:/sbin:/bin:/usr/games:/usr/local/games:/snap/bin:/snap/bin:/opt/mujoco/bin'), ('SESSION_MANAGER', 'local/aayush-Inspiron-15-3530:@/tmp/.ICE-unix/1526,unix/aayush-Inspiron-15-3530:/tmp/.ICE-unix/1526'), ('XDG_MENU_PREFIX', 'gnome-'), ('GNOME_TERMINAL_SCREEN', '/org/gnome/Terminal/screen/3aef74fe_2e12_4c3d_a376_35801467e145'), ('GNOME_SETUP_DISPLAY', ':1'), ('XDG_RUNTIME_DIR', '/run/user/1000'), ('DISPLAY', ':0'), ('LANG', 'en_US.UTF-8'), ('XDG_CURRENT_DESKTOP', 'ubuntu:GNOME'), ('XMODIFIERS', '@im=ibus'), ('XDG_SESSION_DESKTOP', 'ubuntu'), ('XAUTHORITY', '/run/user/1000/.mutter-Xwaylandauth.2VPZW3'), ('LS_COLORS', 'rs=0:di=01;34:ln=01;36:mh=00:pi=40;33:so=01;35:do=01;35:bd=40;33;01:cd=40;33;01:or=40;31;01:mi=00:su=37;41:sg=30;43:ca=30;41:tw=30;42:ow=34;42:st=37;44:ex=01;32:*.tar=01;31:*.tgz=01;31:*.arc=01;31:*.arj=01;31:*.taz=01;31:*.lha=01;31:*.lz4=01;31:*.lzh=01;31:*.lzma=01;31:*.tlz=01;31:*.txz=01;31:*.tzo=01;31:*.t7z=01;31:*.zip=01;31:*.z=01;31:*.dz=01;31:*.gz=01;31:*.lrz=01;31:*.lz=01;31:*.lzo=01;31:*.xz=01;31:*.zst=01;31:*.tzst=01;31:*.bz2=01;31:*.bz=01;31:*.tbz=01;31:*.tbz2=01;31:*.tz=01;31:*.deb=01;31:*.rpm=01;31:*.jar=01;31:*.war=01;31:*.ear=01;31:*.sar=01;31:*.rar=01;31:*.alz=01;31:*.ace=01;31:*.zoo=01;31:*.cpio=01;31:*.7z=01;31:*.rz=01;31:*.cab=01;31:*.wim=01;31:*.swm=01;31:*.dwm=01;31:*.esd=01;31:*.jpg=01;35:*.jpeg=01;35:*.mjpg=01;35:*.mjpeg=01;35:*.gif=01;35:*.bmp=01;35:*.pbm=01;35:*.pgm=01;35:*.ppm=01;35:*.tga=01;35:*.xbm=01;35:*.xpm=01;35:*.tif=01;35:*.tiff=01;35:*.png=01;35:*.svg=01;35:*.svgz=01;35:*.mng=01;35:*.pcx=01;35:*.mov=01;35:*.mpg=01;35:*.mpeg=01;35:*.m2v=01;35:*.mkv=01;35:*.webm=01;35:*.webp=01;35:*.ogm=01;35:*.mp4=01;35:*.m4v=01;35:*.mp4v=01;35:*.vob=01;35:*.qt=01;35:*.nuv=01;35:*.wmv=01;35:*.asf=01;35:*.rm=01;35:*.rmvb=01;35:*.flc=01;35:*.avi=01;35:*.fli=01;35:*.flv=01;35:*.gl=01;35:*.dl=01;35:*.xcf=01;35:*.xwd=01;35:*.yuv=01;35:*.cgm=01;35:*.emf=01;35:*.ogv=01;35:*.ogx=01;35:*.aac=00;36:*.au=00;36:*.flac=00;36:*.m4a=00;36:*.mid=00;36:*.midi=00;36:*.mka=00;36:*.mp3=00;36:*.mpc=00;36:*.ogg=00;36:*.ra=00;36:*.wav=00;36:*.oga=00;36:*.opus=00;36:*.spx=00;36:*.xspf=00;36:'), ('GNOME_TERMINAL_SERVICE', ':1.102'), ('SSH_AGENT_LAUNCHER', 'gnome-keyring'), ('SSH_AUTH_SOCK', '/run/user/1000/keyring/ssh'), ('AMENT_PREFIX_PATH', '/home/aayush/eYRC/Software/workspace/install/task_1a:/home/aayush/eYRC/Software/workspace/install/shape_interface:/opt/ros/humble'), ('SHELL', '/bin/bash'), ('QT_ACCESSIBILITY', '1'), ('GDMSESSION', 'ubuntu'), ('LESSCLOSE', '/usr/bin/lesspipe %s %s'), ('QT_IM_MODULE', 'ibus'), ('PWD', '/home/aayush/eYRC/Software/workspace/build/hb_description'), ('LC_ALL', 'en_US.UTF-8'), ('XDG_CONFIG_DIRS', '/etc/xdg/xdg-ubuntu:/etc/xdg'), ('XDG_DATA_DIRS', '/usr/share/ubuntu:/usr/local/share/:/usr/share/:/var/lib/snapd/desktop'), ('PYTHONPATH', '/home/aayush/eYRC/Software/workspace/install/task_1a/local/lib/python3.10/dist-packages:/home/aayush/eYRC/Software/workspace/install/shape_interface/local/lib/python3.10/dist-packages:/opt/ros/humble/lib/python3.10/site-packages:/opt/ros/humble/local/lib/python3.10/dist-packages'), ('COLCON', '1'), ('VTE_VERSION', '6800'), ('CMAKE_PREFIX_PATH', '/home/aayush/eYRC/Software/workspace/install/task_1a:/home/aayush/eYRC/Software/workspace/install/shape_interface:/opt/ros/humble')]), 'shell': False}
[0.661631] (hb_description) CommandEnded: {'returncode': 0}
[0.662158] (hb_description) JobProgress: {'identifier': 'hb_description', 'progress': 'install'}
[0.662301] (hb_description) Command: {'cmd': ['/usr/bin/cmake', '--install', '/home/aayush/eYRC/Software/workspace/build/hb_description'], 'cwd': '/home/aayush/eYRC/Software/workspace/build/hb_description', 'env': OrderedDict([('LESSOPEN', '| /usr/bin/lesspipe %s'), ('LANGUAGE', 'en_IN:en'), ('USER', 'aayush'), ('XDG_SESSION_TYPE', 'wayland'), ('SHLVL', '1'), ('LD_LIBRARY_PATH', '/home/aayush/eYRC/Software/workspace/install/shape_interface/lib:/opt/ros/humble/opt/rviz_ogre_vendor/lib:/opt/ros/humble/lib/x86_64-linux-gnu:/opt/ros/humble/lib:/opt/mujoco/lib'), ('HOME', '/home/aayush'), ('OLDPWD', '/home/aayush/eYRC/Software/workspace/src'), ('DESKTOP_SESSION', 'ubuntu'), ('ROS_PYTHON_VERSION', '3'), ('GNOME_SHELL_SESSION_MODE', 'ubuntu'), ('GTK_MODULES', 'gail:atk-bridge'), ('SYSTEMD_EXEC_PID', '1744'), ('DBUS_SESSION_BUS_ADDRESS', 'unix:path=/run/user/1000/bus'), ('COLORTERM', 'truecolor'), ('IM_CONFIG_PHASE', '1'), ('WAYLAND_DISPLAY', 'wayland-0'), ('ROS_DISTRO', 'humble'), ('LOGNAME', 'aayush'), ('_', '/usr/bin/colcon'), ('ROS_VERSION', '2'), ('XDG_SESSION_CLASS', 'user'), ('MUJOCO_HOME', '/opt/mujoco'), ('USERNAME', 'aayush'), ('TERM', 'xterm-256color'), ('GNOME_DESKTOP_SESSION_ID', 'this-is-deprecated'), ('ROS_LOCALHOST_ONLY', '0'), ('PATH', '/opt/ros/humble/bin:/usr/local/sbin:/usr/local/bin:/usr/sbin:/usr/bin:/sbin:/bin:/usr/games:/usr/local/games:/snap/bin:/snap/bin:/opt/mujoco/bin'), ('SESSION_MANAGER', 'local/aayush-Inspiron-15-3530:@/tmp/.ICE-unix/1526,unix/aayush-Inspiron-15-3530:/tmp/.ICE-unix/1526'), ('XDG_MENU_PREFIX', 'gnome-'), ('GNOME_TERMINAL_SCREEN', '/org/gnome/Terminal/screen/3aef74fe_2e12_4c3d_a376_35801467e145'), ('GNOME_SETUP_DISPLAY', ':1'), ('XDG_RUNTIME_DIR', '/run/user/1000'), ('DISPLAY', ':0'), ('LANG', 'en_US.UTF-8'), ('XDG_CURRENT_DESKTOP', 'ubuntu:GNOME'), ('XMODIFIERS', '@im=ibus'), ('XDG_SESSION_DESKTOP', 'ubuntu'), ('XAUTHORITY', '/run/user/1000/.mutter-Xwaylandauth.2VPZW3'), ('LS_COLORS', 'rs=0:di=01;34:ln=01;36:mh=00:pi=40;33:so=01;35:do=01;35:bd=40;33;01:cd=40;33;01:or=40;31;01:mi=00:su=37;41:sg=30;43:ca=30;41:tw=30;42:ow=34;42:st=37;44:ex=01;32:*.tar=01;31:*.tgz=01;31:*.arc=01;31:*.arj=01;31:*.taz=01;31:*.lha=01;31:*.lz4=01;31:*.lzh=01;31:*.lzma=01;31:*.tlz=01;31:*.txz=01;31:*.tzo=01;31:*.t7z=01;31:*.zip=01;31:*.z=01;31:*.dz=01;31:*.gz=01;31:*.lrz=01;31:*.lz=01;31:*.lzo=01;31:*.xz=01;31:*.zst=01;31:*.tzst=01;31:*.bz2=01;31:*.bz=01;31:*.tbz=01;31:*.tbz2=01;31:*.tz=01;31:*.deb=01;31:*.rpm=01;31:*.jar=01;31:*.war=01;31:*.ear=01;31:*.sar=01;31:*.rar=01;31:*.alz=01;31:*.ace=01;31:*.zoo=01;31:*.cpio=01;31:*.7z=01;31:*.rz=01;31:*.cab=01;31:*.wim=01;31:*.swm=01;31:*.dwm=01;31:*.esd=01;31:*.jpg=01;35:*.jpeg=01;35:*.mjpg=01;35:*.mjpeg=01;35:*.gif=01;35:*.bmp=01;35:*.pbm=01;35:*.pgm=01;35:*.ppm=01;35:*.tga=01;35:*.xbm=01;35:*.xpm=01;35:*.tif=01;35:*.tiff=01;35:*.png=01;35:*.svg=01;35:*.svgz=01;35:*.mng=01;35:*.pcx=01;35:*.mov=01;35:*.mpg=01;35:*.mpeg=01;35:*.m2v=01;35:*.mkv=01;35:*.webm=01;35:*.webp=01;35:*.ogm=01;35:*.mp4=01;35:*.m4v=01;35:*.mp4v=01;35:*.vob=01;35:*.qt=01;35:*.nuv=01;35:*.wmv=01;35:*.asf=01;35:*.rm=01;35:*.rmvb=01;35:*.flc=01;35:*.avi=01;35:*.fli=01;35:*.flv=01;35:*.gl=01;35:*.dl=01;35:*.xcf=01;35:*.xwd=01;35:*.yuv=01;35:*.cgm=01;35:*.emf=01;35:*.ogv=01;35:*.ogx=01;35:*.aac=00;36:*.au=00;36:*.flac=00;36:*.m4a=00;36:*.mid=00;36:*.midi=00;36:*.mka=00;36:*.mp3=00;36:*.mpc=00;36:*.ogg=00;36:*.ra=00;36:*.wav=00;36:*.oga=00;36:*.opus=00;36:*.spx=00;36:*.xspf=00;36:'), ('GNOME_TERMINAL_SERVICE', ':1.102'), ('SSH_AGENT_LAUNCHER', 'gnome-keyring'), ('SSH_AUTH_SOCK', '/run/user/1000/keyring/ssh'), ('AMENT_PREFIX_PATH', '/home/aayush/eYRC/Software/workspace/install/task_1a:/home/aayush/eYRC/Software/workspace/install/shape_interface:/opt/ros/humble'), ('SHELL', '/bin/bash'), ('QT_ACCESSIBILITY', '1'), ('GDMSESSION', 'ubuntu'), ('LESSCLOSE', '/usr/bin/lesspipe %s %s'), ('QT_IM_MODULE', 'ibus'), ('PWD', '/home/aayush/eYRC/Software/workspace/build/hb_description'), ('LC_ALL', 'en_US.UTF-8'), ('XDG_CONFIG_DIRS', '/etc/xdg/xdg-ubuntu:/etc/xdg'), ('XDG_DATA_DIRS', '/usr/share/ubuntu:/usr/local/share/:/usr/share/:/var/lib/snapd/desktop'), ('PYTHONPATH', '/home/aayush/eYRC/Software/workspace/install/task_1a/local/lib/python3.10/dist-packages:/home/aayush/eYRC/Software/workspace/install/shape_interface/local/lib/python3.10/dist-packages:/opt/ros/humble/lib/python3.10/site-packages:/opt/ros/humble/local/lib/python3.10/dist-packages'), ('COLCON', '1'), ('VTE_VERSION', '6800'), ('CMAKE_PREFIX_PATH', '/home/aayush/eYRC/Software/workspace/install/task_1a:/home/aayush/eYRC/Software/workspace/install/shape_interface:/opt/ros/humble')]), 'shell': False}
[0.669694] (hb_description) StdoutLine: {'line': b'-- Install configuration: ""\n'}
[0.669989] (hb_description) StdoutLine: {'line': b'-- Up-to-date: /home/aayush/eYRC/Software/workspace/install/hb_description/lib/hb_description/task1a_bridge\n'}
[0.670134] (hb_description) StdoutLine: {'line': b'-- Up-to-date: /home/aayush/eYRC/Software/workspace/install/hb_description/lib/hb_description/task1a_camera\n'}
[0.670204] (hb_description) StdoutLine: {'line': b'-- Up-to-date: /home/aayush/eYRC/Software/workspace/install/hb_description/lib/hb_description/task1c_bridge\n'}
[0.670268] (hb_description) StdoutLine: {'line': b'-- Up-to-date: /home/aayush/eYRC/Software/workspace/install/hb_description/lib/hb_description/task1c_camera\n'}
[0.670329] (hb_description) StdoutLine: {'line': b'-- Up-to-date: /home/aayush/eYRC/Software/workspace/install/hb_description/lib/hb_description/camera_stream\n'}
[0.670390] (hb_description) StdoutLine: {'line': b'-- Up-to-date: /home/aayush/eYRC/Software/workspace/install/hb_description/lib\n'}
[0.670450] (hb_description) StdoutLine: {'line': b'-- Up-to-date: /home/aayush/eYRC/Software/workspace/install/hb_description/lib/libhb_source__rosidl_typesupport_introspection_cpp.so\n'}
[0.670519] (hb_description) StdoutLine: {'line': b'-- Up-to-date: /home/aayush/eYRC/Software/workspace/install/hb_description/lib/libhb_source__rosidl_generator_c.so\n'}
[0.670581] (hb_description) StdoutLine: {'line': b'-- Up-to-date: /home/aayush/eYRC/Software/workspace/install/hb_description/lib/libhb_source__rosidl_typesupport_introspection_c.so\n'}
[0.670641] (hb_description) StdoutLine: {'line': b'-- Up-to-date: /home/aayush/eYRC/Software/workspace/install/hb_description/lib/libhb_source__rosidl_typesupport_fastrtps_cpp.so\n'}
[0.670701] (hb_description) StdoutLine: {'line': b'-- Up-to-date: /home/aayush/eYRC/Software/workspace/install/hb_description/lib/libhb_source__rosidl_typesupport_c.so\n'}
[0.670761] (hb_description) StdoutLine: {'line': b'-- Up-to-date: /home/aayush/eYRC/Software/workspace/install/hb_description/lib/libhb_source__rosidl_typesupport_cpp.so\n'}
[0.670821] (hb_description) StdoutLine: {'line': b'-- Up-to-date: /home/aayush/eYRC/Software/workspace/install/hb_description/lib/libhb_source__rosidl_typesupport_fastrtps_c.so\n'}
[0.670881] (hb_description) StdoutLine: {'line': b'-- Up-to-date: /home/aayush/eYRC/Software/workspace/install/hb_description/lib/libhb_source__rosidl_generator_py.so\n'}
[0.670947] (hb_description) StdoutLine: {'line': b'-- Up-to-date: /home/aayush/eYRC/Software/workspace/install/hb_description/lib/libmujoco.so\n'}
[0.671008] (hb_description) StdoutLine: {'line': b'-- Up-to-date: /home/aayush/eYRC/Software/workspace/install/hb_description/lib/libmujoco.so.3.4.0\n'}
[0.671079] (hb_description) StdoutLine: {'line': b'-- Up-to-date: /home/aayush/eYRC/Software/workspace/install/hb_description/share/hb_description/launch\n'}
[0.671140] (hb_description) StdoutLine: {'line': b'-- Up-to-date: /home/aayush/eYRC/Software/workspace/install/hb_description/share/hb_description/launch/task1a.launch.py\n'}
[0.671200] (hb_description) StdoutLine: {'line': b'-- Up-to-date: /home/aayush/eYRC/Software/workspace/install/hb_description/share/hb_description/launch/task1c.launch.py\n'}
[0.671260] (hb_description) StdoutLine: {'line': b'-- Up-to-date: /home/aayush/eYRC/Software/workspace/install/hb_description/share/hb_description/launch/task1b.launch.py\n'}
[0.671319] (hb_description) StdoutLine: {'line': b'-- Up-to-date: /home/aayush/eYRC/Software/workspace/install/hb_description/share/ament_index/resource_index/package_run_dependencies/hb_description\n'}
[0.671379] (hb_description) StdoutLine: {'line': b'-- Up-to-date: /home/aayush/eYRC/Software/workspace/install/hb_description/share/ament_index/resource_index/parent_prefix_path/hb_description\n'}
[0.671438] (hb_description) StdoutLine: {'line': b'-- Up-to-date: /home/aayush/eYRC/Software/workspace/install/hb_description/share/hb_description/environment/ament_prefix_path.sh\n'}
[0.671497] (hb_description) StdoutLine: {'line': b'-- Up-to-date: /home/aayush/eYRC/Software/workspace/install/hb_description/share/hb_description/environment/ament_prefix_path.dsv\n'}
[0.671556] (hb_description) StdoutLine: {'line': b'-- Up-to-date: /home/aayush/eYRC/Software/workspace/install/hb_description/share/hb_description/environment/path.sh\n'}
[0.671616] (hb_description) StdoutLine: {'line': b'-- Up-to-date: /home/aayush/eYRC/Software/workspace/install/hb_description/share/hb_description/environment/path.dsv\n'}
[0.671676] (hb_description) StdoutLine: {'line': b'-- Up-to-date: /home/aayush/eYRC/Software/workspace/install/hb_description/share/hb_description/local_setup.bash\n'}
[0.671735] (hb_description) StdoutLine: {'line': b'-- Up-to-date: /home/aayush/eYRC/Software/workspace/install/hb_description/share/hb_description/local_setup.sh\n'}
[0.671794] (hb_description) StdoutLine: {'line': b'-- Up-to-date: /home/aayush/eYRC/Software/workspace/install/hb_description/share/hb_description/local_setup.zsh\n'}
[0.671855] (hb_description) StdoutLine: {'line': b'-- Up-to-date: /home/aayush/eYRC/Software/workspace/install/hb_description/share/hb_description/local_setup.dsv\n'}
[0.671919] (hb_description) StdoutLine: {'line': b'-- Installing: /home/aayush/eYRC/Software/workspace/install/hb_description/share/hb_description/package.dsv\n'}
[0.673910] (hb_description) StdoutLine: {'line': b'-- Up-to-date: /home/aayush/eYRC/Software/workspace/install/hb_description/share/ament_index/resource_index/packages/hb_description\n'}
[0.674011] (hb_description) StdoutLine: {'line': b'-- Up-to-date: /home/aayush/eYRC/Software/workspace/install/hb_description/share/hb_description/cmake/hb_descriptionConfig.cmake\n'}
[0.674081] (hb_description) StdoutLine: {'line': b'-- Up-to-date: /home/aayush/eYRC/Software/workspace/install/hb_description/share/hb_description/cmake/hb_descriptionConfig-version.cmake\n'}
[0.674141] (hb_description) StdoutLine: {'line': b'-- Up-to-date: /home/aayush/eYRC/Software/workspace/install/hb_description/share/hb_description/package.xml\n'}
[0.675158] (hb_description) CommandEnded: {'returncode': 0}
[0.683041] (hb_description) JobEnded: {'identifier': 'hb_description', 'rc': 0}
[0.683465] (-) EventReactorShutdown: {}
